bmrb_id,str_path
bmse000001,/Users/alfred/Documents/GitHub/DDLS_project/code/get_bmrb_data/bmrb_nmrstar/bmse000001/bmse000001.str
bmse000002,/Users/alfred/Documents/GitHub/DDLS_project/code/get_bmrb_data/bmrb_nmrstar/bmse000002/bmse000002.str
bmse000003,/Users/alfred/Documents/GitHub/DDLS_project/code/get_bmrb_data/bmrb_nmrstar/bmse000003/bmse000003.str
bmse000004,/Users/alfred/Documents/GitHub/DDLS_project/code/get_bmrb_data/bmrb_nmrstar/bmse000004/bmse000004.str
bmse000005,/Users/alfred/Documents/GitHub/DDLS_project/code/get_bmrb_data/bmrb_nmrstar/bmse000005/bmse000005.str
bmse000006,/Users/alfred/Documents/GitHub/DDLS_project/code/get_bmrb_data/bmrb_nmrstar/bmse000006/bmse000006.str
bmse000007,/Users/alfred/Documents/GitHub/DDLS_project/code/get_bmrb_data/bmrb_nmrstar/bmse000007/bmse000007.str
bmse000008,/Users/alfred/Documents/GitHub/DDLS_project/code/get_bmrb_data/bmrb_nmrstar/bmse000008/bmse000008.str
bmse000010,/Users/alfred/Documents/GitHub/DDLS_project/code/get_bmrb_data/bmrb_nmrstar/bmse000010/bmse000010.str
bmse000011,/Users/alfred/Documents/GitHub/DDLS_project/code/get_bmrb_data/bmrb_nmrstar/bmse000011/bmse000011.str
bmse000012,/Users/alfred/Documents/GitHub/DDLS_project/code/get_bmrb_data/bmrb_nmrstar/bmse000012/bmse000012.str
bmse000013,/Users/alfred/Documents/GitHub/DDLS_project/code/get_bmrb_data/bmrb_nmrstar/bmse000013/bmse000013.str
bmse000015,/Users/alfred/Documents/GitHub/DDLS_project/code/get_bmrb_data/bmrb_nmrstar/bmse000015/bmse000015.str
bmse000016,/Users/alfred/Documents/GitHub/DDLS_project/code/get_bmrb_data/bmrb_nmrstar/bmse000016/bmse000016.str
bmse000017,/Users/alfred/Documents/GitHub/DDLS_project/code/get_bmrb_data/bmrb_nmrstar/bmse000017/bmse000017.str
bmse000018,/Users/alfred/Documents/GitHub/DDLS_project/code/get_bmrb_data/bmrb_nmrstar/bmse000018/bmse000018.str
bmse000019,/Users/alfred/Documents/GitHub/DDLS_project/code/get_bmrb_data/bmrb_nmrstar/bmse000019/bmse000019.str
bmse000020,/Users/alfred/Documents/GitHub/DDLS_project/code/get_bmrb_data/bmrb_nmrstar/bmse000020/bmse000020.str
bmse000022,/Users/alfred/Documents/GitHub/DDLS_project/code/get_bmrb_data/bmrb_nmrstar/bmse000022/bmse000022.str
bmse000023,/Users/alfred/Documents/GitHub/DDLS_project/code/get_bmrb_data/bmrb_nmrstar/bmse000023/bmse000023.str
bmse000025,/Users/alfred/Documents/GitHub/DDLS_project/code/get_bmrb_data/bmrb_nmrstar/bmse000025/bmse000025.str
bmse000026,/Users/alfred/Documents/GitHub/DDLS_project/code/get_bmrb_data/bmrb_nmrstar/bmse000026/bmse000026.str
bmse000027,/Users/alfred/Documents/GitHub/DDLS_project/code/get_bmrb_data/bmrb_nmrstar/bmse000027/bmse000027.str
bmse000028,/Users/alfred/Documents/GitHub/DDLS_project/code/get_bmrb_data/bmrb_nmrstar/bmse000028/bmse000028.str
bmse000029,/Users/alfred/Documents/GitHub/DDLS_project/code/get_bmrb_data/bmrb_nmrstar/bmse000029/bmse000029.str
bmse000030,/Users/alfred/Documents/GitHub/DDLS_project/code/get_bmrb_data/bmrb_nmrstar/bmse000030/bmse000030.str
bmse000031,/Users/alfred/Documents/GitHub/DDLS_project/code/get_bmrb_data/bmrb_nmrstar/bmse000031/bmse000031.str
bmse000032,/Users/alfred/Documents/GitHub/DDLS_project/code/get_bmrb_data/bmrb_nmrstar/bmse000032/bmse000032.str
bmse000033,/Users/alfred/Documents/GitHub/DDLS_project/code/get_bmrb_data/bmrb_nmrstar/bmse000033/bmse000033.str
bmse000034,/Users/alfred/Documents/GitHub/DDLS_project/code/get_bmrb_data/bmrb_nmrstar/bmse000034/bmse000034.str
bmse000035,/Users/alfred/Documents/GitHub/DDLS_project/code/get_bmrb_data/bmrb_nmrstar/bmse000035/bmse000035.str
bmse000036,/Users/alfred/Documents/GitHub/DDLS_project/code/get_bmrb_data/bmrb_nmrstar/bmse000036/bmse000036.str
bmse000037,/Users/alfred/Documents/GitHub/DDLS_project/code/get_bmrb_data/bmrb_nmrstar/bmse000037/bmse000037.str
bmse000038,/Users/alfred/Documents/GitHub/DDLS_project/code/get_bmrb_data/bmrb_nmrstar/bmse000038/bmse000038.str
bmse000039,/Users/alfred/Documents/GitHub/DDLS_project/code/get_bmrb_data/bmrb_nmrstar/bmse000039/bmse000039.str
bmse000040,/Users/alfred/Documents/GitHub/DDLS_project/code/get_bmrb_data/bmrb_nmrstar/bmse000040/bmse000040.str
bmse000041,/Users/alfred/Documents/GitHub/DDLS_project/code/get_bmrb_data/bmrb_nmrstar/bmse000041/bmse000041.str
bmse000042,/Users/alfred/Documents/GitHub/DDLS_project/code/get_bmrb_data/bmrb_nmrstar/bmse000042/bmse000042.str
bmse000043,/Users/alfred/Documents/GitHub/DDLS_project/code/get_bmrb_data/bmrb_nmrstar/bmse000043/bmse000043.str
bmse000044,/Users/alfred/Documents/GitHub/DDLS_project/code/get_bmrb_data/bmrb_nmrstar/bmse000044/bmse000044.str
bmse000045,/Users/alfred/Documents/GitHub/DDLS_project/code/get_bmrb_data/bmrb_nmrstar/bmse000045/bmse000045.str
bmse000046,/Users/alfred/Documents/GitHub/DDLS_project/code/get_bmrb_data/bmrb_nmrstar/bmse000046/bmse000046.str
bmse000047,/Users/alfred/Documents/GitHub/DDLS_project/code/get_bmrb_data/bmrb_nmrstar/bmse000047/bmse000047.str
bmse000048,/Users/alfred/Documents/GitHub/DDLS_project/code/get_bmrb_data/bmrb_nmrstar/bmse000048/bmse000048.str
bmse000049,/Users/alfred/Documents/GitHub/DDLS_project/code/get_bmrb_data/bmrb_nmrstar/bmse000049/bmse000049.str
bmse000050,/Users/alfred/Documents/GitHub/DDLS_project/code/get_bmrb_data/bmrb_nmrstar/bmse000050/bmse000050.str
bmse000051,/Users/alfred/Documents/GitHub/DDLS_project/code/get_bmrb_data/bmrb_nmrstar/bmse000051/bmse000051.str
bmse000052,/Users/alfred/Documents/GitHub/DDLS_project/code/get_bmrb_data/bmrb_nmrstar/bmse000052/bmse000052.str
bmse000053,/Users/alfred/Documents/GitHub/DDLS_project/code/get_bmrb_data/bmrb_nmrstar/bmse000053/bmse000053.str
bmse000054,/Users/alfred/Documents/GitHub/DDLS_project/code/get_bmrb_data/bmrb_nmrstar/bmse000054/bmse000054.str
bmse000055,/Users/alfred/Documents/GitHub/DDLS_project/code/get_bmrb_data/bmrb_nmrstar/bmse000055/bmse000055.str
bmse000056,/Users/alfred/Documents/GitHub/DDLS_project/code/get_bmrb_data/bmrb_nmrstar/bmse000056/bmse000056.str
bmse000057,/Users/alfred/Documents/GitHub/DDLS_project/code/get_bmrb_data/bmrb_nmrstar/bmse000057/bmse000057.str
bmse000058,/Users/alfred/Documents/GitHub/DDLS_project/code/get_bmrb_data/bmrb_nmrstar/bmse000058/bmse000058.str
bmse000059,/Users/alfred/Documents/GitHub/DDLS_project/code/get_bmrb_data/bmrb_nmrstar/bmse000059/bmse000059.str
bmse000060,/Users/alfred/Documents/GitHub/DDLS_project/code/get_bmrb_data/bmrb_nmrstar/bmse000060/bmse000060.str
bmse000061,/Users/alfred/Documents/GitHub/DDLS_project/code/get_bmrb_data/bmrb_nmrstar/bmse000061/bmse000061.str
bmse000062,/Users/alfred/Documents/GitHub/DDLS_project/code/get_bmrb_data/bmrb_nmrstar/bmse000062/bmse000062.str
bmse000063,/Users/alfred/Documents/GitHub/DDLS_project/code/get_bmrb_data/bmrb_nmrstar/bmse000063/bmse000063.str
bmse000064,/Users/alfred/Documents/GitHub/DDLS_project/code/get_bmrb_data/bmrb_nmrstar/bmse000064/bmse000064.str
bmse000065,/Users/alfred/Documents/GitHub/DDLS_project/code/get_bmrb_data/bmrb_nmrstar/bmse000065/bmse000065.str
bmse000066,/Users/alfred/Documents/GitHub/DDLS_project/code/get_bmrb_data/bmrb_nmrstar/bmse000066/bmse000066.str
bmse000067,/Users/alfred/Documents/GitHub/DDLS_project/code/get_bmrb_data/bmrb_nmrstar/bmse000067/bmse000067.str
bmse000068,/Users/alfred/Documents/GitHub/DDLS_project/code/get_bmrb_data/bmrb_nmrstar/bmse000068/bmse000068.str
bmse000069,/Users/alfred/Documents/GitHub/DDLS_project/code/get_bmrb_data/bmrb_nmrstar/bmse000069/bmse000069.str
bmse000070,/Users/alfred/Documents/GitHub/DDLS_project/code/get_bmrb_data/bmrb_nmrstar/bmse000070/bmse000070.str
bmse000071,/Users/alfred/Documents/GitHub/DDLS_project/code/get_bmrb_data/bmrb_nmrstar/bmse000071/bmse000071.str
bmse000072,/Users/alfred/Documents/GitHub/DDLS_project/code/get_bmrb_data/bmrb_nmrstar/bmse000072/bmse000072.str
bmse000073,/Users/alfred/Documents/GitHub/DDLS_project/code/get_bmrb_data/bmrb_nmrstar/bmse000073/bmse000073.str
bmse000074,/Users/alfred/Documents/GitHub/DDLS_project/code/get_bmrb_data/bmrb_nmrstar/bmse000074/bmse000074.str
bmse000075,/Users/alfred/Documents/GitHub/DDLS_project/code/get_bmrb_data/bmrb_nmrstar/bmse000075/bmse000075.str
bmse000076,/Users/alfred/Documents/GitHub/DDLS_project/code/get_bmrb_data/bmrb_nmrstar/bmse000076/bmse000076.str
bmse000077,/Users/alfred/Documents/GitHub/DDLS_project/code/get_bmrb_data/bmrb_nmrstar/bmse000077/bmse000077.str
bmse000078,/Users/alfred/Documents/GitHub/DDLS_project/code/get_bmrb_data/bmrb_nmrstar/bmse000078/bmse000078.str
bmse000079,/Users/alfred/Documents/GitHub/DDLS_project/code/get_bmrb_data/bmrb_nmrstar/bmse000079/bmse000079.str
bmse000080,/Users/alfred/Documents/GitHub/DDLS_project/code/get_bmrb_data/bmrb_nmrstar/bmse000080/bmse000080.str
bmse000083,/Users/alfred/Documents/GitHub/DDLS_project/code/get_bmrb_data/bmrb_nmrstar/bmse000083/bmse000083.str
bmse000084,/Users/alfred/Documents/GitHub/DDLS_project/code/get_bmrb_data/bmrb_nmrstar/bmse000084/bmse000084.str
bmse000086,/Users/alfred/Documents/GitHub/DDLS_project/code/get_bmrb_data/bmrb_nmrstar/bmse000086/bmse000086.str
bmse000087,/Users/alfred/Documents/GitHub/DDLS_project/code/get_bmrb_data/bmrb_nmrstar/bmse000087/bmse000087.str
bmse000089,/Users/alfred/Documents/GitHub/DDLS_project/code/get_bmrb_data/bmrb_nmrstar/bmse000089/bmse000089.str
bmse000090,/Users/alfred/Documents/GitHub/DDLS_project/code/get_bmrb_data/bmrb_nmrstar/bmse000090/bmse000090.str
bmse000091,/Users/alfred/Documents/GitHub/DDLS_project/code/get_bmrb_data/bmrb_nmrstar/bmse000091/bmse000091.str
bmse000092,/Users/alfred/Documents/GitHub/DDLS_project/code/get_bmrb_data/bmrb_nmrstar/bmse000092/bmse000092.str
bmse000093,/Users/alfred/Documents/GitHub/DDLS_project/code/get_bmrb_data/bmrb_nmrstar/bmse000093/bmse000093.str
bmse000094,/Users/alfred/Documents/GitHub/DDLS_project/code/get_bmrb_data/bmrb_nmrstar/bmse000094/bmse000094.str
bmse000095,/Users/alfred/Documents/GitHub/DDLS_project/code/get_bmrb_data/bmrb_nmrstar/bmse000095/bmse000095.str
bmse000096,/Users/alfred/Documents/GitHub/DDLS_project/code/get_bmrb_data/bmrb_nmrstar/bmse000096/bmse000096.str
bmse000097,/Users/alfred/Documents/GitHub/DDLS_project/code/get_bmrb_data/bmrb_nmrstar/bmse000097/bmse000097.str
bmse000098,/Users/alfred/Documents/GitHub/DDLS_project/code/get_bmrb_data/bmrb_nmrstar/bmse000098/bmse000098.str
bmse000099,/Users/alfred/Documents/GitHub/DDLS_project/code/get_bmrb_data/bmrb_nmrstar/bmse000099/bmse000099.str
bmse000100,/Users/alfred/Documents/GitHub/DDLS_project/code/get_bmrb_data/bmrb_nmrstar/bmse000100/bmse000100.str
bmse000101,/Users/alfred/Documents/GitHub/DDLS_project/code/get_bmrb_data/bmrb_nmrstar/bmse000101/bmse000101.str
bmse000102,/Users/alfred/Documents/GitHub/DDLS_project/code/get_bmrb_data/bmrb_nmrstar/bmse000102/bmse000102.str
bmse000103,/Users/alfred/Documents/GitHub/DDLS_project/code/get_bmrb_data/bmrb_nmrstar/bmse000103/bmse000103.str
bmse000104,/Users/alfred/Documents/GitHub/DDLS_project/code/get_bmrb_data/bmrb_nmrstar/bmse000104/bmse000104.str
bmse000105,/Users/alfred/Documents/GitHub/DDLS_project/code/get_bmrb_data/bmrb_nmrstar/bmse000105/bmse000105.str
bmse000106,/Users/alfred/Documents/GitHub/DDLS_project/code/get_bmrb_data/bmrb_nmrstar/bmse000106/bmse000106.str
bmse000107,/Users/alfred/Documents/GitHub/DDLS_project/code/get_bmrb_data/bmrb_nmrstar/bmse000107/bmse000107.str
bmse000108,/Users/alfred/Documents/GitHub/DDLS_project/code/get_bmrb_data/bmrb_nmrstar/bmse000108/bmse000108.str
bmse000109,/Users/alfred/Documents/GitHub/DDLS_project/code/get_bmrb_data/bmrb_nmrstar/bmse000109/bmse000109.str
bmse000110,/Users/alfred/Documents/GitHub/DDLS_project/code/get_bmrb_data/bmrb_nmrstar/bmse000110/bmse000110.str
bmse000111,/Users/alfred/Documents/GitHub/DDLS_project/code/get_bmrb_data/bmrb_nmrstar/bmse000111/bmse000111.str
bmse000112,/Users/alfred/Documents/GitHub/DDLS_project/code/get_bmrb_data/bmrb_nmrstar/bmse000112/bmse000112.str
bmse000113,/Users/alfred/Documents/GitHub/DDLS_project/code/get_bmrb_data/bmrb_nmrstar/bmse000113/bmse000113.str
bmse000114,/Users/alfred/Documents/GitHub/DDLS_project/code/get_bmrb_data/bmrb_nmrstar/bmse000114/bmse000114.str
bmse000115,/Users/alfred/Documents/GitHub/DDLS_project/code/get_bmrb_data/bmrb_nmrstar/bmse000115/bmse000115.str
bmse000116,/Users/alfred/Documents/GitHub/DDLS_project/code/get_bmrb_data/bmrb_nmrstar/bmse000116/bmse000116.str
bmse000117,/Users/alfred/Documents/GitHub/DDLS_project/code/get_bmrb_data/bmrb_nmrstar/bmse000117/bmse000117.str
bmse000118,/Users/alfred/Documents/GitHub/DDLS_project/code/get_bmrb_data/bmrb_nmrstar/bmse000118/bmse000118.str
bmse000119,/Users/alfred/Documents/GitHub/DDLS_project/code/get_bmrb_data/bmrb_nmrstar/bmse000119/bmse000119.str
bmse000120,/Users/alfred/Documents/GitHub/DDLS_project/code/get_bmrb_data/bmrb_nmrstar/bmse000120/bmse000120.str
bmse000121,/Users/alfred/Documents/GitHub/DDLS_project/code/get_bmrb_data/bmrb_nmrstar/bmse000121/bmse000121.str
bmse000123,/Users/alfred/Documents/GitHub/DDLS_project/code/get_bmrb_data/bmrb_nmrstar/bmse000123/bmse000123.str
bmse000124,/Users/alfred/Documents/GitHub/DDLS_project/code/get_bmrb_data/bmrb_nmrstar/bmse000124/bmse000124.str
bmse000125,/Users/alfred/Documents/GitHub/DDLS_project/code/get_bmrb_data/bmrb_nmrstar/bmse000125/bmse000125.str
bmse000126,/Users/alfred/Documents/GitHub/DDLS_project/code/get_bmrb_data/bmrb_nmrstar/bmse000126/bmse000126.str
bmse000127,/Users/alfred/Documents/GitHub/DDLS_project/code/get_bmrb_data/bmrb_nmrstar/bmse000127/bmse000127.str
bmse000128,/Users/alfred/Documents/GitHub/DDLS_project/code/get_bmrb_data/bmrb_nmrstar/bmse000128/bmse000128.str
bmse000129,/Users/alfred/Documents/GitHub/DDLS_project/code/get_bmrb_data/bmrb_nmrstar/bmse000129/bmse000129.str
bmse000130,/Users/alfred/Documents/GitHub/DDLS_project/code/get_bmrb_data/bmrb_nmrstar/bmse000130/bmse000130.str
bmse000131,/Users/alfred/Documents/GitHub/DDLS_project/code/get_bmrb_data/bmrb_nmrstar/bmse000131/bmse000131.str
bmse000132,/Users/alfred/Documents/GitHub/DDLS_project/code/get_bmrb_data/bmrb_nmrstar/bmse000132/bmse000132.str
bmse000133,/Users/alfred/Documents/GitHub/DDLS_project/code/get_bmrb_data/bmrb_nmrstar/bmse000133/bmse000133.str
bmse000134,/Users/alfred/Documents/GitHub/DDLS_project/code/get_bmrb_data/bmrb_nmrstar/bmse000134/bmse000134.str
bmse000135,/Users/alfred/Documents/GitHub/DDLS_project/code/get_bmrb_data/bmrb_nmrstar/bmse000135/bmse000135.str
bmse000137,/Users/alfred/Documents/GitHub/DDLS_project/code/get_bmrb_data/bmrb_nmrstar/bmse000137/bmse000137.str
bmse000138,/Users/alfred/Documents/GitHub/DDLS_project/code/get_bmrb_data/bmrb_nmrstar/bmse000138/bmse000138.str
bmse000139,/Users/alfred/Documents/GitHub/DDLS_project/code/get_bmrb_data/bmrb_nmrstar/bmse000139/bmse000139.str
bmse000140,/Users/alfred/Documents/GitHub/DDLS_project/code/get_bmrb_data/bmrb_nmrstar/bmse000140/bmse000140.str
bmse000141,/Users/alfred/Documents/GitHub/DDLS_project/code/get_bmrb_data/bmrb_nmrstar/bmse000141/bmse000141.str
bmse000142,/Users/alfred/Documents/GitHub/DDLS_project/code/get_bmrb_data/bmrb_nmrstar/bmse000142/bmse000142.str
bmse000143,/Users/alfred/Documents/GitHub/DDLS_project/code/get_bmrb_data/bmrb_nmrstar/bmse000143/bmse000143.str
bmse000144,/Users/alfred/Documents/GitHub/DDLS_project/code/get_bmrb_data/bmrb_nmrstar/bmse000144/bmse000144.str
bmse000145,/Users/alfred/Documents/GitHub/DDLS_project/code/get_bmrb_data/bmrb_nmrstar/bmse000145/bmse000145.str
bmse000146,/Users/alfred/Documents/GitHub/DDLS_project/code/get_bmrb_data/bmrb_nmrstar/bmse000146/bmse000146.str
bmse000147,/Users/alfred/Documents/GitHub/DDLS_project/code/get_bmrb_data/bmrb_nmrstar/bmse000147/bmse000147.str
bmse000148,/Users/alfred/Documents/GitHub/DDLS_project/code/get_bmrb_data/bmrb_nmrstar/bmse000148/bmse000148.str
bmse000150,/Users/alfred/Documents/GitHub/DDLS_project/code/get_bmrb_data/bmrb_nmrstar/bmse000150/bmse000150.str
bmse000151,/Users/alfred/Documents/GitHub/DDLS_project/code/get_bmrb_data/bmrb_nmrstar/bmse000151/bmse000151.str
bmse000152,/Users/alfred/Documents/GitHub/DDLS_project/code/get_bmrb_data/bmrb_nmrstar/bmse000152/bmse000152.str
bmse000153,/Users/alfred/Documents/GitHub/DDLS_project/code/get_bmrb_data/bmrb_nmrstar/bmse000153/bmse000153.str
bmse000154,/Users/alfred/Documents/GitHub/DDLS_project/code/get_bmrb_data/bmrb_nmrstar/bmse000154/bmse000154.str
bmse000155,/Users/alfred/Documents/GitHub/DDLS_project/code/get_bmrb_data/bmrb_nmrstar/bmse000155/bmse000155.str
bmse000156,/Users/alfred/Documents/GitHub/DDLS_project/code/get_bmrb_data/bmrb_nmrstar/bmse000156/bmse000156.str
bmse000157,/Users/alfred/Documents/GitHub/DDLS_project/code/get_bmrb_data/bmrb_nmrstar/bmse000157/bmse000157.str
bmse000158,/Users/alfred/Documents/GitHub/DDLS_project/code/get_bmrb_data/bmrb_nmrstar/bmse000158/bmse000158.str
bmse000159,/Users/alfred/Documents/GitHub/DDLS_project/code/get_bmrb_data/bmrb_nmrstar/bmse000159/bmse000159.str
bmse000160,/Users/alfred/Documents/GitHub/DDLS_project/code/get_bmrb_data/bmrb_nmrstar/bmse000160/bmse000160.str
bmse000161,/Users/alfred/Documents/GitHub/DDLS_project/code/get_bmrb_data/bmrb_nmrstar/bmse000161/bmse000161.str
bmse000162,/Users/alfred/Documents/GitHub/DDLS_project/code/get_bmrb_data/bmrb_nmrstar/bmse000162/bmse000162.str
bmse000163,/Users/alfred/Documents/GitHub/DDLS_project/code/get_bmrb_data/bmrb_nmrstar/bmse000163/bmse000163.str
bmse000166,/Users/alfred/Documents/GitHub/DDLS_project/code/get_bmrb_data/bmrb_nmrstar/bmse000166/bmse000166.str
bmse000167,/Users/alfred/Documents/GitHub/DDLS_project/code/get_bmrb_data/bmrb_nmrstar/bmse000167/bmse000167.str
bmse000168,/Users/alfred/Documents/GitHub/DDLS_project/code/get_bmrb_data/bmrb_nmrstar/bmse000168/bmse000168.str
bmse000169,/Users/alfred/Documents/GitHub/DDLS_project/code/get_bmrb_data/bmrb_nmrstar/bmse000169/bmse000169.str
bmse000170,/Users/alfred/Documents/GitHub/DDLS_project/code/get_bmrb_data/bmrb_nmrstar/bmse000170/bmse000170.str
bmse000171,/Users/alfred/Documents/GitHub/DDLS_project/code/get_bmrb_data/bmrb_nmrstar/bmse000171/bmse000171.str
bmse000172,/Users/alfred/Documents/GitHub/DDLS_project/code/get_bmrb_data/bmrb_nmrstar/bmse000172/bmse000172.str
bmse000173,/Users/alfred/Documents/GitHub/DDLS_project/code/get_bmrb_data/bmrb_nmrstar/bmse000173/bmse000173.str
bmse000174,/Users/alfred/Documents/GitHub/DDLS_project/code/get_bmrb_data/bmrb_nmrstar/bmse000174/bmse000174.str
bmse000175,/Users/alfred/Documents/GitHub/DDLS_project/code/get_bmrb_data/bmrb_nmrstar/bmse000175/bmse000175.str
bmse000176,/Users/alfred/Documents/GitHub/DDLS_project/code/get_bmrb_data/bmrb_nmrstar/bmse000176/bmse000176.str
bmse000177,/Users/alfred/Documents/GitHub/DDLS_project/code/get_bmrb_data/bmrb_nmrstar/bmse000177/bmse000177.str
bmse000178,/Users/alfred/Documents/GitHub/DDLS_project/code/get_bmrb_data/bmrb_nmrstar/bmse000178/bmse000178.str
bmse000179,/Users/alfred/Documents/GitHub/DDLS_project/code/get_bmrb_data/bmrb_nmrstar/bmse000179/bmse000179.str
bmse000180,/Users/alfred/Documents/GitHub/DDLS_project/code/get_bmrb_data/bmrb_nmrstar/bmse000180/bmse000180.str
bmse000182,/Users/alfred/Documents/GitHub/DDLS_project/code/get_bmrb_data/bmrb_nmrstar/bmse000182/bmse000182.str
bmse000183,/Users/alfred/Documents/GitHub/DDLS_project/code/get_bmrb_data/bmrb_nmrstar/bmse000183/bmse000183.str
bmse000184,/Users/alfred/Documents/GitHub/DDLS_project/code/get_bmrb_data/bmrb_nmrstar/bmse000184/bmse000184.str
bmse000185,/Users/alfred/Documents/GitHub/DDLS_project/code/get_bmrb_data/bmrb_nmrstar/bmse000185/bmse000185.str
bmse000187,/Users/alfred/Documents/GitHub/DDLS_project/code/get_bmrb_data/bmrb_nmrstar/bmse000187/bmse000187.str
bmse000188,/Users/alfred/Documents/GitHub/DDLS_project/code/get_bmrb_data/bmrb_nmrstar/bmse000188/bmse000188.str
bmse000189,/Users/alfred/Documents/GitHub/DDLS_project/code/get_bmrb_data/bmrb_nmrstar/bmse000189/bmse000189.str
bmse000190,/Users/alfred/Documents/GitHub/DDLS_project/code/get_bmrb_data/bmrb_nmrstar/bmse000190/bmse000190.str
bmse000191,/Users/alfred/Documents/GitHub/DDLS_project/code/get_bmrb_data/bmrb_nmrstar/bmse000191/bmse000191.str
bmse000193,/Users/alfred/Documents/GitHub/DDLS_project/code/get_bmrb_data/bmrb_nmrstar/bmse000193/bmse000193.str
bmse000194,/Users/alfred/Documents/GitHub/DDLS_project/code/get_bmrb_data/bmrb_nmrstar/bmse000194/bmse000194.str
bmse000195,/Users/alfred/Documents/GitHub/DDLS_project/code/get_bmrb_data/bmrb_nmrstar/bmse000195/bmse000195.str
bmse000196,/Users/alfred/Documents/GitHub/DDLS_project/code/get_bmrb_data/bmrb_nmrstar/bmse000196/bmse000196.str
bmse000198,/Users/alfred/Documents/GitHub/DDLS_project/code/get_bmrb_data/bmrb_nmrstar/bmse000198/bmse000198.str
bmse000199,/Users/alfred/Documents/GitHub/DDLS_project/code/get_bmrb_data/bmrb_nmrstar/bmse000199/bmse000199.str
bmse000200,/Users/alfred/Documents/GitHub/DDLS_project/code/get_bmrb_data/bmrb_nmrstar/bmse000200/bmse000200.str
bmse000201,/Users/alfred/Documents/GitHub/DDLS_project/code/get_bmrb_data/bmrb_nmrstar/bmse000201/bmse000201.str
bmse000202,/Users/alfred/Documents/GitHub/DDLS_project/code/get_bmrb_data/bmrb_nmrstar/bmse000202/bmse000202.str
bmse000203,/Users/alfred/Documents/GitHub/DDLS_project/code/get_bmrb_data/bmrb_nmrstar/bmse000203/bmse000203.str
bmse000204,/Users/alfred/Documents/GitHub/DDLS_project/code/get_bmrb_data/bmrb_nmrstar/bmse000204/bmse000204.str
bmse000205,/Users/alfred/Documents/GitHub/DDLS_project/code/get_bmrb_data/bmrb_nmrstar/bmse000205/bmse000205.str
bmse000206,/Users/alfred/Documents/GitHub/DDLS_project/code/get_bmrb_data/bmrb_nmrstar/bmse000206/bmse000206.str
bmse000207,/Users/alfred/Documents/GitHub/DDLS_project/code/get_bmrb_data/bmrb_nmrstar/bmse000207/bmse000207.str
bmse000208,/Users/alfred/Documents/GitHub/DDLS_project/code/get_bmrb_data/bmrb_nmrstar/bmse000208/bmse000208.str
bmse000209,/Users/alfred/Documents/GitHub/DDLS_project/code/get_bmrb_data/bmrb_nmrstar/bmse000209/bmse000209.str
bmse000210,/Users/alfred/Documents/GitHub/DDLS_project/code/get_bmrb_data/bmrb_nmrstar/bmse000210/bmse000210.str
bmse000211,/Users/alfred/Documents/GitHub/DDLS_project/code/get_bmrb_data/bmrb_nmrstar/bmse000211/bmse000211.str
bmse000212,/Users/alfred/Documents/GitHub/DDLS_project/code/get_bmrb_data/bmrb_nmrstar/bmse000212/bmse000212.str
bmse000213,/Users/alfred/Documents/GitHub/DDLS_project/code/get_bmrb_data/bmrb_nmrstar/bmse000213/bmse000213.str
bmse000216,/Users/alfred/Documents/GitHub/DDLS_project/code/get_bmrb_data/bmrb_nmrstar/bmse000216/bmse000216.str
bmse000219,/Users/alfred/Documents/GitHub/DDLS_project/code/get_bmrb_data/bmrb_nmrstar/bmse000219/bmse000219.str
bmse000220,/Users/alfred/Documents/GitHub/DDLS_project/code/get_bmrb_data/bmrb_nmrstar/bmse000220/bmse000220.str
bmse000221,/Users/alfred/Documents/GitHub/DDLS_project/code/get_bmrb_data/bmrb_nmrstar/bmse000221/bmse000221.str
bmse000222,/Users/alfred/Documents/GitHub/DDLS_project/code/get_bmrb_data/bmrb_nmrstar/bmse000222/bmse000222.str
bmse000223,/Users/alfred/Documents/GitHub/DDLS_project/code/get_bmrb_data/bmrb_nmrstar/bmse000223/bmse000223.str
bmse000224,/Users/alfred/Documents/GitHub/DDLS_project/code/get_bmrb_data/bmrb_nmrstar/bmse000224/bmse000224.str
bmse000225,/Users/alfred/Documents/GitHub/DDLS_project/code/get_bmrb_data/bmrb_nmrstar/bmse000225/bmse000225.str
bmse000226,/Users/alfred/Documents/GitHub/DDLS_project/code/get_bmrb_data/bmrb_nmrstar/bmse000226/bmse000226.str
bmse000227,/Users/alfred/Documents/GitHub/DDLS_project/code/get_bmrb_data/bmrb_nmrstar/bmse000227/bmse000227.str
bmse000228,/Users/alfred/Documents/GitHub/DDLS_project/code/get_bmrb_data/bmrb_nmrstar/bmse000228/bmse000228.str
bmse000230,/Users/alfred/Documents/GitHub/DDLS_project/code/get_bmrb_data/bmrb_nmrstar/bmse000230/bmse000230.str
bmse000231,/Users/alfred/Documents/GitHub/DDLS_project/code/get_bmrb_data/bmrb_nmrstar/bmse000231/bmse000231.str
bmse000232,/Users/alfred/Documents/GitHub/DDLS_project/code/get_bmrb_data/bmrb_nmrstar/bmse000232/bmse000232.str
bmse000233,/Users/alfred/Documents/GitHub/DDLS_project/code/get_bmrb_data/bmrb_nmrstar/bmse000233/bmse000233.str
bmse000235,/Users/alfred/Documents/GitHub/DDLS_project/code/get_bmrb_data/bmrb_nmrstar/bmse000235/bmse000235.str
bmse000236,/Users/alfred/Documents/GitHub/DDLS_project/code/get_bmrb_data/bmrb_nmrstar/bmse000236/bmse000236.str
bmse000237,/Users/alfred/Documents/GitHub/DDLS_project/code/get_bmrb_data/bmrb_nmrstar/bmse000237/bmse000237.str
bmse000238,/Users/alfred/Documents/GitHub/DDLS_project/code/get_bmrb_data/bmrb_nmrstar/bmse000238/bmse000238.str
bmse000239,/Users/alfred/Documents/GitHub/DDLS_project/code/get_bmrb_data/bmrb_nmrstar/bmse000239/bmse000239.str
bmse000240,/Users/alfred/Documents/GitHub/DDLS_project/code/get_bmrb_data/bmrb_nmrstar/bmse000240/bmse000240.str
bmse000241,/Users/alfred/Documents/GitHub/DDLS_project/code/get_bmrb_data/bmrb_nmrstar/bmse000241/bmse000241.str
bmse000242,/Users/alfred/Documents/GitHub/DDLS_project/code/get_bmrb_data/bmrb_nmrstar/bmse000242/bmse000242.str
bmse000243,/Users/alfred/Documents/GitHub/DDLS_project/code/get_bmrb_data/bmrb_nmrstar/bmse000243/bmse000243.str
bmse000244,/Users/alfred/Documents/GitHub/DDLS_project/code/get_bmrb_data/bmrb_nmrstar/bmse000244/bmse000244.str
bmse000245,/Users/alfred/Documents/GitHub/DDLS_project/code/get_bmrb_data/bmrb_nmrstar/bmse000245/bmse000245.str
bmse000246,/Users/alfred/Documents/GitHub/DDLS_project/code/get_bmrb_data/bmrb_nmrstar/bmse000246/bmse000246.str
bmse000247,/Users/alfred/Documents/GitHub/DDLS_project/code/get_bmrb_data/bmrb_nmrstar/bmse000247/bmse000247.str
bmse000248,/Users/alfred/Documents/GitHub/DDLS_project/code/get_bmrb_data/bmrb_nmrstar/bmse000248/bmse000248.str
bmse000249,/Users/alfred/Documents/GitHub/DDLS_project/code/get_bmrb_data/bmrb_nmrstar/bmse000249/bmse000249.str
bmse000250,/Users/alfred/Documents/GitHub/DDLS_project/code/get_bmrb_data/bmrb_nmrstar/bmse000250/bmse000250.str
bmse000252,/Users/alfred/Documents/GitHub/DDLS_project/code/get_bmrb_data/bmrb_nmrstar/bmse000252/bmse000252.str
bmse000253,/Users/alfred/Documents/GitHub/DDLS_project/code/get_bmrb_data/bmrb_nmrstar/bmse000253/bmse000253.str
bmse000254,/Users/alfred/Documents/GitHub/DDLS_project/code/get_bmrb_data/bmrb_nmrstar/bmse000254/bmse000254.str
bmse000255,/Users/alfred/Documents/GitHub/DDLS_project/code/get_bmrb_data/bmrb_nmrstar/bmse000255/bmse000255.str
bmse000256,/Users/alfred/Documents/GitHub/DDLS_project/code/get_bmrb_data/bmrb_nmrstar/bmse000256/bmse000256.str
bmse000257,/Users/alfred/Documents/GitHub/DDLS_project/code/get_bmrb_data/bmrb_nmrstar/bmse000257/bmse000257.str
bmse000258,/Users/alfred/Documents/GitHub/DDLS_project/code/get_bmrb_data/bmrb_nmrstar/bmse000258/bmse000258.str
bmse000259,/Users/alfred/Documents/GitHub/DDLS_project/code/get_bmrb_data/bmrb_nmrstar/bmse000259/bmse000259.str
bmse000260,/Users/alfred/Documents/GitHub/DDLS_project/code/get_bmrb_data/bmrb_nmrstar/bmse000260/bmse000260.str
bmse000261,/Users/alfred/Documents/GitHub/DDLS_project/code/get_bmrb_data/bmrb_nmrstar/bmse000261/bmse000261.str
bmse000262,/Users/alfred/Documents/GitHub/DDLS_project/code/get_bmrb_data/bmrb_nmrstar/bmse000262/bmse000262.str
bmse000263,/Users/alfred/Documents/GitHub/DDLS_project/code/get_bmrb_data/bmrb_nmrstar/bmse000263/bmse000263.str
bmse000264,/Users/alfred/Documents/GitHub/DDLS_project/code/get_bmrb_data/bmrb_nmrstar/bmse000264/bmse000264.str
bmse000265,/Users/alfred/Documents/GitHub/DDLS_project/code/get_bmrb_data/bmrb_nmrstar/bmse000265/bmse000265.str
bmse000266,/Users/alfred/Documents/GitHub/DDLS_project/code/get_bmrb_data/bmrb_nmrstar/bmse000266/bmse000266.str
bmse000267,/Users/alfred/Documents/GitHub/DDLS_project/code/get_bmrb_data/bmrb_nmrstar/bmse000267/bmse000267.str
bmse000269,/Users/alfred/Documents/GitHub/DDLS_project/code/get_bmrb_data/bmrb_nmrstar/bmse000269/bmse000269.str
bmse000270,/Users/alfred/Documents/GitHub/DDLS_project/code/get_bmrb_data/bmrb_nmrstar/bmse000270/bmse000270.str
bmse000271,/Users/alfred/Documents/GitHub/DDLS_project/code/get_bmrb_data/bmrb_nmrstar/bmse000271/bmse000271.str
bmse000272,/Users/alfred/Documents/GitHub/DDLS_project/code/get_bmrb_data/bmrb_nmrstar/bmse000272/bmse000272.str
bmse000273,/Users/alfred/Documents/GitHub/DDLS_project/code/get_bmrb_data/bmrb_nmrstar/bmse000273/bmse000273.str
bmse000274,/Users/alfred/Documents/GitHub/DDLS_project/code/get_bmrb_data/bmrb_nmrstar/bmse000274/bmse000274.str
bmse000275,/Users/alfred/Documents/GitHub/DDLS_project/code/get_bmrb_data/bmrb_nmrstar/bmse000275/bmse000275.str
bmse000276,/Users/alfred/Documents/GitHub/DDLS_project/code/get_bmrb_data/bmrb_nmrstar/bmse000276/bmse000276.str
bmse000277,/Users/alfred/Documents/GitHub/DDLS_project/code/get_bmrb_data/bmrb_nmrstar/bmse000277/bmse000277.str
bmse000278,/Users/alfred/Documents/GitHub/DDLS_project/code/get_bmrb_data/bmrb_nmrstar/bmse000278/bmse000278.str
bmse000279,/Users/alfred/Documents/GitHub/DDLS_project/code/get_bmrb_data/bmrb_nmrstar/bmse000279/bmse000279.str
bmse000280,/Users/alfred/Documents/GitHub/DDLS_project/code/get_bmrb_data/bmrb_nmrstar/bmse000280/bmse000280.str
bmse000281,/Users/alfred/Documents/GitHub/DDLS_project/code/get_bmrb_data/bmrb_nmrstar/bmse000281/bmse000281.str
bmse000282,/Users/alfred/Documents/GitHub/DDLS_project/code/get_bmrb_data/bmrb_nmrstar/bmse000282/bmse000282.str
bmse000283,/Users/alfred/Documents/GitHub/DDLS_project/code/get_bmrb_data/bmrb_nmrstar/bmse000283/bmse000283.str
bmse000284,/Users/alfred/Documents/GitHub/DDLS_project/code/get_bmrb_data/bmrb_nmrstar/bmse000284/bmse000284.str
bmse000285,/Users/alfred/Documents/GitHub/DDLS_project/code/get_bmrb_data/bmrb_nmrstar/bmse000285/bmse000285.str
bmse000286,/Users/alfred/Documents/GitHub/DDLS_project/code/get_bmrb_data/bmrb_nmrstar/bmse000286/bmse000286.str
bmse000287,/Users/alfred/Documents/GitHub/DDLS_project/code/get_bmrb_data/bmrb_nmrstar/bmse000287/bmse000287.str
bmse000288,/Users/alfred/Documents/GitHub/DDLS_project/code/get_bmrb_data/bmrb_nmrstar/bmse000288/bmse000288.str
bmse000289,/Users/alfred/Documents/GitHub/DDLS_project/code/get_bmrb_data/bmrb_nmrstar/bmse000289/bmse000289.str
bmse000290,/Users/alfred/Documents/GitHub/DDLS_project/code/get_bmrb_data/bmrb_nmrstar/bmse000290/bmse000290.str
bmse000291,/Users/alfred/Documents/GitHub/DDLS_project/code/get_bmrb_data/bmrb_nmrstar/bmse000291/bmse000291.str
bmse000292,/Users/alfred/Documents/GitHub/DDLS_project/code/get_bmrb_data/bmrb_nmrstar/bmse000292/bmse000292.str
bmse000293,/Users/alfred/Documents/GitHub/DDLS_project/code/get_bmrb_data/bmrb_nmrstar/bmse000293/bmse000293.str
bmse000294,/Users/alfred/Documents/GitHub/DDLS_project/code/get_bmrb_data/bmrb_nmrstar/bmse000294/bmse000294.str
bmse000295,/Users/alfred/Documents/GitHub/DDLS_project/code/get_bmrb_data/bmrb_nmrstar/bmse000295/bmse000295.str
bmse000296,/Users/alfred/Documents/GitHub/DDLS_project/code/get_bmrb_data/bmrb_nmrstar/bmse000296/bmse000296.str
bmse000297,/Users/alfred/Documents/GitHub/DDLS_project/code/get_bmrb_data/bmrb_nmrstar/bmse000297/bmse000297.str
bmse000298,/Users/alfred/Documents/GitHub/DDLS_project/code/get_bmrb_data/bmrb_nmrstar/bmse000298/bmse000298.str
bmse000299,/Users/alfred/Documents/GitHub/DDLS_project/code/get_bmrb_data/bmrb_nmrstar/bmse000299/bmse000299.str
bmse000300,/Users/alfred/Documents/GitHub/DDLS_project/code/get_bmrb_data/bmrb_nmrstar/bmse000300/bmse000300.str
bmse000302,/Users/alfred/Documents/GitHub/DDLS_project/code/get_bmrb_data/bmrb_nmrstar/bmse000302/bmse000302.str
bmse000303,/Users/alfred/Documents/GitHub/DDLS_project/code/get_bmrb_data/bmrb_nmrstar/bmse000303/bmse000303.str
bmse000304,/Users/alfred/Documents/GitHub/DDLS_project/code/get_bmrb_data/bmrb_nmrstar/bmse000304/bmse000304.str
bmse000305,/Users/alfred/Documents/GitHub/DDLS_project/code/get_bmrb_data/bmrb_nmrstar/bmse000305/bmse000305.str
bmse000306,/Users/alfred/Documents/GitHub/DDLS_project/code/get_bmrb_data/bmrb_nmrstar/bmse000306/bmse000306.str
bmse000307,/Users/alfred/Documents/GitHub/DDLS_project/code/get_bmrb_data/bmrb_nmrstar/bmse000307/bmse000307.str
bmse000308,/Users/alfred/Documents/GitHub/DDLS_project/code/get_bmrb_data/bmrb_nmrstar/bmse000308/bmse000308.str
bmse000309,/Users/alfred/Documents/GitHub/DDLS_project/code/get_bmrb_data/bmrb_nmrstar/bmse000309/bmse000309.str
bmse000310,/Users/alfred/Documents/GitHub/DDLS_project/code/get_bmrb_data/bmrb_nmrstar/bmse000310/bmse000310.str
bmse000311,/Users/alfred/Documents/GitHub/DDLS_project/code/get_bmrb_data/bmrb_nmrstar/bmse000311/bmse000311.str
bmse000312,/Users/alfred/Documents/GitHub/DDLS_project/code/get_bmrb_data/bmrb_nmrstar/bmse000312/bmse000312.str
bmse000313,/Users/alfred/Documents/GitHub/DDLS_project/code/get_bmrb_data/bmrb_nmrstar/bmse000313/bmse000313.str
bmse000314,/Users/alfred/Documents/GitHub/DDLS_project/code/get_bmrb_data/bmrb_nmrstar/bmse000314/bmse000314.str
bmse000315,/Users/alfred/Documents/GitHub/DDLS_project/code/get_bmrb_data/bmrb_nmrstar/bmse000315/bmse000315.str
bmse000316,/Users/alfred/Documents/GitHub/DDLS_project/code/get_bmrb_data/bmrb_nmrstar/bmse000316/bmse000316.str
bmse000317,/Users/alfred/Documents/GitHub/DDLS_project/code/get_bmrb_data/bmrb_nmrstar/bmse000317/bmse000317.str
bmse000318,/Users/alfred/Documents/GitHub/DDLS_project/code/get_bmrb_data/bmrb_nmrstar/bmse000318/bmse000318.str
bmse000319,/Users/alfred/Documents/GitHub/DDLS_project/code/get_bmrb_data/bmrb_nmrstar/bmse000319/bmse000319.str
bmse000320,/Users/alfred/Documents/GitHub/DDLS_project/code/get_bmrb_data/bmrb_nmrstar/bmse000320/bmse000320.str
bmse000321,/Users/alfred/Documents/GitHub/DDLS_project/code/get_bmrb_data/bmrb_nmrstar/bmse000321/bmse000321.str
bmse000322,/Users/alfred/Documents/GitHub/DDLS_project/code/get_bmrb_data/bmrb_nmrstar/bmse000322/bmse000322.str
bmse000323,/Users/alfred/Documents/GitHub/DDLS_project/code/get_bmrb_data/bmrb_nmrstar/bmse000323/bmse000323.str
bmse000324,/Users/alfred/Documents/GitHub/DDLS_project/code/get_bmrb_data/bmrb_nmrstar/bmse000324/bmse000324.str
bmse000325,/Users/alfred/Documents/GitHub/DDLS_project/code/get_bmrb_data/bmrb_nmrstar/bmse000325/bmse000325.str
bmse000326,/Users/alfred/Documents/GitHub/DDLS_project/code/get_bmrb_data/bmrb_nmrstar/bmse000326/bmse000326.str
bmse000327,/Users/alfred/Documents/GitHub/DDLS_project/code/get_bmrb_data/bmrb_nmrstar/bmse000327/bmse000327.str
bmse000328,/Users/alfred/Documents/GitHub/DDLS_project/code/get_bmrb_data/bmrb_nmrstar/bmse000328/bmse000328.str
bmse000329,/Users/alfred/Documents/GitHub/DDLS_project/code/get_bmrb_data/bmrb_nmrstar/bmse000329/bmse000329.str
bmse000330,/Users/alfred/Documents/GitHub/DDLS_project/code/get_bmrb_data/bmrb_nmrstar/bmse000330/bmse000330.str
bmse000331,/Users/alfred/Documents/GitHub/DDLS_project/code/get_bmrb_data/bmrb_nmrstar/bmse000331/bmse000331.str
bmse000332,/Users/alfred/Documents/GitHub/DDLS_project/code/get_bmrb_data/bmrb_nmrstar/bmse000332/bmse000332.str
bmse000333,/Users/alfred/Documents/GitHub/DDLS_project/code/get_bmrb_data/bmrb_nmrstar/bmse000333/bmse000333.str
bmse000334,/Users/alfred/Documents/GitHub/DDLS_project/code/get_bmrb_data/bmrb_nmrstar/bmse000334/bmse000334.str
bmse000335,/Users/alfred/Documents/GitHub/DDLS_project/code/get_bmrb_data/bmrb_nmrstar/bmse000335/bmse000335.str
bmse000336,/Users/alfred/Documents/GitHub/DDLS_project/code/get_bmrb_data/bmrb_nmrstar/bmse000336/bmse000336.str
bmse000337,/Users/alfred/Documents/GitHub/DDLS_project/code/get_bmrb_data/bmrb_nmrstar/bmse000337/bmse000337.str
bmse000338,/Users/alfred/Documents/GitHub/DDLS_project/code/get_bmrb_data/bmrb_nmrstar/bmse000338/bmse000338.str
bmse000339,/Users/alfred/Documents/GitHub/DDLS_project/code/get_bmrb_data/bmrb_nmrstar/bmse000339/bmse000339.str
bmse000340,/Users/alfred/Documents/GitHub/DDLS_project/code/get_bmrb_data/bmrb_nmrstar/bmse000340/bmse000340.str
bmse000341,/Users/alfred/Documents/GitHub/DDLS_project/code/get_bmrb_data/bmrb_nmrstar/bmse000341/bmse000341.str
bmse000342,/Users/alfred/Documents/GitHub/DDLS_project/code/get_bmrb_data/bmrb_nmrstar/bmse000342/bmse000342.str
bmse000343,/Users/alfred/Documents/GitHub/DDLS_project/code/get_bmrb_data/bmrb_nmrstar/bmse000343/bmse000343.str
bmse000344,/Users/alfred/Documents/GitHub/DDLS_project/code/get_bmrb_data/bmrb_nmrstar/bmse000344/bmse000344.str
bmse000345,/Users/alfred/Documents/GitHub/DDLS_project/code/get_bmrb_data/bmrb_nmrstar/bmse000345/bmse000345.str
bmse000346,/Users/alfred/Documents/GitHub/DDLS_project/code/get_bmrb_data/bmrb_nmrstar/bmse000346/bmse000346.str
bmse000347,/Users/alfred/Documents/GitHub/DDLS_project/code/get_bmrb_data/bmrb_nmrstar/bmse000347/bmse000347.str
bmse000348,/Users/alfred/Documents/GitHub/DDLS_project/code/get_bmrb_data/bmrb_nmrstar/bmse000348/bmse000348.str
bmse000349,/Users/alfred/Documents/GitHub/DDLS_project/code/get_bmrb_data/bmrb_nmrstar/bmse000349/bmse000349.str
bmse000350,/Users/alfred/Documents/GitHub/DDLS_project/code/get_bmrb_data/bmrb_nmrstar/bmse000350/bmse000350.str
bmse000351,/Users/alfred/Documents/GitHub/DDLS_project/code/get_bmrb_data/bmrb_nmrstar/bmse000351/bmse000351.str
bmse000352,/Users/alfred/Documents/GitHub/DDLS_project/code/get_bmrb_data/bmrb_nmrstar/bmse000352/bmse000352.str
bmse000353,/Users/alfred/Documents/GitHub/DDLS_project/code/get_bmrb_data/bmrb_nmrstar/bmse000353/bmse000353.str
bmse000354,/Users/alfred/Documents/GitHub/DDLS_project/code/get_bmrb_data/bmrb_nmrstar/bmse000354/bmse000354.str
bmse000355,/Users/alfred/Documents/GitHub/DDLS_project/code/get_bmrb_data/bmrb_nmrstar/bmse000355/bmse000355.str
bmse000356,/Users/alfred/Documents/GitHub/DDLS_project/code/get_bmrb_data/bmrb_nmrstar/bmse000356/bmse000356.str
bmse000357,/Users/alfred/Documents/GitHub/DDLS_project/code/get_bmrb_data/bmrb_nmrstar/bmse000357/bmse000357.str
bmse000358,/Users/alfred/Documents/GitHub/DDLS_project/code/get_bmrb_data/bmrb_nmrstar/bmse000358/bmse000358.str
bmse000359,/Users/alfred/Documents/GitHub/DDLS_project/code/get_bmrb_data/bmrb_nmrstar/bmse000359/bmse000359.str
bmse000360,/Users/alfred/Documents/GitHub/DDLS_project/code/get_bmrb_data/bmrb_nmrstar/bmse000360/bmse000360.str
bmse000361,/Users/alfred/Documents/GitHub/DDLS_project/code/get_bmrb_data/bmrb_nmrstar/bmse000361/bmse000361.str
bmse000362,/Users/alfred/Documents/GitHub/DDLS_project/code/get_bmrb_data/bmrb_nmrstar/bmse000362/bmse000362.str
bmse000363,/Users/alfred/Documents/GitHub/DDLS_project/code/get_bmrb_data/bmrb_nmrstar/bmse000363/bmse000363.str
bmse000364,/Users/alfred/Documents/GitHub/DDLS_project/code/get_bmrb_data/bmrb_nmrstar/bmse000364/bmse000364.str
bmse000365,/Users/alfred/Documents/GitHub/DDLS_project/code/get_bmrb_data/bmrb_nmrstar/bmse000365/bmse000365.str
bmse000366,/Users/alfred/Documents/GitHub/DDLS_project/code/get_bmrb_data/bmrb_nmrstar/bmse000366/bmse000366.str
bmse000367,/Users/alfred/Documents/GitHub/DDLS_project/code/get_bmrb_data/bmrb_nmrstar/bmse000367/bmse000367.str
bmse000368,/Users/alfred/Documents/GitHub/DDLS_project/code/get_bmrb_data/bmrb_nmrstar/bmse000368/bmse000368.str
bmse000369,/Users/alfred/Documents/GitHub/DDLS_project/code/get_bmrb_data/bmrb_nmrstar/bmse000369/bmse000369.str
bmse000370,/Users/alfred/Documents/GitHub/DDLS_project/code/get_bmrb_data/bmrb_nmrstar/bmse000370/bmse000370.str
bmse000371,/Users/alfred/Documents/GitHub/DDLS_project/code/get_bmrb_data/bmrb_nmrstar/bmse000371/bmse000371.str
bmse000372,/Users/alfred/Documents/GitHub/DDLS_project/code/get_bmrb_data/bmrb_nmrstar/bmse000372/bmse000372.str
bmse000373,/Users/alfred/Documents/GitHub/DDLS_project/code/get_bmrb_data/bmrb_nmrstar/bmse000373/bmse000373.str
bmse000374,/Users/alfred/Documents/GitHub/DDLS_project/code/get_bmrb_data/bmrb_nmrstar/bmse000374/bmse000374.str
bmse000375,/Users/alfred/Documents/GitHub/DDLS_project/code/get_bmrb_data/bmrb_nmrstar/bmse000375/bmse000375.str
bmse000376,/Users/alfred/Documents/GitHub/DDLS_project/code/get_bmrb_data/bmrb_nmrstar/bmse000376/bmse000376.str
bmse000377,/Users/alfred/Documents/GitHub/DDLS_project/code/get_bmrb_data/bmrb_nmrstar/bmse000377/bmse000377.str
bmse000378,/Users/alfred/Documents/GitHub/DDLS_project/code/get_bmrb_data/bmrb_nmrstar/bmse000378/bmse000378.str
bmse000379,/Users/alfred/Documents/GitHub/DDLS_project/code/get_bmrb_data/bmrb_nmrstar/bmse000379/bmse000379.str
bmse000380,/Users/alfred/Documents/GitHub/DDLS_project/code/get_bmrb_data/bmrb_nmrstar/bmse000380/bmse000380.str
bmse000381,/Users/alfred/Documents/GitHub/DDLS_project/code/get_bmrb_data/bmrb_nmrstar/bmse000381/bmse000381.str
bmse000382,/Users/alfred/Documents/GitHub/DDLS_project/code/get_bmrb_data/bmrb_nmrstar/bmse000382/bmse000382.str
bmse000383,/Users/alfred/Documents/GitHub/DDLS_project/code/get_bmrb_data/bmrb_nmrstar/bmse000383/bmse000383.str
bmse000384,/Users/alfred/Documents/GitHub/DDLS_project/code/get_bmrb_data/bmrb_nmrstar/bmse000384/bmse000384.str
bmse000385,/Users/alfred/Documents/GitHub/DDLS_project/code/get_bmrb_data/bmrb_nmrstar/bmse000385/bmse000385.str
bmse000386,/Users/alfred/Documents/GitHub/DDLS_project/code/get_bmrb_data/bmrb_nmrstar/bmse000386/bmse000386.str
bmse000387,/Users/alfred/Documents/GitHub/DDLS_project/code/get_bmrb_data/bmrb_nmrstar/bmse000387/bmse000387.str
bmse000388,/Users/alfred/Documents/GitHub/DDLS_project/code/get_bmrb_data/bmrb_nmrstar/bmse000388/bmse000388.str
bmse000389,/Users/alfred/Documents/GitHub/DDLS_project/code/get_bmrb_data/bmrb_nmrstar/bmse000389/bmse000389.str
bmse000390,/Users/alfred/Documents/GitHub/DDLS_project/code/get_bmrb_data/bmrb_nmrstar/bmse000390/bmse000390.str
bmse000391,/Users/alfred/Documents/GitHub/DDLS_project/code/get_bmrb_data/bmrb_nmrstar/bmse000391/bmse000391.str
bmse000392,/Users/alfred/Documents/GitHub/DDLS_project/code/get_bmrb_data/bmrb_nmrstar/bmse000392/bmse000392.str
bmse000393,/Users/alfred/Documents/GitHub/DDLS_project/code/get_bmrb_data/bmrb_nmrstar/bmse000393/bmse000393.str
bmse000394,/Users/alfred/Documents/GitHub/DDLS_project/code/get_bmrb_data/bmrb_nmrstar/bmse000394/bmse000394.str
bmse000395,/Users/alfred/Documents/GitHub/DDLS_project/code/get_bmrb_data/bmrb_nmrstar/bmse000395/bmse000395.str
bmse000396,/Users/alfred/Documents/GitHub/DDLS_project/code/get_bmrb_data/bmrb_nmrstar/bmse000396/bmse000396.str
bmse000397,/Users/alfred/Documents/GitHub/DDLS_project/code/get_bmrb_data/bmrb_nmrstar/bmse000397/bmse000397.str
bmse000398,/Users/alfred/Documents/GitHub/DDLS_project/code/get_bmrb_data/bmrb_nmrstar/bmse000398/bmse000398.str
bmse000399,/Users/alfred/Documents/GitHub/DDLS_project/code/get_bmrb_data/bmrb_nmrstar/bmse000399/bmse000399.str
bmse000400,/Users/alfred/Documents/GitHub/DDLS_project/code/get_bmrb_data/bmrb_nmrstar/bmse000400/bmse000400.str
bmse000401,/Users/alfred/Documents/GitHub/DDLS_project/code/get_bmrb_data/bmrb_nmrstar/bmse000401/bmse000401.str
bmse000402,/Users/alfred/Documents/GitHub/DDLS_project/code/get_bmrb_data/bmrb_nmrstar/bmse000402/bmse000402.str
bmse000403,/Users/alfred/Documents/GitHub/DDLS_project/code/get_bmrb_data/bmrb_nmrstar/bmse000403/bmse000403.str
bmse000404,/Users/alfred/Documents/GitHub/DDLS_project/code/get_bmrb_data/bmrb_nmrstar/bmse000404/bmse000404.str
bmse000405,/Users/alfred/Documents/GitHub/DDLS_project/code/get_bmrb_data/bmrb_nmrstar/bmse000405/bmse000405.str
bmse000406,/Users/alfred/Documents/GitHub/DDLS_project/code/get_bmrb_data/bmrb_nmrstar/bmse000406/bmse000406.str
bmse000407,/Users/alfred/Documents/GitHub/DDLS_project/code/get_bmrb_data/bmrb_nmrstar/bmse000407/bmse000407.str
bmse000408,/Users/alfred/Documents/GitHub/DDLS_project/code/get_bmrb_data/bmrb_nmrstar/bmse000408/bmse000408.str
bmse000409,/Users/alfred/Documents/GitHub/DDLS_project/code/get_bmrb_data/bmrb_nmrstar/bmse000409/bmse000409.str
bmse000410,/Users/alfred/Documents/GitHub/DDLS_project/code/get_bmrb_data/bmrb_nmrstar/bmse000410/bmse000410.str
bmse000411,/Users/alfred/Documents/GitHub/DDLS_project/code/get_bmrb_data/bmrb_nmrstar/bmse000411/bmse000411.str
bmse000412,/Users/alfred/Documents/GitHub/DDLS_project/code/get_bmrb_data/bmrb_nmrstar/bmse000412/bmse000412.str
bmse000413,/Users/alfred/Documents/GitHub/DDLS_project/code/get_bmrb_data/bmrb_nmrstar/bmse000413/bmse000413.str
bmse000414,/Users/alfred/Documents/GitHub/DDLS_project/code/get_bmrb_data/bmrb_nmrstar/bmse000414/bmse000414.str
bmse000415,/Users/alfred/Documents/GitHub/DDLS_project/code/get_bmrb_data/bmrb_nmrstar/bmse000415/bmse000415.str
bmse000416,/Users/alfred/Documents/GitHub/DDLS_project/code/get_bmrb_data/bmrb_nmrstar/bmse000416/bmse000416.str
bmse000417,/Users/alfred/Documents/GitHub/DDLS_project/code/get_bmrb_data/bmrb_nmrstar/bmse000417/bmse000417.str
bmse000418,/Users/alfred/Documents/GitHub/DDLS_project/code/get_bmrb_data/bmrb_nmrstar/bmse000418/bmse000418.str
bmse000419,/Users/alfred/Documents/GitHub/DDLS_project/code/get_bmrb_data/bmrb_nmrstar/bmse000419/bmse000419.str
bmse000420,/Users/alfred/Documents/GitHub/DDLS_project/code/get_bmrb_data/bmrb_nmrstar/bmse000420/bmse000420.str
bmse000421,/Users/alfred/Documents/GitHub/DDLS_project/code/get_bmrb_data/bmrb_nmrstar/bmse000421/bmse000421.str
bmse000422,/Users/alfred/Documents/GitHub/DDLS_project/code/get_bmrb_data/bmrb_nmrstar/bmse000422/bmse000422.str
bmse000423,/Users/alfred/Documents/GitHub/DDLS_project/code/get_bmrb_data/bmrb_nmrstar/bmse000423/bmse000423.str
bmse000424,/Users/alfred/Documents/GitHub/DDLS_project/code/get_bmrb_data/bmrb_nmrstar/bmse000424/bmse000424.str
bmse000425,/Users/alfred/Documents/GitHub/DDLS_project/code/get_bmrb_data/bmrb_nmrstar/bmse000425/bmse000425.str
bmse000426,/Users/alfred/Documents/GitHub/DDLS_project/code/get_bmrb_data/bmrb_nmrstar/bmse000426/bmse000426.str
bmse000427,/Users/alfred/Documents/GitHub/DDLS_project/code/get_bmrb_data/bmrb_nmrstar/bmse000427/bmse000427.str
bmse000428,/Users/alfred/Documents/GitHub/DDLS_project/code/get_bmrb_data/bmrb_nmrstar/bmse000428/bmse000428.str
bmse000429,/Users/alfred/Documents/GitHub/DDLS_project/code/get_bmrb_data/bmrb_nmrstar/bmse000429/bmse000429.str
bmse000430,/Users/alfred/Documents/GitHub/DDLS_project/code/get_bmrb_data/bmrb_nmrstar/bmse000430/bmse000430.str
bmse000431,/Users/alfred/Documents/GitHub/DDLS_project/code/get_bmrb_data/bmrb_nmrstar/bmse000431/bmse000431.str
bmse000432,/Users/alfred/Documents/GitHub/DDLS_project/code/get_bmrb_data/bmrb_nmrstar/bmse000432/bmse000432.str
bmse000433,/Users/alfred/Documents/GitHub/DDLS_project/code/get_bmrb_data/bmrb_nmrstar/bmse000433/bmse000433.str
bmse000434,/Users/alfred/Documents/GitHub/DDLS_project/code/get_bmrb_data/bmrb_nmrstar/bmse000434/bmse000434.str
bmse000435,/Users/alfred/Documents/GitHub/DDLS_project/code/get_bmrb_data/bmrb_nmrstar/bmse000435/bmse000435.str
bmse000436,/Users/alfred/Documents/GitHub/DDLS_project/code/get_bmrb_data/bmrb_nmrstar/bmse000436/bmse000436.str
bmse000437,/Users/alfred/Documents/GitHub/DDLS_project/code/get_bmrb_data/bmrb_nmrstar/bmse000437/bmse000437.str
bmse000438,/Users/alfred/Documents/GitHub/DDLS_project/code/get_bmrb_data/bmrb_nmrstar/bmse000438/bmse000438.str
bmse000439,/Users/alfred/Documents/GitHub/DDLS_project/code/get_bmrb_data/bmrb_nmrstar/bmse000439/bmse000439.str
bmse000440,/Users/alfred/Documents/GitHub/DDLS_project/code/get_bmrb_data/bmrb_nmrstar/bmse000440/bmse000440.str
bmse000441,/Users/alfred/Documents/GitHub/DDLS_project/code/get_bmrb_data/bmrb_nmrstar/bmse000441/bmse000441.str
bmse000442,/Users/alfred/Documents/GitHub/DDLS_project/code/get_bmrb_data/bmrb_nmrstar/bmse000442/bmse000442.str
bmse000443,/Users/alfred/Documents/GitHub/DDLS_project/code/get_bmrb_data/bmrb_nmrstar/bmse000443/bmse000443.str
bmse000444,/Users/alfred/Documents/GitHub/DDLS_project/code/get_bmrb_data/bmrb_nmrstar/bmse000444/bmse000444.str
bmse000445,/Users/alfred/Documents/GitHub/DDLS_project/code/get_bmrb_data/bmrb_nmrstar/bmse000445/bmse000445.str
bmse000446,/Users/alfred/Documents/GitHub/DDLS_project/code/get_bmrb_data/bmrb_nmrstar/bmse000446/bmse000446.str
bmse000447,/Users/alfred/Documents/GitHub/DDLS_project/code/get_bmrb_data/bmrb_nmrstar/bmse000447/bmse000447.str
bmse000448,/Users/alfred/Documents/GitHub/DDLS_project/code/get_bmrb_data/bmrb_nmrstar/bmse000448/bmse000448.str
bmse000449,/Users/alfred/Documents/GitHub/DDLS_project/code/get_bmrb_data/bmrb_nmrstar/bmse000449/bmse000449.str
bmse000450,/Users/alfred/Documents/GitHub/DDLS_project/code/get_bmrb_data/bmrb_nmrstar/bmse000450/bmse000450.str
bmse000451,/Users/alfred/Documents/GitHub/DDLS_project/code/get_bmrb_data/bmrb_nmrstar/bmse000451/bmse000451.str
bmse000452,/Users/alfred/Documents/GitHub/DDLS_project/code/get_bmrb_data/bmrb_nmrstar/bmse000452/bmse000452.str
bmse000453,/Users/alfred/Documents/GitHub/DDLS_project/code/get_bmrb_data/bmrb_nmrstar/bmse000453/bmse000453.str
bmse000454,/Users/alfred/Documents/GitHub/DDLS_project/code/get_bmrb_data/bmrb_nmrstar/bmse000454/bmse000454.str
bmse000455,/Users/alfred/Documents/GitHub/DDLS_project/code/get_bmrb_data/bmrb_nmrstar/bmse000455/bmse000455.str
bmse000457,/Users/alfred/Documents/GitHub/DDLS_project/code/get_bmrb_data/bmrb_nmrstar/bmse000457/bmse000457.str
bmse000458,/Users/alfred/Documents/GitHub/DDLS_project/code/get_bmrb_data/bmrb_nmrstar/bmse000458/bmse000458.str
bmse000459,/Users/alfred/Documents/GitHub/DDLS_project/code/get_bmrb_data/bmrb_nmrstar/bmse000459/bmse000459.str
bmse000460,/Users/alfred/Documents/GitHub/DDLS_project/code/get_bmrb_data/bmrb_nmrstar/bmse000460/bmse000460.str
bmse000461,/Users/alfred/Documents/GitHub/DDLS_project/code/get_bmrb_data/bmrb_nmrstar/bmse000461/bmse000461.str
bmse000462,/Users/alfred/Documents/GitHub/DDLS_project/code/get_bmrb_data/bmrb_nmrstar/bmse000462/bmse000462.str
bmse000463,/Users/alfred/Documents/GitHub/DDLS_project/code/get_bmrb_data/bmrb_nmrstar/bmse000463/bmse000463.str
bmse000464,/Users/alfred/Documents/GitHub/DDLS_project/code/get_bmrb_data/bmrb_nmrstar/bmse000464/bmse000464.str
bmse000465,/Users/alfred/Documents/GitHub/DDLS_project/code/get_bmrb_data/bmrb_nmrstar/bmse000465/bmse000465.str
bmse000466,/Users/alfred/Documents/GitHub/DDLS_project/code/get_bmrb_data/bmrb_nmrstar/bmse000466/bmse000466.str
bmse000467,/Users/alfred/Documents/GitHub/DDLS_project/code/get_bmrb_data/bmrb_nmrstar/bmse000467/bmse000467.str
bmse000468,/Users/alfred/Documents/GitHub/DDLS_project/code/get_bmrb_data/bmrb_nmrstar/bmse000468/bmse000468.str
bmse000469,/Users/alfred/Documents/GitHub/DDLS_project/code/get_bmrb_data/bmrb_nmrstar/bmse000469/bmse000469.str
bmse000470,/Users/alfred/Documents/GitHub/DDLS_project/code/get_bmrb_data/bmrb_nmrstar/bmse000470/bmse000470.str
bmse000471,/Users/alfred/Documents/GitHub/DDLS_project/code/get_bmrb_data/bmrb_nmrstar/bmse000471/bmse000471.str
bmse000472,/Users/alfred/Documents/GitHub/DDLS_project/code/get_bmrb_data/bmrb_nmrstar/bmse000472/bmse000472.str
bmse000473,/Users/alfred/Documents/GitHub/DDLS_project/code/get_bmrb_data/bmrb_nmrstar/bmse000473/bmse000473.str
bmse000474,/Users/alfred/Documents/GitHub/DDLS_project/code/get_bmrb_data/bmrb_nmrstar/bmse000474/bmse000474.str
bmse000475,/Users/alfred/Documents/GitHub/DDLS_project/code/get_bmrb_data/bmrb_nmrstar/bmse000475/bmse000475.str
bmse000476,/Users/alfred/Documents/GitHub/DDLS_project/code/get_bmrb_data/bmrb_nmrstar/bmse000476/bmse000476.str
bmse000477,/Users/alfred/Documents/GitHub/DDLS_project/code/get_bmrb_data/bmrb_nmrstar/bmse000477/bmse000477.str
bmse000478,/Users/alfred/Documents/GitHub/DDLS_project/code/get_bmrb_data/bmrb_nmrstar/bmse000478/bmse000478.str
bmse000479,/Users/alfred/Documents/GitHub/DDLS_project/code/get_bmrb_data/bmrb_nmrstar/bmse000479/bmse000479.str
bmse000480,/Users/alfred/Documents/GitHub/DDLS_project/code/get_bmrb_data/bmrb_nmrstar/bmse000480/bmse000480.str
bmse000481,/Users/alfred/Documents/GitHub/DDLS_project/code/get_bmrb_data/bmrb_nmrstar/bmse000481/bmse000481.str
bmse000482,/Users/alfred/Documents/GitHub/DDLS_project/code/get_bmrb_data/bmrb_nmrstar/bmse000482/bmse000482.str
bmse000483,/Users/alfred/Documents/GitHub/DDLS_project/code/get_bmrb_data/bmrb_nmrstar/bmse000483/bmse000483.str
bmse000484,/Users/alfred/Documents/GitHub/DDLS_project/code/get_bmrb_data/bmrb_nmrstar/bmse000484/bmse000484.str
bmse000485,/Users/alfred/Documents/GitHub/DDLS_project/code/get_bmrb_data/bmrb_nmrstar/bmse000485/bmse000485.str
bmse000486,/Users/alfred/Documents/GitHub/DDLS_project/code/get_bmrb_data/bmrb_nmrstar/bmse000486/bmse000486.str
bmse000487,/Users/alfred/Documents/GitHub/DDLS_project/code/get_bmrb_data/bmrb_nmrstar/bmse000487/bmse000487.str
bmse000488,/Users/alfred/Documents/GitHub/DDLS_project/code/get_bmrb_data/bmrb_nmrstar/bmse000488/bmse000488.str
bmse000489,/Users/alfred/Documents/GitHub/DDLS_project/code/get_bmrb_data/bmrb_nmrstar/bmse000489/bmse000489.str
bmse000490,/Users/alfred/Documents/GitHub/DDLS_project/code/get_bmrb_data/bmrb_nmrstar/bmse000490/bmse000490.str
bmse000491,/Users/alfred/Documents/GitHub/DDLS_project/code/get_bmrb_data/bmrb_nmrstar/bmse000491/bmse000491.str
bmse000492,/Users/alfred/Documents/GitHub/DDLS_project/code/get_bmrb_data/bmrb_nmrstar/bmse000492/bmse000492.str
bmse000493,/Users/alfred/Documents/GitHub/DDLS_project/code/get_bmrb_data/bmrb_nmrstar/bmse000493/bmse000493.str
bmse000494,/Users/alfred/Documents/GitHub/DDLS_project/code/get_bmrb_data/bmrb_nmrstar/bmse000494/bmse000494.str
bmse000495,/Users/alfred/Documents/GitHub/DDLS_project/code/get_bmrb_data/bmrb_nmrstar/bmse000495/bmse000495.str
bmse000496,/Users/alfred/Documents/GitHub/DDLS_project/code/get_bmrb_data/bmrb_nmrstar/bmse000496/bmse000496.str
bmse000497,/Users/alfred/Documents/GitHub/DDLS_project/code/get_bmrb_data/bmrb_nmrstar/bmse000497/bmse000497.str
bmse000498,/Users/alfred/Documents/GitHub/DDLS_project/code/get_bmrb_data/bmrb_nmrstar/bmse000498/bmse000498.str
bmse000499,/Users/alfred/Documents/GitHub/DDLS_project/code/get_bmrb_data/bmrb_nmrstar/bmse000499/bmse000499.str
bmse000500,/Users/alfred/Documents/GitHub/DDLS_project/code/get_bmrb_data/bmrb_nmrstar/bmse000500/bmse000500.str
bmse000501,/Users/alfred/Documents/GitHub/DDLS_project/code/get_bmrb_data/bmrb_nmrstar/bmse000501/bmse000501.str
bmse000502,/Users/alfred/Documents/GitHub/DDLS_project/code/get_bmrb_data/bmrb_nmrstar/bmse000502/bmse000502.str
bmse000503,/Users/alfred/Documents/GitHub/DDLS_project/code/get_bmrb_data/bmrb_nmrstar/bmse000503/bmse000503.str
bmse000504,/Users/alfred/Documents/GitHub/DDLS_project/code/get_bmrb_data/bmrb_nmrstar/bmse000504/bmse000504.str
bmse000505,/Users/alfred/Documents/GitHub/DDLS_project/code/get_bmrb_data/bmrb_nmrstar/bmse000505/bmse000505.str
bmse000506,/Users/alfred/Documents/GitHub/DDLS_project/code/get_bmrb_data/bmrb_nmrstar/bmse000506/bmse000506.str
bmse000507,/Users/alfred/Documents/GitHub/DDLS_project/code/get_bmrb_data/bmrb_nmrstar/bmse000507/bmse000507.str
bmse000508,/Users/alfred/Documents/GitHub/DDLS_project/code/get_bmrb_data/bmrb_nmrstar/bmse000508/bmse000508.str
bmse000509,/Users/alfred/Documents/GitHub/DDLS_project/code/get_bmrb_data/bmrb_nmrstar/bmse000509/bmse000509.str
bmse000510,/Users/alfred/Documents/GitHub/DDLS_project/code/get_bmrb_data/bmrb_nmrstar/bmse000510/bmse000510.str
bmse000511,/Users/alfred/Documents/GitHub/DDLS_project/code/get_bmrb_data/bmrb_nmrstar/bmse000511/bmse000511.str
bmse000512,/Users/alfred/Documents/GitHub/DDLS_project/code/get_bmrb_data/bmrb_nmrstar/bmse000512/bmse000512.str
bmse000513,/Users/alfred/Documents/GitHub/DDLS_project/code/get_bmrb_data/bmrb_nmrstar/bmse000513/bmse000513.str
bmse000514,/Users/alfred/Documents/GitHub/DDLS_project/code/get_bmrb_data/bmrb_nmrstar/bmse000514/bmse000514.str
bmse000515,/Users/alfred/Documents/GitHub/DDLS_project/code/get_bmrb_data/bmrb_nmrstar/bmse000515/bmse000515.str
bmse000516,/Users/alfred/Documents/GitHub/DDLS_project/code/get_bmrb_data/bmrb_nmrstar/bmse000516/bmse000516.str
bmse000517,/Users/alfred/Documents/GitHub/DDLS_project/code/get_bmrb_data/bmrb_nmrstar/bmse000517/bmse000517.str
bmse000518,/Users/alfred/Documents/GitHub/DDLS_project/code/get_bmrb_data/bmrb_nmrstar/bmse000518/bmse000518.str
bmse000519,/Users/alfred/Documents/GitHub/DDLS_project/code/get_bmrb_data/bmrb_nmrstar/bmse000519/bmse000519.str
bmse000520,/Users/alfred/Documents/GitHub/DDLS_project/code/get_bmrb_data/bmrb_nmrstar/bmse000520/bmse000520.str
bmse000521,/Users/alfred/Documents/GitHub/DDLS_project/code/get_bmrb_data/bmrb_nmrstar/bmse000521/bmse000521.str
bmse000522,/Users/alfred/Documents/GitHub/DDLS_project/code/get_bmrb_data/bmrb_nmrstar/bmse000522/bmse000522.str
bmse000523,/Users/alfred/Documents/GitHub/DDLS_project/code/get_bmrb_data/bmrb_nmrstar/bmse000523/bmse000523.str
bmse000524,/Users/alfred/Documents/GitHub/DDLS_project/code/get_bmrb_data/bmrb_nmrstar/bmse000524/bmse000524.str
bmse000525,/Users/alfred/Documents/GitHub/DDLS_project/code/get_bmrb_data/bmrb_nmrstar/bmse000525/bmse000525.str
bmse000526,/Users/alfred/Documents/GitHub/DDLS_project/code/get_bmrb_data/bmrb_nmrstar/bmse000526/bmse000526.str
bmse000527,/Users/alfred/Documents/GitHub/DDLS_project/code/get_bmrb_data/bmrb_nmrstar/bmse000527/bmse000527.str
bmse000528,/Users/alfred/Documents/GitHub/DDLS_project/code/get_bmrb_data/bmrb_nmrstar/bmse000528/bmse000528.str
bmse000529,/Users/alfred/Documents/GitHub/DDLS_project/code/get_bmrb_data/bmrb_nmrstar/bmse000529/bmse000529.str
bmse000530,/Users/alfred/Documents/GitHub/DDLS_project/code/get_bmrb_data/bmrb_nmrstar/bmse000530/bmse000530.str
bmse000531,/Users/alfred/Documents/GitHub/DDLS_project/code/get_bmrb_data/bmrb_nmrstar/bmse000531/bmse000531.str
bmse000532,/Users/alfred/Documents/GitHub/DDLS_project/code/get_bmrb_data/bmrb_nmrstar/bmse000532/bmse000532.str
bmse000533,/Users/alfred/Documents/GitHub/DDLS_project/code/get_bmrb_data/bmrb_nmrstar/bmse000533/bmse000533.str
bmse000534,/Users/alfred/Documents/GitHub/DDLS_project/code/get_bmrb_data/bmrb_nmrstar/bmse000534/bmse000534.str
bmse000535,/Users/alfred/Documents/GitHub/DDLS_project/code/get_bmrb_data/bmrb_nmrstar/bmse000535/bmse000535.str
bmse000536,/Users/alfred/Documents/GitHub/DDLS_project/code/get_bmrb_data/bmrb_nmrstar/bmse000536/bmse000536.str
bmse000537,/Users/alfred/Documents/GitHub/DDLS_project/code/get_bmrb_data/bmrb_nmrstar/bmse000537/bmse000537.str
bmse000538,/Users/alfred/Documents/GitHub/DDLS_project/code/get_bmrb_data/bmrb_nmrstar/bmse000538/bmse000538.str
bmse000539,/Users/alfred/Documents/GitHub/DDLS_project/code/get_bmrb_data/bmrb_nmrstar/bmse000539/bmse000539.str
bmse000540,/Users/alfred/Documents/GitHub/DDLS_project/code/get_bmrb_data/bmrb_nmrstar/bmse000540/bmse000540.str
bmse000541,/Users/alfred/Documents/GitHub/DDLS_project/code/get_bmrb_data/bmrb_nmrstar/bmse000541/bmse000541.str
bmse000542,/Users/alfred/Documents/GitHub/DDLS_project/code/get_bmrb_data/bmrb_nmrstar/bmse000542/bmse000542.str
bmse000543,/Users/alfred/Documents/GitHub/DDLS_project/code/get_bmrb_data/bmrb_nmrstar/bmse000543/bmse000543.str
bmse000544,/Users/alfred/Documents/GitHub/DDLS_project/code/get_bmrb_data/bmrb_nmrstar/bmse000544/bmse000544.str
bmse000545,/Users/alfred/Documents/GitHub/DDLS_project/code/get_bmrb_data/bmrb_nmrstar/bmse000545/bmse000545.str
bmse000546,/Users/alfred/Documents/GitHub/DDLS_project/code/get_bmrb_data/bmrb_nmrstar/bmse000546/bmse000546.str
bmse000547,/Users/alfred/Documents/GitHub/DDLS_project/code/get_bmrb_data/bmrb_nmrstar/bmse000547/bmse000547.str
bmse000548,/Users/alfred/Documents/GitHub/DDLS_project/code/get_bmrb_data/bmrb_nmrstar/bmse000548/bmse000548.str
bmse000549,/Users/alfred/Documents/GitHub/DDLS_project/code/get_bmrb_data/bmrb_nmrstar/bmse000549/bmse000549.str
bmse000550,/Users/alfred/Documents/GitHub/DDLS_project/code/get_bmrb_data/bmrb_nmrstar/bmse000550/bmse000550.str
bmse000551,/Users/alfred/Documents/GitHub/DDLS_project/code/get_bmrb_data/bmrb_nmrstar/bmse000551/bmse000551.str
bmse000552,/Users/alfred/Documents/GitHub/DDLS_project/code/get_bmrb_data/bmrb_nmrstar/bmse000552/bmse000552.str
bmse000553,/Users/alfred/Documents/GitHub/DDLS_project/code/get_bmrb_data/bmrb_nmrstar/bmse000553/bmse000553.str
bmse000554,/Users/alfred/Documents/GitHub/DDLS_project/code/get_bmrb_data/bmrb_nmrstar/bmse000554/bmse000554.str
bmse000555,/Users/alfred/Documents/GitHub/DDLS_project/code/get_bmrb_data/bmrb_nmrstar/bmse000555/bmse000555.str
bmse000556,/Users/alfred/Documents/GitHub/DDLS_project/code/get_bmrb_data/bmrb_nmrstar/bmse000556/bmse000556.str
bmse000557,/Users/alfred/Documents/GitHub/DDLS_project/code/get_bmrb_data/bmrb_nmrstar/bmse000557/bmse000557.str
bmse000558,/Users/alfred/Documents/GitHub/DDLS_project/code/get_bmrb_data/bmrb_nmrstar/bmse000558/bmse000558.str
bmse000559,/Users/alfred/Documents/GitHub/DDLS_project/code/get_bmrb_data/bmrb_nmrstar/bmse000559/bmse000559.str
bmse000560,/Users/alfred/Documents/GitHub/DDLS_project/code/get_bmrb_data/bmrb_nmrstar/bmse000560/bmse000560.str
bmse000561,/Users/alfred/Documents/GitHub/DDLS_project/code/get_bmrb_data/bmrb_nmrstar/bmse000561/bmse000561.str
bmse000562,/Users/alfred/Documents/GitHub/DDLS_project/code/get_bmrb_data/bmrb_nmrstar/bmse000562/bmse000562.str
bmse000563,/Users/alfred/Documents/GitHub/DDLS_project/code/get_bmrb_data/bmrb_nmrstar/bmse000563/bmse000563.str
bmse000564,/Users/alfred/Documents/GitHub/DDLS_project/code/get_bmrb_data/bmrb_nmrstar/bmse000564/bmse000564.str
bmse000565,/Users/alfred/Documents/GitHub/DDLS_project/code/get_bmrb_data/bmrb_nmrstar/bmse000565/bmse000565.str
bmse000566,/Users/alfred/Documents/GitHub/DDLS_project/code/get_bmrb_data/bmrb_nmrstar/bmse000566/bmse000566.str
bmse000567,/Users/alfred/Documents/GitHub/DDLS_project/code/get_bmrb_data/bmrb_nmrstar/bmse000567/bmse000567.str
bmse000568,/Users/alfred/Documents/GitHub/DDLS_project/code/get_bmrb_data/bmrb_nmrstar/bmse000568/bmse000568.str
bmse000569,/Users/alfred/Documents/GitHub/DDLS_project/code/get_bmrb_data/bmrb_nmrstar/bmse000569/bmse000569.str
bmse000570,/Users/alfred/Documents/GitHub/DDLS_project/code/get_bmrb_data/bmrb_nmrstar/bmse000570/bmse000570.str
bmse000571,/Users/alfred/Documents/GitHub/DDLS_project/code/get_bmrb_data/bmrb_nmrstar/bmse000571/bmse000571.str
bmse000572,/Users/alfred/Documents/GitHub/DDLS_project/code/get_bmrb_data/bmrb_nmrstar/bmse000572/bmse000572.str
bmse000573,/Users/alfred/Documents/GitHub/DDLS_project/code/get_bmrb_data/bmrb_nmrstar/bmse000573/bmse000573.str
bmse000574,/Users/alfred/Documents/GitHub/DDLS_project/code/get_bmrb_data/bmrb_nmrstar/bmse000574/bmse000574.str
bmse000575,/Users/alfred/Documents/GitHub/DDLS_project/code/get_bmrb_data/bmrb_nmrstar/bmse000575/bmse000575.str
bmse000576,/Users/alfred/Documents/GitHub/DDLS_project/code/get_bmrb_data/bmrb_nmrstar/bmse000576/bmse000576.str
bmse000577,/Users/alfred/Documents/GitHub/DDLS_project/code/get_bmrb_data/bmrb_nmrstar/bmse000577/bmse000577.str
bmse000578,/Users/alfred/Documents/GitHub/DDLS_project/code/get_bmrb_data/bmrb_nmrstar/bmse000578/bmse000578.str
bmse000579,/Users/alfred/Documents/GitHub/DDLS_project/code/get_bmrb_data/bmrb_nmrstar/bmse000579/bmse000579.str
bmse000580,/Users/alfred/Documents/GitHub/DDLS_project/code/get_bmrb_data/bmrb_nmrstar/bmse000580/bmse000580.str
bmse000581,/Users/alfred/Documents/GitHub/DDLS_project/code/get_bmrb_data/bmrb_nmrstar/bmse000581/bmse000581.str
bmse000582,/Users/alfred/Documents/GitHub/DDLS_project/code/get_bmrb_data/bmrb_nmrstar/bmse000582/bmse000582.str
bmse000583,/Users/alfred/Documents/GitHub/DDLS_project/code/get_bmrb_data/bmrb_nmrstar/bmse000583/bmse000583.str
bmse000584,/Users/alfred/Documents/GitHub/DDLS_project/code/get_bmrb_data/bmrb_nmrstar/bmse000584/bmse000584.str
bmse000585,/Users/alfred/Documents/GitHub/DDLS_project/code/get_bmrb_data/bmrb_nmrstar/bmse000585/bmse000585.str
bmse000586,/Users/alfred/Documents/GitHub/DDLS_project/code/get_bmrb_data/bmrb_nmrstar/bmse000586/bmse000586.str
bmse000587,/Users/alfred/Documents/GitHub/DDLS_project/code/get_bmrb_data/bmrb_nmrstar/bmse000587/bmse000587.str
bmse000588,/Users/alfred/Documents/GitHub/DDLS_project/code/get_bmrb_data/bmrb_nmrstar/bmse000588/bmse000588.str
bmse000589,/Users/alfred/Documents/GitHub/DDLS_project/code/get_bmrb_data/bmrb_nmrstar/bmse000589/bmse000589.str
bmse000590,/Users/alfred/Documents/GitHub/DDLS_project/code/get_bmrb_data/bmrb_nmrstar/bmse000590/bmse000590.str
bmse000591,/Users/alfred/Documents/GitHub/DDLS_project/code/get_bmrb_data/bmrb_nmrstar/bmse000591/bmse000591.str
bmse000592,/Users/alfred/Documents/GitHub/DDLS_project/code/get_bmrb_data/bmrb_nmrstar/bmse000592/bmse000592.str
bmse000593,/Users/alfred/Documents/GitHub/DDLS_project/code/get_bmrb_data/bmrb_nmrstar/bmse000593/bmse000593.str
bmse000594,/Users/alfred/Documents/GitHub/DDLS_project/code/get_bmrb_data/bmrb_nmrstar/bmse000594/bmse000594.str
bmse000595,/Users/alfred/Documents/GitHub/DDLS_project/code/get_bmrb_data/bmrb_nmrstar/bmse000595/bmse000595.str
bmse000596,/Users/alfred/Documents/GitHub/DDLS_project/code/get_bmrb_data/bmrb_nmrstar/bmse000596/bmse000596.str
bmse000597,/Users/alfred/Documents/GitHub/DDLS_project/code/get_bmrb_data/bmrb_nmrstar/bmse000597/bmse000597.str
bmse000598,/Users/alfred/Documents/GitHub/DDLS_project/code/get_bmrb_data/bmrb_nmrstar/bmse000598/bmse000598.str
bmse000599,/Users/alfred/Documents/GitHub/DDLS_project/code/get_bmrb_data/bmrb_nmrstar/bmse000599/bmse000599.str
bmse000600,/Users/alfred/Documents/GitHub/DDLS_project/code/get_bmrb_data/bmrb_nmrstar/bmse000600/bmse000600.str
bmse000601,/Users/alfred/Documents/GitHub/DDLS_project/code/get_bmrb_data/bmrb_nmrstar/bmse000601/bmse000601.str
bmse000602,/Users/alfred/Documents/GitHub/DDLS_project/code/get_bmrb_data/bmrb_nmrstar/bmse000602/bmse000602.str
bmse000604,/Users/alfred/Documents/GitHub/DDLS_project/code/get_bmrb_data/bmrb_nmrstar/bmse000604/bmse000604.str
bmse000605,/Users/alfred/Documents/GitHub/DDLS_project/code/get_bmrb_data/bmrb_nmrstar/bmse000605/bmse000605.str
bmse000606,/Users/alfred/Documents/GitHub/DDLS_project/code/get_bmrb_data/bmrb_nmrstar/bmse000606/bmse000606.str
bmse000607,/Users/alfred/Documents/GitHub/DDLS_project/code/get_bmrb_data/bmrb_nmrstar/bmse000607/bmse000607.str
bmse000608,/Users/alfred/Documents/GitHub/DDLS_project/code/get_bmrb_data/bmrb_nmrstar/bmse000608/bmse000608.str
bmse000609,/Users/alfred/Documents/GitHub/DDLS_project/code/get_bmrb_data/bmrb_nmrstar/bmse000609/bmse000609.str
bmse000610,/Users/alfred/Documents/GitHub/DDLS_project/code/get_bmrb_data/bmrb_nmrstar/bmse000610/bmse000610.str
bmse000611,/Users/alfred/Documents/GitHub/DDLS_project/code/get_bmrb_data/bmrb_nmrstar/bmse000611/bmse000611.str
bmse000612,/Users/alfred/Documents/GitHub/DDLS_project/code/get_bmrb_data/bmrb_nmrstar/bmse000612/bmse000612.str
bmse000613,/Users/alfred/Documents/GitHub/DDLS_project/code/get_bmrb_data/bmrb_nmrstar/bmse000613/bmse000613.str
bmse000614,/Users/alfred/Documents/GitHub/DDLS_project/code/get_bmrb_data/bmrb_nmrstar/bmse000614/bmse000614.str
bmse000615,/Users/alfred/Documents/GitHub/DDLS_project/code/get_bmrb_data/bmrb_nmrstar/bmse000615/bmse000615.str
bmse000616,/Users/alfred/Documents/GitHub/DDLS_project/code/get_bmrb_data/bmrb_nmrstar/bmse000616/bmse000616.str
bmse000617,/Users/alfred/Documents/GitHub/DDLS_project/code/get_bmrb_data/bmrb_nmrstar/bmse000617/bmse000617.str
bmse000618,/Users/alfred/Documents/GitHub/DDLS_project/code/get_bmrb_data/bmrb_nmrstar/bmse000618/bmse000618.str
bmse000619,/Users/alfred/Documents/GitHub/DDLS_project/code/get_bmrb_data/bmrb_nmrstar/bmse000619/bmse000619.str
bmse000620,/Users/alfred/Documents/GitHub/DDLS_project/code/get_bmrb_data/bmrb_nmrstar/bmse000620/bmse000620.str
bmse000621,/Users/alfred/Documents/GitHub/DDLS_project/code/get_bmrb_data/bmrb_nmrstar/bmse000621/bmse000621.str
bmse000622,/Users/alfred/Documents/GitHub/DDLS_project/code/get_bmrb_data/bmrb_nmrstar/bmse000622/bmse000622.str
bmse000623,/Users/alfred/Documents/GitHub/DDLS_project/code/get_bmrb_data/bmrb_nmrstar/bmse000623/bmse000623.str
bmse000624,/Users/alfred/Documents/GitHub/DDLS_project/code/get_bmrb_data/bmrb_nmrstar/bmse000624/bmse000624.str
bmse000625,/Users/alfred/Documents/GitHub/DDLS_project/code/get_bmrb_data/bmrb_nmrstar/bmse000625/bmse000625.str
bmse000626,/Users/alfred/Documents/GitHub/DDLS_project/code/get_bmrb_data/bmrb_nmrstar/bmse000626/bmse000626.str
bmse000627,/Users/alfred/Documents/GitHub/DDLS_project/code/get_bmrb_data/bmrb_nmrstar/bmse000627/bmse000627.str
bmse000628,/Users/alfred/Documents/GitHub/DDLS_project/code/get_bmrb_data/bmrb_nmrstar/bmse000628/bmse000628.str
bmse000629,/Users/alfred/Documents/GitHub/DDLS_project/code/get_bmrb_data/bmrb_nmrstar/bmse000629/bmse000629.str
bmse000630,/Users/alfred/Documents/GitHub/DDLS_project/code/get_bmrb_data/bmrb_nmrstar/bmse000630/bmse000630.str
bmse000631,/Users/alfred/Documents/GitHub/DDLS_project/code/get_bmrb_data/bmrb_nmrstar/bmse000631/bmse000631.str
bmse000632,/Users/alfred/Documents/GitHub/DDLS_project/code/get_bmrb_data/bmrb_nmrstar/bmse000632/bmse000632.str
bmse000634,/Users/alfred/Documents/GitHub/DDLS_project/code/get_bmrb_data/bmrb_nmrstar/bmse000634/bmse000634.str
bmse000635,/Users/alfred/Documents/GitHub/DDLS_project/code/get_bmrb_data/bmrb_nmrstar/bmse000635/bmse000635.str
bmse000636,/Users/alfred/Documents/GitHub/DDLS_project/code/get_bmrb_data/bmrb_nmrstar/bmse000636/bmse000636.str
bmse000637,/Users/alfred/Documents/GitHub/DDLS_project/code/get_bmrb_data/bmrb_nmrstar/bmse000637/bmse000637.str
bmse000638,/Users/alfred/Documents/GitHub/DDLS_project/code/get_bmrb_data/bmrb_nmrstar/bmse000638/bmse000638.str
bmse000639,/Users/alfred/Documents/GitHub/DDLS_project/code/get_bmrb_data/bmrb_nmrstar/bmse000639/bmse000639.str
bmse000640,/Users/alfred/Documents/GitHub/DDLS_project/code/get_bmrb_data/bmrb_nmrstar/bmse000640/bmse000640.str
bmse000641,/Users/alfred/Documents/GitHub/DDLS_project/code/get_bmrb_data/bmrb_nmrstar/bmse000641/bmse000641.str
bmse000642,/Users/alfred/Documents/GitHub/DDLS_project/code/get_bmrb_data/bmrb_nmrstar/bmse000642/bmse000642.str
bmse000643,/Users/alfred/Documents/GitHub/DDLS_project/code/get_bmrb_data/bmrb_nmrstar/bmse000643/bmse000643.str
bmse000644,/Users/alfred/Documents/GitHub/DDLS_project/code/get_bmrb_data/bmrb_nmrstar/bmse000644/bmse000644.str
bmse000645,/Users/alfred/Documents/GitHub/DDLS_project/code/get_bmrb_data/bmrb_nmrstar/bmse000645/bmse000645.str
bmse000646,/Users/alfred/Documents/GitHub/DDLS_project/code/get_bmrb_data/bmrb_nmrstar/bmse000646/bmse000646.str
bmse000647,/Users/alfred/Documents/GitHub/DDLS_project/code/get_bmrb_data/bmrb_nmrstar/bmse000647/bmse000647.str
bmse000648,/Users/alfred/Documents/GitHub/DDLS_project/code/get_bmrb_data/bmrb_nmrstar/bmse000648/bmse000648.str
bmse000649,/Users/alfred/Documents/GitHub/DDLS_project/code/get_bmrb_data/bmrb_nmrstar/bmse000649/bmse000649.str
bmse000650,/Users/alfred/Documents/GitHub/DDLS_project/code/get_bmrb_data/bmrb_nmrstar/bmse000650/bmse000650.str
bmse000651,/Users/alfred/Documents/GitHub/DDLS_project/code/get_bmrb_data/bmrb_nmrstar/bmse000651/bmse000651.str
bmse000652,/Users/alfred/Documents/GitHub/DDLS_project/code/get_bmrb_data/bmrb_nmrstar/bmse000652/bmse000652.str
bmse000653,/Users/alfred/Documents/GitHub/DDLS_project/code/get_bmrb_data/bmrb_nmrstar/bmse000653/bmse000653.str
bmse000654,/Users/alfred/Documents/GitHub/DDLS_project/code/get_bmrb_data/bmrb_nmrstar/bmse000654/bmse000654.str
bmse000655,/Users/alfred/Documents/GitHub/DDLS_project/code/get_bmrb_data/bmrb_nmrstar/bmse000655/bmse000655.str
bmse000656,/Users/alfred/Documents/GitHub/DDLS_project/code/get_bmrb_data/bmrb_nmrstar/bmse000656/bmse000656.str
bmse000657,/Users/alfred/Documents/GitHub/DDLS_project/code/get_bmrb_data/bmrb_nmrstar/bmse000657/bmse000657.str
bmse000658,/Users/alfred/Documents/GitHub/DDLS_project/code/get_bmrb_data/bmrb_nmrstar/bmse000658/bmse000658.str
bmse000659,/Users/alfred/Documents/GitHub/DDLS_project/code/get_bmrb_data/bmrb_nmrstar/bmse000659/bmse000659.str
bmse000660,/Users/alfred/Documents/GitHub/DDLS_project/code/get_bmrb_data/bmrb_nmrstar/bmse000660/bmse000660.str
bmse000661,/Users/alfred/Documents/GitHub/DDLS_project/code/get_bmrb_data/bmrb_nmrstar/bmse000661/bmse000661.str
bmse000662,/Users/alfred/Documents/GitHub/DDLS_project/code/get_bmrb_data/bmrb_nmrstar/bmse000662/bmse000662.str
bmse000663,/Users/alfred/Documents/GitHub/DDLS_project/code/get_bmrb_data/bmrb_nmrstar/bmse000663/bmse000663.str
bmse000664,/Users/alfred/Documents/GitHub/DDLS_project/code/get_bmrb_data/bmrb_nmrstar/bmse000664/bmse000664.str
bmse000665,/Users/alfred/Documents/GitHub/DDLS_project/code/get_bmrb_data/bmrb_nmrstar/bmse000665/bmse000665.str
bmse000666,/Users/alfred/Documents/GitHub/DDLS_project/code/get_bmrb_data/bmrb_nmrstar/bmse000666/bmse000666.str
bmse000667,/Users/alfred/Documents/GitHub/DDLS_project/code/get_bmrb_data/bmrb_nmrstar/bmse000667/bmse000667.str
bmse000668,/Users/alfred/Documents/GitHub/DDLS_project/code/get_bmrb_data/bmrb_nmrstar/bmse000668/bmse000668.str
bmse000669,/Users/alfred/Documents/GitHub/DDLS_project/code/get_bmrb_data/bmrb_nmrstar/bmse000669/bmse000669.str
bmse000670,/Users/alfred/Documents/GitHub/DDLS_project/code/get_bmrb_data/bmrb_nmrstar/bmse000670/bmse000670.str
bmse000671,/Users/alfred/Documents/GitHub/DDLS_project/code/get_bmrb_data/bmrb_nmrstar/bmse000671/bmse000671.str
bmse000672,/Users/alfred/Documents/GitHub/DDLS_project/code/get_bmrb_data/bmrb_nmrstar/bmse000672/bmse000672.str
bmse000673,/Users/alfred/Documents/GitHub/DDLS_project/code/get_bmrb_data/bmrb_nmrstar/bmse000673/bmse000673.str
bmse000674,/Users/alfred/Documents/GitHub/DDLS_project/code/get_bmrb_data/bmrb_nmrstar/bmse000674/bmse000674.str
bmse000675,/Users/alfred/Documents/GitHub/DDLS_project/code/get_bmrb_data/bmrb_nmrstar/bmse000675/bmse000675.str
bmse000676,/Users/alfred/Documents/GitHub/DDLS_project/code/get_bmrb_data/bmrb_nmrstar/bmse000676/bmse000676.str
bmse000677,/Users/alfred/Documents/GitHub/DDLS_project/code/get_bmrb_data/bmrb_nmrstar/bmse000677/bmse000677.str
bmse000678,/Users/alfred/Documents/GitHub/DDLS_project/code/get_bmrb_data/bmrb_nmrstar/bmse000678/bmse000678.str
bmse000679,/Users/alfred/Documents/GitHub/DDLS_project/code/get_bmrb_data/bmrb_nmrstar/bmse000679/bmse000679.str
bmse000680,/Users/alfred/Documents/GitHub/DDLS_project/code/get_bmrb_data/bmrb_nmrstar/bmse000680/bmse000680.str
bmse000681,/Users/alfred/Documents/GitHub/DDLS_project/code/get_bmrb_data/bmrb_nmrstar/bmse000681/bmse000681.str
bmse000682,/Users/alfred/Documents/GitHub/DDLS_project/code/get_bmrb_data/bmrb_nmrstar/bmse000682/bmse000682.str
bmse000683,/Users/alfred/Documents/GitHub/DDLS_project/code/get_bmrb_data/bmrb_nmrstar/bmse000683/bmse000683.str
bmse000684,/Users/alfred/Documents/GitHub/DDLS_project/code/get_bmrb_data/bmrb_nmrstar/bmse000684/bmse000684.str
bmse000685,/Users/alfred/Documents/GitHub/DDLS_project/code/get_bmrb_data/bmrb_nmrstar/bmse000685/bmse000685.str
bmse000686,/Users/alfred/Documents/GitHub/DDLS_project/code/get_bmrb_data/bmrb_nmrstar/bmse000686/bmse000686.str
bmse000687,/Users/alfred/Documents/GitHub/DDLS_project/code/get_bmrb_data/bmrb_nmrstar/bmse000687/bmse000687.str
bmse000688,/Users/alfred/Documents/GitHub/DDLS_project/code/get_bmrb_data/bmrb_nmrstar/bmse000688/bmse000688.str
bmse000689,/Users/alfred/Documents/GitHub/DDLS_project/code/get_bmrb_data/bmrb_nmrstar/bmse000689/bmse000689.str
bmse000690,/Users/alfred/Documents/GitHub/DDLS_project/code/get_bmrb_data/bmrb_nmrstar/bmse000690/bmse000690.str
bmse000691,/Users/alfred/Documents/GitHub/DDLS_project/code/get_bmrb_data/bmrb_nmrstar/bmse000691/bmse000691.str
bmse000692,/Users/alfred/Documents/GitHub/DDLS_project/code/get_bmrb_data/bmrb_nmrstar/bmse000692/bmse000692.str
bmse000693,/Users/alfred/Documents/GitHub/DDLS_project/code/get_bmrb_data/bmrb_nmrstar/bmse000693/bmse000693.str
bmse000694,/Users/alfred/Documents/GitHub/DDLS_project/code/get_bmrb_data/bmrb_nmrstar/bmse000694/bmse000694.str
bmse000695,/Users/alfred/Documents/GitHub/DDLS_project/code/get_bmrb_data/bmrb_nmrstar/bmse000695/bmse000695.str
bmse000696,/Users/alfred/Documents/GitHub/DDLS_project/code/get_bmrb_data/bmrb_nmrstar/bmse000696/bmse000696.str
bmse000697,/Users/alfred/Documents/GitHub/DDLS_project/code/get_bmrb_data/bmrb_nmrstar/bmse000697/bmse000697.str
bmse000698,/Users/alfred/Documents/GitHub/DDLS_project/code/get_bmrb_data/bmrb_nmrstar/bmse000698/bmse000698.str
bmse000699,/Users/alfred/Documents/GitHub/DDLS_project/code/get_bmrb_data/bmrb_nmrstar/bmse000699/bmse000699.str
bmse000700,/Users/alfred/Documents/GitHub/DDLS_project/code/get_bmrb_data/bmrb_nmrstar/bmse000700/bmse000700.str
bmse000701,/Users/alfred/Documents/GitHub/DDLS_project/code/get_bmrb_data/bmrb_nmrstar/bmse000701/bmse000701.str
bmse000702,/Users/alfred/Documents/GitHub/DDLS_project/code/get_bmrb_data/bmrb_nmrstar/bmse000702/bmse000702.str
bmse000703,/Users/alfred/Documents/GitHub/DDLS_project/code/get_bmrb_data/bmrb_nmrstar/bmse000703/bmse000703.str
bmse000704,/Users/alfred/Documents/GitHub/DDLS_project/code/get_bmrb_data/bmrb_nmrstar/bmse000704/bmse000704.str
bmse000705,/Users/alfred/Documents/GitHub/DDLS_project/code/get_bmrb_data/bmrb_nmrstar/bmse000705/bmse000705.str
bmse000706,/Users/alfred/Documents/GitHub/DDLS_project/code/get_bmrb_data/bmrb_nmrstar/bmse000706/bmse000706.str
bmse000707,/Users/alfred/Documents/GitHub/DDLS_project/code/get_bmrb_data/bmrb_nmrstar/bmse000707/bmse000707.str
bmse000708,/Users/alfred/Documents/GitHub/DDLS_project/code/get_bmrb_data/bmrb_nmrstar/bmse000708/bmse000708.str
bmse000709,/Users/alfred/Documents/GitHub/DDLS_project/code/get_bmrb_data/bmrb_nmrstar/bmse000709/bmse000709.str
bmse000710,/Users/alfred/Documents/GitHub/DDLS_project/code/get_bmrb_data/bmrb_nmrstar/bmse000710/bmse000710.str
bmse000711,/Users/alfred/Documents/GitHub/DDLS_project/code/get_bmrb_data/bmrb_nmrstar/bmse000711/bmse000711.str
bmse000712,/Users/alfred/Documents/GitHub/DDLS_project/code/get_bmrb_data/bmrb_nmrstar/bmse000712/bmse000712.str
bmse000713,/Users/alfred/Documents/GitHub/DDLS_project/code/get_bmrb_data/bmrb_nmrstar/bmse000713/bmse000713.str
bmse000714,/Users/alfred/Documents/GitHub/DDLS_project/code/get_bmrb_data/bmrb_nmrstar/bmse000714/bmse000714.str
bmse000715,/Users/alfred/Documents/GitHub/DDLS_project/code/get_bmrb_data/bmrb_nmrstar/bmse000715/bmse000715.str
bmse000716,/Users/alfred/Documents/GitHub/DDLS_project/code/get_bmrb_data/bmrb_nmrstar/bmse000716/bmse000716.str
bmse000717,/Users/alfred/Documents/GitHub/DDLS_project/code/get_bmrb_data/bmrb_nmrstar/bmse000717/bmse000717.str
bmse000718,/Users/alfred/Documents/GitHub/DDLS_project/code/get_bmrb_data/bmrb_nmrstar/bmse000718/bmse000718.str
bmse000719,/Users/alfred/Documents/GitHub/DDLS_project/code/get_bmrb_data/bmrb_nmrstar/bmse000719/bmse000719.str
bmse000720,/Users/alfred/Documents/GitHub/DDLS_project/code/get_bmrb_data/bmrb_nmrstar/bmse000720/bmse000720.str
bmse000721,/Users/alfred/Documents/GitHub/DDLS_project/code/get_bmrb_data/bmrb_nmrstar/bmse000721/bmse000721.str
bmse000722,/Users/alfred/Documents/GitHub/DDLS_project/code/get_bmrb_data/bmrb_nmrstar/bmse000722/bmse000722.str
bmse000723,/Users/alfred/Documents/GitHub/DDLS_project/code/get_bmrb_data/bmrb_nmrstar/bmse000723/bmse000723.str
bmse000724,/Users/alfred/Documents/GitHub/DDLS_project/code/get_bmrb_data/bmrb_nmrstar/bmse000724/bmse000724.str
bmse000725,/Users/alfred/Documents/GitHub/DDLS_project/code/get_bmrb_data/bmrb_nmrstar/bmse000725/bmse000725.str
bmse000726,/Users/alfred/Documents/GitHub/DDLS_project/code/get_bmrb_data/bmrb_nmrstar/bmse000726/bmse000726.str
bmse000727,/Users/alfred/Documents/GitHub/DDLS_project/code/get_bmrb_data/bmrb_nmrstar/bmse000727/bmse000727.str
bmse000728,/Users/alfred/Documents/GitHub/DDLS_project/code/get_bmrb_data/bmrb_nmrstar/bmse000728/bmse000728.str
bmse000729,/Users/alfred/Documents/GitHub/DDLS_project/code/get_bmrb_data/bmrb_nmrstar/bmse000729/bmse000729.str
bmse000730,/Users/alfred/Documents/GitHub/DDLS_project/code/get_bmrb_data/bmrb_nmrstar/bmse000730/bmse000730.str
bmse000731,/Users/alfred/Documents/GitHub/DDLS_project/code/get_bmrb_data/bmrb_nmrstar/bmse000731/bmse000731.str
bmse000732,/Users/alfred/Documents/GitHub/DDLS_project/code/get_bmrb_data/bmrb_nmrstar/bmse000732/bmse000732.str
bmse000733,/Users/alfred/Documents/GitHub/DDLS_project/code/get_bmrb_data/bmrb_nmrstar/bmse000733/bmse000733.str
bmse000734,/Users/alfred/Documents/GitHub/DDLS_project/code/get_bmrb_data/bmrb_nmrstar/bmse000734/bmse000734.str
bmse000735,/Users/alfred/Documents/GitHub/DDLS_project/code/get_bmrb_data/bmrb_nmrstar/bmse000735/bmse000735.str
bmse000736,/Users/alfred/Documents/GitHub/DDLS_project/code/get_bmrb_data/bmrb_nmrstar/bmse000736/bmse000736.str
bmse000737,/Users/alfred/Documents/GitHub/DDLS_project/code/get_bmrb_data/bmrb_nmrstar/bmse000737/bmse000737.str
bmse000738,/Users/alfred/Documents/GitHub/DDLS_project/code/get_bmrb_data/bmrb_nmrstar/bmse000738/bmse000738.str
bmse000739,/Users/alfred/Documents/GitHub/DDLS_project/code/get_bmrb_data/bmrb_nmrstar/bmse000739/bmse000739.str
bmse000740,/Users/alfred/Documents/GitHub/DDLS_project/code/get_bmrb_data/bmrb_nmrstar/bmse000740/bmse000740.str
bmse000741,/Users/alfred/Documents/GitHub/DDLS_project/code/get_bmrb_data/bmrb_nmrstar/bmse000741/bmse000741.str
bmse000742,/Users/alfred/Documents/GitHub/DDLS_project/code/get_bmrb_data/bmrb_nmrstar/bmse000742/bmse000742.str
bmse000743,/Users/alfred/Documents/GitHub/DDLS_project/code/get_bmrb_data/bmrb_nmrstar/bmse000743/bmse000743.str
bmse000744,/Users/alfred/Documents/GitHub/DDLS_project/code/get_bmrb_data/bmrb_nmrstar/bmse000744/bmse000744.str
bmse000745,/Users/alfred/Documents/GitHub/DDLS_project/code/get_bmrb_data/bmrb_nmrstar/bmse000745/bmse000745.str
bmse000746,/Users/alfred/Documents/GitHub/DDLS_project/code/get_bmrb_data/bmrb_nmrstar/bmse000746/bmse000746.str
bmse000747,/Users/alfred/Documents/GitHub/DDLS_project/code/get_bmrb_data/bmrb_nmrstar/bmse000747/bmse000747.str
bmse000748,/Users/alfred/Documents/GitHub/DDLS_project/code/get_bmrb_data/bmrb_nmrstar/bmse000748/bmse000748.str
bmse000749,/Users/alfred/Documents/GitHub/DDLS_project/code/get_bmrb_data/bmrb_nmrstar/bmse000749/bmse000749.str
bmse000750,/Users/alfred/Documents/GitHub/DDLS_project/code/get_bmrb_data/bmrb_nmrstar/bmse000750/bmse000750.str
bmse000751,/Users/alfred/Documents/GitHub/DDLS_project/code/get_bmrb_data/bmrb_nmrstar/bmse000751/bmse000751.str
bmse000752,/Users/alfred/Documents/GitHub/DDLS_project/code/get_bmrb_data/bmrb_nmrstar/bmse000752/bmse000752.str
bmse000753,/Users/alfred/Documents/GitHub/DDLS_project/code/get_bmrb_data/bmrb_nmrstar/bmse000753/bmse000753.str
bmse000754,/Users/alfred/Documents/GitHub/DDLS_project/code/get_bmrb_data/bmrb_nmrstar/bmse000754/bmse000754.str
bmse000755,/Users/alfred/Documents/GitHub/DDLS_project/code/get_bmrb_data/bmrb_nmrstar/bmse000755/bmse000755.str
bmse000756,/Users/alfred/Documents/GitHub/DDLS_project/code/get_bmrb_data/bmrb_nmrstar/bmse000756/bmse000756.str
bmse000757,/Users/alfred/Documents/GitHub/DDLS_project/code/get_bmrb_data/bmrb_nmrstar/bmse000757/bmse000757.str
bmse000758,/Users/alfred/Documents/GitHub/DDLS_project/code/get_bmrb_data/bmrb_nmrstar/bmse000758/bmse000758.str
bmse000759,/Users/alfred/Documents/GitHub/DDLS_project/code/get_bmrb_data/bmrb_nmrstar/bmse000759/bmse000759.str
bmse000760,/Users/alfred/Documents/GitHub/DDLS_project/code/get_bmrb_data/bmrb_nmrstar/bmse000760/bmse000760.str
bmse000761,/Users/alfred/Documents/GitHub/DDLS_project/code/get_bmrb_data/bmrb_nmrstar/bmse000761/bmse000761.str
bmse000762,/Users/alfred/Documents/GitHub/DDLS_project/code/get_bmrb_data/bmrb_nmrstar/bmse000762/bmse000762.str
bmse000763,/Users/alfred/Documents/GitHub/DDLS_project/code/get_bmrb_data/bmrb_nmrstar/bmse000763/bmse000763.str
bmse000764,/Users/alfred/Documents/GitHub/DDLS_project/code/get_bmrb_data/bmrb_nmrstar/bmse000764/bmse000764.str
bmse000765,/Users/alfred/Documents/GitHub/DDLS_project/code/get_bmrb_data/bmrb_nmrstar/bmse000765/bmse000765.str
bmse000766,/Users/alfred/Documents/GitHub/DDLS_project/code/get_bmrb_data/bmrb_nmrstar/bmse000766/bmse000766.str
bmse000767,/Users/alfred/Documents/GitHub/DDLS_project/code/get_bmrb_data/bmrb_nmrstar/bmse000767/bmse000767.str
bmse000768,/Users/alfred/Documents/GitHub/DDLS_project/code/get_bmrb_data/bmrb_nmrstar/bmse000768/bmse000768.str
bmse000769,/Users/alfred/Documents/GitHub/DDLS_project/code/get_bmrb_data/bmrb_nmrstar/bmse000769/bmse000769.str
bmse000770,/Users/alfred/Documents/GitHub/DDLS_project/code/get_bmrb_data/bmrb_nmrstar/bmse000770/bmse000770.str
bmse000771,/Users/alfred/Documents/GitHub/DDLS_project/code/get_bmrb_data/bmrb_nmrstar/bmse000771/bmse000771.str
bmse000772,/Users/alfred/Documents/GitHub/DDLS_project/code/get_bmrb_data/bmrb_nmrstar/bmse000772/bmse000772.str
bmse000773,/Users/alfred/Documents/GitHub/DDLS_project/code/get_bmrb_data/bmrb_nmrstar/bmse000773/bmse000773.str
bmse000774,/Users/alfred/Documents/GitHub/DDLS_project/code/get_bmrb_data/bmrb_nmrstar/bmse000774/bmse000774.str
bmse000775,/Users/alfred/Documents/GitHub/DDLS_project/code/get_bmrb_data/bmrb_nmrstar/bmse000775/bmse000775.str
bmse000776,/Users/alfred/Documents/GitHub/DDLS_project/code/get_bmrb_data/bmrb_nmrstar/bmse000776/bmse000776.str
bmse000777,/Users/alfred/Documents/GitHub/DDLS_project/code/get_bmrb_data/bmrb_nmrstar/bmse000777/bmse000777.str
bmse000778,/Users/alfred/Documents/GitHub/DDLS_project/code/get_bmrb_data/bmrb_nmrstar/bmse000778/bmse000778.str
bmse000779,/Users/alfred/Documents/GitHub/DDLS_project/code/get_bmrb_data/bmrb_nmrstar/bmse000779/bmse000779.str
bmse000780,/Users/alfred/Documents/GitHub/DDLS_project/code/get_bmrb_data/bmrb_nmrstar/bmse000780/bmse000780.str
bmse000781,/Users/alfred/Documents/GitHub/DDLS_project/code/get_bmrb_data/bmrb_nmrstar/bmse000781/bmse000781.str
bmse000786,/Users/alfred/Documents/GitHub/DDLS_project/code/get_bmrb_data/bmrb_nmrstar/bmse000786/bmse000786.str
bmse000787,/Users/alfred/Documents/GitHub/DDLS_project/code/get_bmrb_data/bmrb_nmrstar/bmse000787/bmse000787.str
bmse000788,/Users/alfred/Documents/GitHub/DDLS_project/code/get_bmrb_data/bmrb_nmrstar/bmse000788/bmse000788.str
bmse000789,/Users/alfred/Documents/GitHub/DDLS_project/code/get_bmrb_data/bmrb_nmrstar/bmse000789/bmse000789.str
bmse000790,/Users/alfred/Documents/GitHub/DDLS_project/code/get_bmrb_data/bmrb_nmrstar/bmse000790/bmse000790.str
bmse000791,/Users/alfred/Documents/GitHub/DDLS_project/code/get_bmrb_data/bmrb_nmrstar/bmse000791/bmse000791.str
bmse000792,/Users/alfred/Documents/GitHub/DDLS_project/code/get_bmrb_data/bmrb_nmrstar/bmse000792/bmse000792.str
bmse000793,/Users/alfred/Documents/GitHub/DDLS_project/code/get_bmrb_data/bmrb_nmrstar/bmse000793/bmse000793.str
bmse000794,/Users/alfred/Documents/GitHub/DDLS_project/code/get_bmrb_data/bmrb_nmrstar/bmse000794/bmse000794.str
bmse000795,/Users/alfred/Documents/GitHub/DDLS_project/code/get_bmrb_data/bmrb_nmrstar/bmse000795/bmse000795.str
bmse000796,/Users/alfred/Documents/GitHub/DDLS_project/code/get_bmrb_data/bmrb_nmrstar/bmse000796/bmse000796.str
bmse000797,/Users/alfred/Documents/GitHub/DDLS_project/code/get_bmrb_data/bmrb_nmrstar/bmse000797/bmse000797.str
bmse000798,/Users/alfred/Documents/GitHub/DDLS_project/code/get_bmrb_data/bmrb_nmrstar/bmse000798/bmse000798.str
bmse000799,/Users/alfred/Documents/GitHub/DDLS_project/code/get_bmrb_data/bmrb_nmrstar/bmse000799/bmse000799.str
bmse000800,/Users/alfred/Documents/GitHub/DDLS_project/code/get_bmrb_data/bmrb_nmrstar/bmse000800/bmse000800.str
bmse000801,/Users/alfred/Documents/GitHub/DDLS_project/code/get_bmrb_data/bmrb_nmrstar/bmse000801/bmse000801.str
bmse000802,/Users/alfred/Documents/GitHub/DDLS_project/code/get_bmrb_data/bmrb_nmrstar/bmse000802/bmse000802.str
bmse000803,/Users/alfred/Documents/GitHub/DDLS_project/code/get_bmrb_data/bmrb_nmrstar/bmse000803/bmse000803.str
bmse000804,/Users/alfred/Documents/GitHub/DDLS_project/code/get_bmrb_data/bmrb_nmrstar/bmse000804/bmse000804.str
bmse000805,/Users/alfred/Documents/GitHub/DDLS_project/code/get_bmrb_data/bmrb_nmrstar/bmse000805/bmse000805.str
bmse000806,/Users/alfred/Documents/GitHub/DDLS_project/code/get_bmrb_data/bmrb_nmrstar/bmse000806/bmse000806.str
bmse000807,/Users/alfred/Documents/GitHub/DDLS_project/code/get_bmrb_data/bmrb_nmrstar/bmse000807/bmse000807.str
bmse000808,/Users/alfred/Documents/GitHub/DDLS_project/code/get_bmrb_data/bmrb_nmrstar/bmse000808/bmse000808.str
bmse000809,/Users/alfred/Documents/GitHub/DDLS_project/code/get_bmrb_data/bmrb_nmrstar/bmse000809/bmse000809.str
bmse000810,/Users/alfred/Documents/GitHub/DDLS_project/code/get_bmrb_data/bmrb_nmrstar/bmse000810/bmse000810.str
bmse000811,/Users/alfred/Documents/GitHub/DDLS_project/code/get_bmrb_data/bmrb_nmrstar/bmse000811/bmse000811.str
bmse000812,/Users/alfred/Documents/GitHub/DDLS_project/code/get_bmrb_data/bmrb_nmrstar/bmse000812/bmse000812.str
bmse000813,/Users/alfred/Documents/GitHub/DDLS_project/code/get_bmrb_data/bmrb_nmrstar/bmse000813/bmse000813.str
bmse000814,/Users/alfred/Documents/GitHub/DDLS_project/code/get_bmrb_data/bmrb_nmrstar/bmse000814/bmse000814.str
bmse000815,/Users/alfred/Documents/GitHub/DDLS_project/code/get_bmrb_data/bmrb_nmrstar/bmse000815/bmse000815.str
bmse000816,/Users/alfred/Documents/GitHub/DDLS_project/code/get_bmrb_data/bmrb_nmrstar/bmse000816/bmse000816.str
bmse000817,/Users/alfred/Documents/GitHub/DDLS_project/code/get_bmrb_data/bmrb_nmrstar/bmse000817/bmse000817.str
bmse000818,/Users/alfred/Documents/GitHub/DDLS_project/code/get_bmrb_data/bmrb_nmrstar/bmse000818/bmse000818.str
bmse000819,/Users/alfred/Documents/GitHub/DDLS_project/code/get_bmrb_data/bmrb_nmrstar/bmse000819/bmse000819.str
bmse000820,/Users/alfred/Documents/GitHub/DDLS_project/code/get_bmrb_data/bmrb_nmrstar/bmse000820/bmse000820.str
bmse000821,/Users/alfred/Documents/GitHub/DDLS_project/code/get_bmrb_data/bmrb_nmrstar/bmse000821/bmse000821.str
bmse000822,/Users/alfred/Documents/GitHub/DDLS_project/code/get_bmrb_data/bmrb_nmrstar/bmse000822/bmse000822.str
bmse000823,/Users/alfred/Documents/GitHub/DDLS_project/code/get_bmrb_data/bmrb_nmrstar/bmse000823/bmse000823.str
bmse000824,/Users/alfred/Documents/GitHub/DDLS_project/code/get_bmrb_data/bmrb_nmrstar/bmse000824/bmse000824.str
bmse000825,/Users/alfred/Documents/GitHub/DDLS_project/code/get_bmrb_data/bmrb_nmrstar/bmse000825/bmse000825.str
bmse000826,/Users/alfred/Documents/GitHub/DDLS_project/code/get_bmrb_data/bmrb_nmrstar/bmse000826/bmse000826.str
bmse000827,/Users/alfred/Documents/GitHub/DDLS_project/code/get_bmrb_data/bmrb_nmrstar/bmse000827/bmse000827.str
bmse000828,/Users/alfred/Documents/GitHub/DDLS_project/code/get_bmrb_data/bmrb_nmrstar/bmse000828/bmse000828.str
bmse000829,/Users/alfred/Documents/GitHub/DDLS_project/code/get_bmrb_data/bmrb_nmrstar/bmse000829/bmse000829.str
bmse000830,/Users/alfred/Documents/GitHub/DDLS_project/code/get_bmrb_data/bmrb_nmrstar/bmse000830/bmse000830.str
bmse000831,/Users/alfred/Documents/GitHub/DDLS_project/code/get_bmrb_data/bmrb_nmrstar/bmse000831/bmse000831.str
bmse000832,/Users/alfred/Documents/GitHub/DDLS_project/code/get_bmrb_data/bmrb_nmrstar/bmse000832/bmse000832.str
bmse000833,/Users/alfred/Documents/GitHub/DDLS_project/code/get_bmrb_data/bmrb_nmrstar/bmse000833/bmse000833.str
bmse000834,/Users/alfred/Documents/GitHub/DDLS_project/code/get_bmrb_data/bmrb_nmrstar/bmse000834/bmse000834.str
bmse000835,/Users/alfred/Documents/GitHub/DDLS_project/code/get_bmrb_data/bmrb_nmrstar/bmse000835/bmse000835.str
bmse000836,/Users/alfred/Documents/GitHub/DDLS_project/code/get_bmrb_data/bmrb_nmrstar/bmse000836/bmse000836.str
bmse000837,/Users/alfred/Documents/GitHub/DDLS_project/code/get_bmrb_data/bmrb_nmrstar/bmse000837/bmse000837.str
bmse000838,/Users/alfred/Documents/GitHub/DDLS_project/code/get_bmrb_data/bmrb_nmrstar/bmse000838/bmse000838.str
bmse000839,/Users/alfred/Documents/GitHub/DDLS_project/code/get_bmrb_data/bmrb_nmrstar/bmse000839/bmse000839.str
bmse000840,/Users/alfred/Documents/GitHub/DDLS_project/code/get_bmrb_data/bmrb_nmrstar/bmse000840/bmse000840.str
bmse000841,/Users/alfred/Documents/GitHub/DDLS_project/code/get_bmrb_data/bmrb_nmrstar/bmse000841/bmse000841.str
bmse000842,/Users/alfred/Documents/GitHub/DDLS_project/code/get_bmrb_data/bmrb_nmrstar/bmse000842/bmse000842.str
bmse000843,/Users/alfred/Documents/GitHub/DDLS_project/code/get_bmrb_data/bmrb_nmrstar/bmse000843/bmse000843.str
bmse000844,/Users/alfred/Documents/GitHub/DDLS_project/code/get_bmrb_data/bmrb_nmrstar/bmse000844/bmse000844.str
bmse000845,/Users/alfred/Documents/GitHub/DDLS_project/code/get_bmrb_data/bmrb_nmrstar/bmse000845/bmse000845.str
bmse000846,/Users/alfred/Documents/GitHub/DDLS_project/code/get_bmrb_data/bmrb_nmrstar/bmse000846/bmse000846.str
bmse000847,/Users/alfred/Documents/GitHub/DDLS_project/code/get_bmrb_data/bmrb_nmrstar/bmse000847/bmse000847.str
bmse000848,/Users/alfred/Documents/GitHub/DDLS_project/code/get_bmrb_data/bmrb_nmrstar/bmse000848/bmse000848.str
bmse000849,/Users/alfred/Documents/GitHub/DDLS_project/code/get_bmrb_data/bmrb_nmrstar/bmse000849/bmse000849.str
bmse000850,/Users/alfred/Documents/GitHub/DDLS_project/code/get_bmrb_data/bmrb_nmrstar/bmse000850/bmse000850.str
bmse000851,/Users/alfred/Documents/GitHub/DDLS_project/code/get_bmrb_data/bmrb_nmrstar/bmse000851/bmse000851.str
bmse000852,/Users/alfred/Documents/GitHub/DDLS_project/code/get_bmrb_data/bmrb_nmrstar/bmse000852/bmse000852.str
bmse000853,/Users/alfred/Documents/GitHub/DDLS_project/code/get_bmrb_data/bmrb_nmrstar/bmse000853/bmse000853.str
bmse000854,/Users/alfred/Documents/GitHub/DDLS_project/code/get_bmrb_data/bmrb_nmrstar/bmse000854/bmse000854.str
bmse000855,/Users/alfred/Documents/GitHub/DDLS_project/code/get_bmrb_data/bmrb_nmrstar/bmse000855/bmse000855.str
bmse000856,/Users/alfred/Documents/GitHub/DDLS_project/code/get_bmrb_data/bmrb_nmrstar/bmse000856/bmse000856.str
bmse000857,/Users/alfred/Documents/GitHub/DDLS_project/code/get_bmrb_data/bmrb_nmrstar/bmse000857/bmse000857.str
bmse000858,/Users/alfred/Documents/GitHub/DDLS_project/code/get_bmrb_data/bmrb_nmrstar/bmse000858/bmse000858.str
bmse000859,/Users/alfred/Documents/GitHub/DDLS_project/code/get_bmrb_data/bmrb_nmrstar/bmse000859/bmse000859.str
bmse000860,/Users/alfred/Documents/GitHub/DDLS_project/code/get_bmrb_data/bmrb_nmrstar/bmse000860/bmse000860.str
bmse000861,/Users/alfred/Documents/GitHub/DDLS_project/code/get_bmrb_data/bmrb_nmrstar/bmse000861/bmse000861.str
bmse000862,/Users/alfred/Documents/GitHub/DDLS_project/code/get_bmrb_data/bmrb_nmrstar/bmse000862/bmse000862.str
bmse000863,/Users/alfred/Documents/GitHub/DDLS_project/code/get_bmrb_data/bmrb_nmrstar/bmse000863/bmse000863.str
bmse000864,/Users/alfred/Documents/GitHub/DDLS_project/code/get_bmrb_data/bmrb_nmrstar/bmse000864/bmse000864.str
bmse000865,/Users/alfred/Documents/GitHub/DDLS_project/code/get_bmrb_data/bmrb_nmrstar/bmse000865/bmse000865.str
bmse000866,/Users/alfred/Documents/GitHub/DDLS_project/code/get_bmrb_data/bmrb_nmrstar/bmse000866/bmse000866.str
bmse000867,/Users/alfred/Documents/GitHub/DDLS_project/code/get_bmrb_data/bmrb_nmrstar/bmse000867/bmse000867.str
bmse000868,/Users/alfred/Documents/GitHub/DDLS_project/code/get_bmrb_data/bmrb_nmrstar/bmse000868/bmse000868.str
bmse000869,/Users/alfred/Documents/GitHub/DDLS_project/code/get_bmrb_data/bmrb_nmrstar/bmse000869/bmse000869.str
bmse000870,/Users/alfred/Documents/GitHub/DDLS_project/code/get_bmrb_data/bmrb_nmrstar/bmse000870/bmse000870.str
bmse000871,/Users/alfred/Documents/GitHub/DDLS_project/code/get_bmrb_data/bmrb_nmrstar/bmse000871/bmse000871.str
bmse000872,/Users/alfred/Documents/GitHub/DDLS_project/code/get_bmrb_data/bmrb_nmrstar/bmse000872/bmse000872.str
bmse000873,/Users/alfred/Documents/GitHub/DDLS_project/code/get_bmrb_data/bmrb_nmrstar/bmse000873/bmse000873.str
bmse000874,/Users/alfred/Documents/GitHub/DDLS_project/code/get_bmrb_data/bmrb_nmrstar/bmse000874/bmse000874.str
bmse000875,/Users/alfred/Documents/GitHub/DDLS_project/code/get_bmrb_data/bmrb_nmrstar/bmse000875/bmse000875.str
bmse000876,/Users/alfred/Documents/GitHub/DDLS_project/code/get_bmrb_data/bmrb_nmrstar/bmse000876/bmse000876.str
bmse000877,/Users/alfred/Documents/GitHub/DDLS_project/code/get_bmrb_data/bmrb_nmrstar/bmse000877/bmse000877.str
bmse000878,/Users/alfred/Documents/GitHub/DDLS_project/code/get_bmrb_data/bmrb_nmrstar/bmse000878/bmse000878.str
bmse000879,/Users/alfred/Documents/GitHub/DDLS_project/code/get_bmrb_data/bmrb_nmrstar/bmse000879/bmse000879.str
bmse000880,/Users/alfred/Documents/GitHub/DDLS_project/code/get_bmrb_data/bmrb_nmrstar/bmse000880/bmse000880.str
bmse000881,/Users/alfred/Documents/GitHub/DDLS_project/code/get_bmrb_data/bmrb_nmrstar/bmse000881/bmse000881.str
bmse000882,/Users/alfred/Documents/GitHub/DDLS_project/code/get_bmrb_data/bmrb_nmrstar/bmse000882/bmse000882.str
bmse000883,/Users/alfred/Documents/GitHub/DDLS_project/code/get_bmrb_data/bmrb_nmrstar/bmse000883/bmse000883.str
bmse000884,/Users/alfred/Documents/GitHub/DDLS_project/code/get_bmrb_data/bmrb_nmrstar/bmse000884/bmse000884.str
bmse000885,/Users/alfred/Documents/GitHub/DDLS_project/code/get_bmrb_data/bmrb_nmrstar/bmse000885/bmse000885.str
bmse000886,/Users/alfred/Documents/GitHub/DDLS_project/code/get_bmrb_data/bmrb_nmrstar/bmse000886/bmse000886.str
bmse000887,/Users/alfred/Documents/GitHub/DDLS_project/code/get_bmrb_data/bmrb_nmrstar/bmse000887/bmse000887.str
bmse000888,/Users/alfred/Documents/GitHub/DDLS_project/code/get_bmrb_data/bmrb_nmrstar/bmse000888/bmse000888.str
bmse000889,/Users/alfred/Documents/GitHub/DDLS_project/code/get_bmrb_data/bmrb_nmrstar/bmse000889/bmse000889.str
bmse000890,/Users/alfred/Documents/GitHub/DDLS_project/code/get_bmrb_data/bmrb_nmrstar/bmse000890/bmse000890.str
bmse000891,/Users/alfred/Documents/GitHub/DDLS_project/code/get_bmrb_data/bmrb_nmrstar/bmse000891/bmse000891.str
bmse000892,/Users/alfred/Documents/GitHub/DDLS_project/code/get_bmrb_data/bmrb_nmrstar/bmse000892/bmse000892.str
bmse000893,/Users/alfred/Documents/GitHub/DDLS_project/code/get_bmrb_data/bmrb_nmrstar/bmse000893/bmse000893.str
bmse000894,/Users/alfred/Documents/GitHub/DDLS_project/code/get_bmrb_data/bmrb_nmrstar/bmse000894/bmse000894.str
bmse000895,/Users/alfred/Documents/GitHub/DDLS_project/code/get_bmrb_data/bmrb_nmrstar/bmse000895/bmse000895.str
bmse000896,/Users/alfred/Documents/GitHub/DDLS_project/code/get_bmrb_data/bmrb_nmrstar/bmse000896/bmse000896.str
bmse000897,/Users/alfred/Documents/GitHub/DDLS_project/code/get_bmrb_data/bmrb_nmrstar/bmse000897/bmse000897.str
bmse000898,/Users/alfred/Documents/GitHub/DDLS_project/code/get_bmrb_data/bmrb_nmrstar/bmse000898/bmse000898.str
bmse000899,/Users/alfred/Documents/GitHub/DDLS_project/code/get_bmrb_data/bmrb_nmrstar/bmse000899/bmse000899.str
bmse000900,/Users/alfred/Documents/GitHub/DDLS_project/code/get_bmrb_data/bmrb_nmrstar/bmse000900/bmse000900.str
bmse000901,/Users/alfred/Documents/GitHub/DDLS_project/code/get_bmrb_data/bmrb_nmrstar/bmse000901/bmse000901.str
bmse000902,/Users/alfred/Documents/GitHub/DDLS_project/code/get_bmrb_data/bmrb_nmrstar/bmse000902/bmse000902.str
bmse000903,/Users/alfred/Documents/GitHub/DDLS_project/code/get_bmrb_data/bmrb_nmrstar/bmse000903/bmse000903.str
bmse000904,/Users/alfred/Documents/GitHub/DDLS_project/code/get_bmrb_data/bmrb_nmrstar/bmse000904/bmse000904.str
bmse000905,/Users/alfred/Documents/GitHub/DDLS_project/code/get_bmrb_data/bmrb_nmrstar/bmse000905/bmse000905.str
bmse000906,/Users/alfred/Documents/GitHub/DDLS_project/code/get_bmrb_data/bmrb_nmrstar/bmse000906/bmse000906.str
bmse000907,/Users/alfred/Documents/GitHub/DDLS_project/code/get_bmrb_data/bmrb_nmrstar/bmse000907/bmse000907.str
bmse000908,/Users/alfred/Documents/GitHub/DDLS_project/code/get_bmrb_data/bmrb_nmrstar/bmse000908/bmse000908.str
bmse000909,/Users/alfred/Documents/GitHub/DDLS_project/code/get_bmrb_data/bmrb_nmrstar/bmse000909/bmse000909.str
bmse000910,/Users/alfred/Documents/GitHub/DDLS_project/code/get_bmrb_data/bmrb_nmrstar/bmse000910/bmse000910.str
bmse000911,/Users/alfred/Documents/GitHub/DDLS_project/code/get_bmrb_data/bmrb_nmrstar/bmse000911/bmse000911.str
bmse000912,/Users/alfred/Documents/GitHub/DDLS_project/code/get_bmrb_data/bmrb_nmrstar/bmse000912/bmse000912.str
bmse000913,/Users/alfred/Documents/GitHub/DDLS_project/code/get_bmrb_data/bmrb_nmrstar/bmse000913/bmse000913.str
bmse000914,/Users/alfred/Documents/GitHub/DDLS_project/code/get_bmrb_data/bmrb_nmrstar/bmse000914/bmse000914.str
bmse000915,/Users/alfred/Documents/GitHub/DDLS_project/code/get_bmrb_data/bmrb_nmrstar/bmse000915/bmse000915.str
bmse000916,/Users/alfred/Documents/GitHub/DDLS_project/code/get_bmrb_data/bmrb_nmrstar/bmse000916/bmse000916.str
bmse000917,/Users/alfred/Documents/GitHub/DDLS_project/code/get_bmrb_data/bmrb_nmrstar/bmse000917/bmse000917.str
bmse000918,/Users/alfred/Documents/GitHub/DDLS_project/code/get_bmrb_data/bmrb_nmrstar/bmse000918/bmse000918.str
bmse000919,/Users/alfred/Documents/GitHub/DDLS_project/code/get_bmrb_data/bmrb_nmrstar/bmse000919/bmse000919.str
bmse000920,/Users/alfred/Documents/GitHub/DDLS_project/code/get_bmrb_data/bmrb_nmrstar/bmse000920/bmse000920.str
bmse000921,/Users/alfred/Documents/GitHub/DDLS_project/code/get_bmrb_data/bmrb_nmrstar/bmse000921/bmse000921.str
bmse000922,/Users/alfred/Documents/GitHub/DDLS_project/code/get_bmrb_data/bmrb_nmrstar/bmse000922/bmse000922.str
bmse000923,/Users/alfred/Documents/GitHub/DDLS_project/code/get_bmrb_data/bmrb_nmrstar/bmse000923/bmse000923.str
bmse000924,/Users/alfred/Documents/GitHub/DDLS_project/code/get_bmrb_data/bmrb_nmrstar/bmse000924/bmse000924.str
bmse000925,/Users/alfred/Documents/GitHub/DDLS_project/code/get_bmrb_data/bmrb_nmrstar/bmse000925/bmse000925.str
bmse000926,/Users/alfred/Documents/GitHub/DDLS_project/code/get_bmrb_data/bmrb_nmrstar/bmse000926/bmse000926.str
bmse000927,/Users/alfred/Documents/GitHub/DDLS_project/code/get_bmrb_data/bmrb_nmrstar/bmse000927/bmse000927.str
bmse000928,/Users/alfred/Documents/GitHub/DDLS_project/code/get_bmrb_data/bmrb_nmrstar/bmse000928/bmse000928.str
bmse000929,/Users/alfred/Documents/GitHub/DDLS_project/code/get_bmrb_data/bmrb_nmrstar/bmse000929/bmse000929.str
bmse000930,/Users/alfred/Documents/GitHub/DDLS_project/code/get_bmrb_data/bmrb_nmrstar/bmse000930/bmse000930.str
bmse000931,/Users/alfred/Documents/GitHub/DDLS_project/code/get_bmrb_data/bmrb_nmrstar/bmse000931/bmse000931.str
bmse000932,/Users/alfred/Documents/GitHub/DDLS_project/code/get_bmrb_data/bmrb_nmrstar/bmse000932/bmse000932.str
bmse000933,/Users/alfred/Documents/GitHub/DDLS_project/code/get_bmrb_data/bmrb_nmrstar/bmse000933/bmse000933.str
bmse000934,/Users/alfred/Documents/GitHub/DDLS_project/code/get_bmrb_data/bmrb_nmrstar/bmse000934/bmse000934.str
bmse000935,/Users/alfred/Documents/GitHub/DDLS_project/code/get_bmrb_data/bmrb_nmrstar/bmse000935/bmse000935.str
bmse000936,/Users/alfred/Documents/GitHub/DDLS_project/code/get_bmrb_data/bmrb_nmrstar/bmse000936/bmse000936.str
bmse000937,/Users/alfred/Documents/GitHub/DDLS_project/code/get_bmrb_data/bmrb_nmrstar/bmse000937/bmse000937.str
bmse000938,/Users/alfred/Documents/GitHub/DDLS_project/code/get_bmrb_data/bmrb_nmrstar/bmse000938/bmse000938.str
bmse000939,/Users/alfred/Documents/GitHub/DDLS_project/code/get_bmrb_data/bmrb_nmrstar/bmse000939/bmse000939.str
bmse000940,/Users/alfred/Documents/GitHub/DDLS_project/code/get_bmrb_data/bmrb_nmrstar/bmse000940/bmse000940.str
bmse000941,/Users/alfred/Documents/GitHub/DDLS_project/code/get_bmrb_data/bmrb_nmrstar/bmse000941/bmse000941.str
bmse000942,/Users/alfred/Documents/GitHub/DDLS_project/code/get_bmrb_data/bmrb_nmrstar/bmse000942/bmse000942.str
bmse000943,/Users/alfred/Documents/GitHub/DDLS_project/code/get_bmrb_data/bmrb_nmrstar/bmse000943/bmse000943.str
bmse000944,/Users/alfred/Documents/GitHub/DDLS_project/code/get_bmrb_data/bmrb_nmrstar/bmse000944/bmse000944.str
bmse000945,/Users/alfred/Documents/GitHub/DDLS_project/code/get_bmrb_data/bmrb_nmrstar/bmse000945/bmse000945.str
bmse000946,/Users/alfred/Documents/GitHub/DDLS_project/code/get_bmrb_data/bmrb_nmrstar/bmse000946/bmse000946.str
bmse000947,/Users/alfred/Documents/GitHub/DDLS_project/code/get_bmrb_data/bmrb_nmrstar/bmse000947/bmse000947.str
bmse000948,/Users/alfred/Documents/GitHub/DDLS_project/code/get_bmrb_data/bmrb_nmrstar/bmse000948/bmse000948.str
bmse000949,/Users/alfred/Documents/GitHub/DDLS_project/code/get_bmrb_data/bmrb_nmrstar/bmse000949/bmse000949.str
bmse000950,/Users/alfred/Documents/GitHub/DDLS_project/code/get_bmrb_data/bmrb_nmrstar/bmse000950/bmse000950.str
bmse000951,/Users/alfred/Documents/GitHub/DDLS_project/code/get_bmrb_data/bmrb_nmrstar/bmse000951/bmse000951.str
bmse000952,/Users/alfred/Documents/GitHub/DDLS_project/code/get_bmrb_data/bmrb_nmrstar/bmse000952/bmse000952.str
bmse000953,/Users/alfred/Documents/GitHub/DDLS_project/code/get_bmrb_data/bmrb_nmrstar/bmse000953/bmse000953.str
bmse000954,/Users/alfred/Documents/GitHub/DDLS_project/code/get_bmrb_data/bmrb_nmrstar/bmse000954/bmse000954.str
bmse000955,/Users/alfred/Documents/GitHub/DDLS_project/code/get_bmrb_data/bmrb_nmrstar/bmse000955/bmse000955.str
bmse000956,/Users/alfred/Documents/GitHub/DDLS_project/code/get_bmrb_data/bmrb_nmrstar/bmse000956/bmse000956.str
bmse000957,/Users/alfred/Documents/GitHub/DDLS_project/code/get_bmrb_data/bmrb_nmrstar/bmse000957/bmse000957.str
bmse000958,/Users/alfred/Documents/GitHub/DDLS_project/code/get_bmrb_data/bmrb_nmrstar/bmse000958/bmse000958.str
bmse000959,/Users/alfred/Documents/GitHub/DDLS_project/code/get_bmrb_data/bmrb_nmrstar/bmse000959/bmse000959.str
bmse000960,/Users/alfred/Documents/GitHub/DDLS_project/code/get_bmrb_data/bmrb_nmrstar/bmse000960/bmse000960.str
bmse000961,/Users/alfred/Documents/GitHub/DDLS_project/code/get_bmrb_data/bmrb_nmrstar/bmse000961/bmse000961.str
bmse000962,/Users/alfred/Documents/GitHub/DDLS_project/code/get_bmrb_data/bmrb_nmrstar/bmse000962/bmse000962.str
bmse000963,/Users/alfred/Documents/GitHub/DDLS_project/code/get_bmrb_data/bmrb_nmrstar/bmse000963/bmse000963.str
bmse000964,/Users/alfred/Documents/GitHub/DDLS_project/code/get_bmrb_data/bmrb_nmrstar/bmse000964/bmse000964.str
bmse000965,/Users/alfred/Documents/GitHub/DDLS_project/code/get_bmrb_data/bmrb_nmrstar/bmse000965/bmse000965.str
bmse000966,/Users/alfred/Documents/GitHub/DDLS_project/code/get_bmrb_data/bmrb_nmrstar/bmse000966/bmse000966.str
bmse000967,/Users/alfred/Documents/GitHub/DDLS_project/code/get_bmrb_data/bmrb_nmrstar/bmse000967/bmse000967.str
bmse000968,/Users/alfred/Documents/GitHub/DDLS_project/code/get_bmrb_data/bmrb_nmrstar/bmse000968/bmse000968.str
bmse000969,/Users/alfred/Documents/GitHub/DDLS_project/code/get_bmrb_data/bmrb_nmrstar/bmse000969/bmse000969.str
bmse000970,/Users/alfred/Documents/GitHub/DDLS_project/code/get_bmrb_data/bmrb_nmrstar/bmse000970/bmse000970.str
bmse000971,/Users/alfred/Documents/GitHub/DDLS_project/code/get_bmrb_data/bmrb_nmrstar/bmse000971/bmse000971.str
bmse000972,/Users/alfred/Documents/GitHub/DDLS_project/code/get_bmrb_data/bmrb_nmrstar/bmse000972/bmse000972.str
bmse000973,/Users/alfred/Documents/GitHub/DDLS_project/code/get_bmrb_data/bmrb_nmrstar/bmse000973/bmse000973.str
bmse000974,/Users/alfred/Documents/GitHub/DDLS_project/code/get_bmrb_data/bmrb_nmrstar/bmse000974/bmse000974.str
bmse000975,/Users/alfred/Documents/GitHub/DDLS_project/code/get_bmrb_data/bmrb_nmrstar/bmse000975/bmse000975.str
bmse000976,/Users/alfred/Documents/GitHub/DDLS_project/code/get_bmrb_data/bmrb_nmrstar/bmse000976/bmse000976.str
bmse000977,/Users/alfred/Documents/GitHub/DDLS_project/code/get_bmrb_data/bmrb_nmrstar/bmse000977/bmse000977.str
bmse000978,/Users/alfred/Documents/GitHub/DDLS_project/code/get_bmrb_data/bmrb_nmrstar/bmse000978/bmse000978.str
bmse000979,/Users/alfred/Documents/GitHub/DDLS_project/code/get_bmrb_data/bmrb_nmrstar/bmse000979/bmse000979.str
bmse000980,/Users/alfred/Documents/GitHub/DDLS_project/code/get_bmrb_data/bmrb_nmrstar/bmse000980/bmse000980.str
bmse000981,/Users/alfred/Documents/GitHub/DDLS_project/code/get_bmrb_data/bmrb_nmrstar/bmse000981/bmse000981.str
bmse000982,/Users/alfred/Documents/GitHub/DDLS_project/code/get_bmrb_data/bmrb_nmrstar/bmse000982/bmse000982.str
bmse000983,/Users/alfred/Documents/GitHub/DDLS_project/code/get_bmrb_data/bmrb_nmrstar/bmse000983/bmse000983.str
bmse000984,/Users/alfred/Documents/GitHub/DDLS_project/code/get_bmrb_data/bmrb_nmrstar/bmse000984/bmse000984.str
bmse000985,/Users/alfred/Documents/GitHub/DDLS_project/code/get_bmrb_data/bmrb_nmrstar/bmse000985/bmse000985.str
bmse000986,/Users/alfred/Documents/GitHub/DDLS_project/code/get_bmrb_data/bmrb_nmrstar/bmse000986/bmse000986.str
bmse000987,/Users/alfred/Documents/GitHub/DDLS_project/code/get_bmrb_data/bmrb_nmrstar/bmse000987/bmse000987.str
bmse000988,/Users/alfred/Documents/GitHub/DDLS_project/code/get_bmrb_data/bmrb_nmrstar/bmse000988/bmse000988.str
bmse000989,/Users/alfred/Documents/GitHub/DDLS_project/code/get_bmrb_data/bmrb_nmrstar/bmse000989/bmse000989.str
bmse000990,/Users/alfred/Documents/GitHub/DDLS_project/code/get_bmrb_data/bmrb_nmrstar/bmse000990/bmse000990.str
bmse000991,/Users/alfred/Documents/GitHub/DDLS_project/code/get_bmrb_data/bmrb_nmrstar/bmse000991/bmse000991.str
bmse000992,/Users/alfred/Documents/GitHub/DDLS_project/code/get_bmrb_data/bmrb_nmrstar/bmse000992/bmse000992.str
bmse000993,/Users/alfred/Documents/GitHub/DDLS_project/code/get_bmrb_data/bmrb_nmrstar/bmse000993/bmse000993.str
bmse000994,/Users/alfred/Documents/GitHub/DDLS_project/code/get_bmrb_data/bmrb_nmrstar/bmse000994/bmse000994.str
bmse000995,/Users/alfred/Documents/GitHub/DDLS_project/code/get_bmrb_data/bmrb_nmrstar/bmse000995/bmse000995.str
bmse000996,/Users/alfred/Documents/GitHub/DDLS_project/code/get_bmrb_data/bmrb_nmrstar/bmse000996/bmse000996.str
bmse000997,/Users/alfred/Documents/GitHub/DDLS_project/code/get_bmrb_data/bmrb_nmrstar/bmse000997/bmse000997.str
bmse000998,/Users/alfred/Documents/GitHub/DDLS_project/code/get_bmrb_data/bmrb_nmrstar/bmse000998/bmse000998.str
bmse000999,/Users/alfred/Documents/GitHub/DDLS_project/code/get_bmrb_data/bmrb_nmrstar/bmse000999/bmse000999.str
bmse001000,/Users/alfred/Documents/GitHub/DDLS_project/code/get_bmrb_data/bmrb_nmrstar/bmse001000/bmse001000.str
bmse001001,/Users/alfred/Documents/GitHub/DDLS_project/code/get_bmrb_data/bmrb_nmrstar/bmse001001/bmse001001.str
bmse001002,/Users/alfred/Documents/GitHub/DDLS_project/code/get_bmrb_data/bmrb_nmrstar/bmse001002/bmse001002.str
bmse001003,/Users/alfred/Documents/GitHub/DDLS_project/code/get_bmrb_data/bmrb_nmrstar/bmse001003/bmse001003.str
bmse001004,/Users/alfred/Documents/GitHub/DDLS_project/code/get_bmrb_data/bmrb_nmrstar/bmse001004/bmse001004.str
bmse001005,/Users/alfred/Documents/GitHub/DDLS_project/code/get_bmrb_data/bmrb_nmrstar/bmse001005/bmse001005.str
bmse001006,/Users/alfred/Documents/GitHub/DDLS_project/code/get_bmrb_data/bmrb_nmrstar/bmse001006/bmse001006.str
bmse001007,/Users/alfred/Documents/GitHub/DDLS_project/code/get_bmrb_data/bmrb_nmrstar/bmse001007/bmse001007.str
bmse001008,/Users/alfred/Documents/GitHub/DDLS_project/code/get_bmrb_data/bmrb_nmrstar/bmse001008/bmse001008.str
bmse001009,/Users/alfred/Documents/GitHub/DDLS_project/code/get_bmrb_data/bmrb_nmrstar/bmse001009/bmse001009.str
bmse001010,/Users/alfred/Documents/GitHub/DDLS_project/code/get_bmrb_data/bmrb_nmrstar/bmse001010/bmse001010.str
bmse001011,/Users/alfred/Documents/GitHub/DDLS_project/code/get_bmrb_data/bmrb_nmrstar/bmse001011/bmse001011.str
bmse001012,/Users/alfred/Documents/GitHub/DDLS_project/code/get_bmrb_data/bmrb_nmrstar/bmse001012/bmse001012.str
bmse001013,/Users/alfred/Documents/GitHub/DDLS_project/code/get_bmrb_data/bmrb_nmrstar/bmse001013/bmse001013.str
bmse001014,/Users/alfred/Documents/GitHub/DDLS_project/code/get_bmrb_data/bmrb_nmrstar/bmse001014/bmse001014.str
bmse001015,/Users/alfred/Documents/GitHub/DDLS_project/code/get_bmrb_data/bmrb_nmrstar/bmse001015/bmse001015.str
bmse001016,/Users/alfred/Documents/GitHub/DDLS_project/code/get_bmrb_data/bmrb_nmrstar/bmse001016/bmse001016.str
bmse001017,/Users/alfred/Documents/GitHub/DDLS_project/code/get_bmrb_data/bmrb_nmrstar/bmse001017/bmse001017.str
bmse001018,/Users/alfred/Documents/GitHub/DDLS_project/code/get_bmrb_data/bmrb_nmrstar/bmse001018/bmse001018.str
bmse001019,/Users/alfred/Documents/GitHub/DDLS_project/code/get_bmrb_data/bmrb_nmrstar/bmse001019/bmse001019.str
bmse001020,/Users/alfred/Documents/GitHub/DDLS_project/code/get_bmrb_data/bmrb_nmrstar/bmse001020/bmse001020.str
bmse001021,/Users/alfred/Documents/GitHub/DDLS_project/code/get_bmrb_data/bmrb_nmrstar/bmse001021/bmse001021.str
bmse001022,/Users/alfred/Documents/GitHub/DDLS_project/code/get_bmrb_data/bmrb_nmrstar/bmse001022/bmse001022.str
bmse001023,/Users/alfred/Documents/GitHub/DDLS_project/code/get_bmrb_data/bmrb_nmrstar/bmse001023/bmse001023.str
bmse001024,/Users/alfred/Documents/GitHub/DDLS_project/code/get_bmrb_data/bmrb_nmrstar/bmse001024/bmse001024.str
bmse001025,/Users/alfred/Documents/GitHub/DDLS_project/code/get_bmrb_data/bmrb_nmrstar/bmse001025/bmse001025.str
bmse001026,/Users/alfred/Documents/GitHub/DDLS_project/code/get_bmrb_data/bmrb_nmrstar/bmse001026/bmse001026.str
bmse001027,/Users/alfred/Documents/GitHub/DDLS_project/code/get_bmrb_data/bmrb_nmrstar/bmse001027/bmse001027.str
bmse001028,/Users/alfred/Documents/GitHub/DDLS_project/code/get_bmrb_data/bmrb_nmrstar/bmse001028/bmse001028.str
bmse001029,/Users/alfred/Documents/GitHub/DDLS_project/code/get_bmrb_data/bmrb_nmrstar/bmse001029/bmse001029.str
bmse001030,/Users/alfred/Documents/GitHub/DDLS_project/code/get_bmrb_data/bmrb_nmrstar/bmse001030/bmse001030.str
bmse001031,/Users/alfred/Documents/GitHub/DDLS_project/code/get_bmrb_data/bmrb_nmrstar/bmse001031/bmse001031.str
bmse001032,/Users/alfred/Documents/GitHub/DDLS_project/code/get_bmrb_data/bmrb_nmrstar/bmse001032/bmse001032.str
bmse001100,/Users/alfred/Documents/GitHub/DDLS_project/code/get_bmrb_data/bmrb_nmrstar/bmse001100/bmse001100.str
bmse001101,/Users/alfred/Documents/GitHub/DDLS_project/code/get_bmrb_data/bmrb_nmrstar/bmse001101/bmse001101.str
bmse001102,/Users/alfred/Documents/GitHub/DDLS_project/code/get_bmrb_data/bmrb_nmrstar/bmse001102/bmse001102.str
bmse001103,/Users/alfred/Documents/GitHub/DDLS_project/code/get_bmrb_data/bmrb_nmrstar/bmse001103/bmse001103.str
bmse001104,/Users/alfred/Documents/GitHub/DDLS_project/code/get_bmrb_data/bmrb_nmrstar/bmse001104/bmse001104.str
bmse001105,/Users/alfred/Documents/GitHub/DDLS_project/code/get_bmrb_data/bmrb_nmrstar/bmse001105/bmse001105.str
bmse001106,/Users/alfred/Documents/GitHub/DDLS_project/code/get_bmrb_data/bmrb_nmrstar/bmse001106/bmse001106.str
bmse001107,/Users/alfred/Documents/GitHub/DDLS_project/code/get_bmrb_data/bmrb_nmrstar/bmse001107/bmse001107.str
bmse001108,/Users/alfred/Documents/GitHub/DDLS_project/code/get_bmrb_data/bmrb_nmrstar/bmse001108/bmse001108.str
bmse001109,/Users/alfred/Documents/GitHub/DDLS_project/code/get_bmrb_data/bmrb_nmrstar/bmse001109/bmse001109.str
bmse001110,/Users/alfred/Documents/GitHub/DDLS_project/code/get_bmrb_data/bmrb_nmrstar/bmse001110/bmse001110.str
bmse001111,/Users/alfred/Documents/GitHub/DDLS_project/code/get_bmrb_data/bmrb_nmrstar/bmse001111/bmse001111.str
bmse001112,/Users/alfred/Documents/GitHub/DDLS_project/code/get_bmrb_data/bmrb_nmrstar/bmse001112/bmse001112.str
bmse001113,/Users/alfred/Documents/GitHub/DDLS_project/code/get_bmrb_data/bmrb_nmrstar/bmse001113/bmse001113.str
bmse001114,/Users/alfred/Documents/GitHub/DDLS_project/code/get_bmrb_data/bmrb_nmrstar/bmse001114/bmse001114.str
bmse001115,/Users/alfred/Documents/GitHub/DDLS_project/code/get_bmrb_data/bmrb_nmrstar/bmse001115/bmse001115.str
bmse001116,/Users/alfred/Documents/GitHub/DDLS_project/code/get_bmrb_data/bmrb_nmrstar/bmse001116/bmse001116.str
bmse001117,/Users/alfred/Documents/GitHub/DDLS_project/code/get_bmrb_data/bmrb_nmrstar/bmse001117/bmse001117.str
bmse001118,/Users/alfred/Documents/GitHub/DDLS_project/code/get_bmrb_data/bmrb_nmrstar/bmse001118/bmse001118.str
bmse001119,/Users/alfred/Documents/GitHub/DDLS_project/code/get_bmrb_data/bmrb_nmrstar/bmse001119/bmse001119.str
bmse001120,/Users/alfred/Documents/GitHub/DDLS_project/code/get_bmrb_data/bmrb_nmrstar/bmse001120/bmse001120.str
bmse001121,/Users/alfred/Documents/GitHub/DDLS_project/code/get_bmrb_data/bmrb_nmrstar/bmse001121/bmse001121.str
bmse001122,/Users/alfred/Documents/GitHub/DDLS_project/code/get_bmrb_data/bmrb_nmrstar/bmse001122/bmse001122.str
bmse001123,/Users/alfred/Documents/GitHub/DDLS_project/code/get_bmrb_data/bmrb_nmrstar/bmse001123/bmse001123.str
bmse001124,/Users/alfred/Documents/GitHub/DDLS_project/code/get_bmrb_data/bmrb_nmrstar/bmse001124/bmse001124.str
bmse001125,/Users/alfred/Documents/GitHub/DDLS_project/code/get_bmrb_data/bmrb_nmrstar/bmse001125/bmse001125.str
bmse001126,/Users/alfred/Documents/GitHub/DDLS_project/code/get_bmrb_data/bmrb_nmrstar/bmse001126/bmse001126.str
bmse001127,/Users/alfred/Documents/GitHub/DDLS_project/code/get_bmrb_data/bmrb_nmrstar/bmse001127/bmse001127.str
bmse001128,/Users/alfred/Documents/GitHub/DDLS_project/code/get_bmrb_data/bmrb_nmrstar/bmse001128/bmse001128.str
bmse001129,/Users/alfred/Documents/GitHub/DDLS_project/code/get_bmrb_data/bmrb_nmrstar/bmse001129/bmse001129.str
bmse001130,/Users/alfred/Documents/GitHub/DDLS_project/code/get_bmrb_data/bmrb_nmrstar/bmse001130/bmse001130.str
bmse001131,/Users/alfred/Documents/GitHub/DDLS_project/code/get_bmrb_data/bmrb_nmrstar/bmse001131/bmse001131.str
bmse001132,/Users/alfred/Documents/GitHub/DDLS_project/code/get_bmrb_data/bmrb_nmrstar/bmse001132/bmse001132.str
bmse001133,/Users/alfred/Documents/GitHub/DDLS_project/code/get_bmrb_data/bmrb_nmrstar/bmse001133/bmse001133.str
bmse001134,/Users/alfred/Documents/GitHub/DDLS_project/code/get_bmrb_data/bmrb_nmrstar/bmse001134/bmse001134.str
bmse001135,/Users/alfred/Documents/GitHub/DDLS_project/code/get_bmrb_data/bmrb_nmrstar/bmse001135/bmse001135.str
bmse001136,/Users/alfred/Documents/GitHub/DDLS_project/code/get_bmrb_data/bmrb_nmrstar/bmse001136/bmse001136.str
bmse001137,/Users/alfred/Documents/GitHub/DDLS_project/code/get_bmrb_data/bmrb_nmrstar/bmse001137/bmse001137.str
bmse001138,/Users/alfred/Documents/GitHub/DDLS_project/code/get_bmrb_data/bmrb_nmrstar/bmse001138/bmse001138.str
bmse001139,/Users/alfred/Documents/GitHub/DDLS_project/code/get_bmrb_data/bmrb_nmrstar/bmse001139/bmse001139.str
bmse001140,/Users/alfred/Documents/GitHub/DDLS_project/code/get_bmrb_data/bmrb_nmrstar/bmse001140/bmse001140.str
bmse001141,/Users/alfred/Documents/GitHub/DDLS_project/code/get_bmrb_data/bmrb_nmrstar/bmse001141/bmse001141.str
bmse001142,/Users/alfred/Documents/GitHub/DDLS_project/code/get_bmrb_data/bmrb_nmrstar/bmse001142/bmse001142.str
bmse001143,/Users/alfred/Documents/GitHub/DDLS_project/code/get_bmrb_data/bmrb_nmrstar/bmse001143/bmse001143.str
bmse001144,/Users/alfred/Documents/GitHub/DDLS_project/code/get_bmrb_data/bmrb_nmrstar/bmse001144/bmse001144.str
bmse001145,/Users/alfred/Documents/GitHub/DDLS_project/code/get_bmrb_data/bmrb_nmrstar/bmse001145/bmse001145.str
bmse001146,/Users/alfred/Documents/GitHub/DDLS_project/code/get_bmrb_data/bmrb_nmrstar/bmse001146/bmse001146.str
bmse001147,/Users/alfred/Documents/GitHub/DDLS_project/code/get_bmrb_data/bmrb_nmrstar/bmse001147/bmse001147.str
bmse001148,/Users/alfred/Documents/GitHub/DDLS_project/code/get_bmrb_data/bmrb_nmrstar/bmse001148/bmse001148.str
bmse001149,/Users/alfred/Documents/GitHub/DDLS_project/code/get_bmrb_data/bmrb_nmrstar/bmse001149/bmse001149.str
bmse001150,/Users/alfred/Documents/GitHub/DDLS_project/code/get_bmrb_data/bmrb_nmrstar/bmse001150/bmse001150.str
bmse001151,/Users/alfred/Documents/GitHub/DDLS_project/code/get_bmrb_data/bmrb_nmrstar/bmse001151/bmse001151.str
bmse001152,/Users/alfred/Documents/GitHub/DDLS_project/code/get_bmrb_data/bmrb_nmrstar/bmse001152/bmse001152.str
bmse001153,/Users/alfred/Documents/GitHub/DDLS_project/code/get_bmrb_data/bmrb_nmrstar/bmse001153/bmse001153.str
bmse001154,/Users/alfred/Documents/GitHub/DDLS_project/code/get_bmrb_data/bmrb_nmrstar/bmse001154/bmse001154.str
bmse001155,/Users/alfred/Documents/GitHub/DDLS_project/code/get_bmrb_data/bmrb_nmrstar/bmse001155/bmse001155.str
bmse001156,/Users/alfred/Documents/GitHub/DDLS_project/code/get_bmrb_data/bmrb_nmrstar/bmse001156/bmse001156.str
bmse001157,/Users/alfred/Documents/GitHub/DDLS_project/code/get_bmrb_data/bmrb_nmrstar/bmse001157/bmse001157.str
bmse001158,/Users/alfred/Documents/GitHub/DDLS_project/code/get_bmrb_data/bmrb_nmrstar/bmse001158/bmse001158.str
bmse001159,/Users/alfred/Documents/GitHub/DDLS_project/code/get_bmrb_data/bmrb_nmrstar/bmse001159/bmse001159.str
bmse001160,/Users/alfred/Documents/GitHub/DDLS_project/code/get_bmrb_data/bmrb_nmrstar/bmse001160/bmse001160.str
bmse001161,/Users/alfred/Documents/GitHub/DDLS_project/code/get_bmrb_data/bmrb_nmrstar/bmse001161/bmse001161.str
bmse001162,/Users/alfred/Documents/GitHub/DDLS_project/code/get_bmrb_data/bmrb_nmrstar/bmse001162/bmse001162.str
bmse001163,/Users/alfred/Documents/GitHub/DDLS_project/code/get_bmrb_data/bmrb_nmrstar/bmse001163/bmse001163.str
bmse001164,/Users/alfred/Documents/GitHub/DDLS_project/code/get_bmrb_data/bmrb_nmrstar/bmse001164/bmse001164.str
bmse001165,/Users/alfred/Documents/GitHub/DDLS_project/code/get_bmrb_data/bmrb_nmrstar/bmse001165/bmse001165.str
bmse001166,/Users/alfred/Documents/GitHub/DDLS_project/code/get_bmrb_data/bmrb_nmrstar/bmse001166/bmse001166.str
bmse001167,/Users/alfred/Documents/GitHub/DDLS_project/code/get_bmrb_data/bmrb_nmrstar/bmse001167/bmse001167.str
bmse001168,/Users/alfred/Documents/GitHub/DDLS_project/code/get_bmrb_data/bmrb_nmrstar/bmse001168/bmse001168.str
bmse001169,/Users/alfred/Documents/GitHub/DDLS_project/code/get_bmrb_data/bmrb_nmrstar/bmse001169/bmse001169.str
bmse001170,/Users/alfred/Documents/GitHub/DDLS_project/code/get_bmrb_data/bmrb_nmrstar/bmse001170/bmse001170.str
bmse001171,/Users/alfred/Documents/GitHub/DDLS_project/code/get_bmrb_data/bmrb_nmrstar/bmse001171/bmse001171.str
bmse001172,/Users/alfred/Documents/GitHub/DDLS_project/code/get_bmrb_data/bmrb_nmrstar/bmse001172/bmse001172.str
bmse001173,/Users/alfred/Documents/GitHub/DDLS_project/code/get_bmrb_data/bmrb_nmrstar/bmse001173/bmse001173.str
bmse001174,/Users/alfred/Documents/GitHub/DDLS_project/code/get_bmrb_data/bmrb_nmrstar/bmse001174/bmse001174.str
bmse001175,/Users/alfred/Documents/GitHub/DDLS_project/code/get_bmrb_data/bmrb_nmrstar/bmse001175/bmse001175.str
bmse001176,/Users/alfred/Documents/GitHub/DDLS_project/code/get_bmrb_data/bmrb_nmrstar/bmse001176/bmse001176.str
bmse001177,/Users/alfred/Documents/GitHub/DDLS_project/code/get_bmrb_data/bmrb_nmrstar/bmse001177/bmse001177.str
bmse001178,/Users/alfred/Documents/GitHub/DDLS_project/code/get_bmrb_data/bmrb_nmrstar/bmse001178/bmse001178.str
bmse001179,/Users/alfred/Documents/GitHub/DDLS_project/code/get_bmrb_data/bmrb_nmrstar/bmse001179/bmse001179.str
bmse001180,/Users/alfred/Documents/GitHub/DDLS_project/code/get_bmrb_data/bmrb_nmrstar/bmse001180/bmse001180.str
bmse001181,/Users/alfred/Documents/GitHub/DDLS_project/code/get_bmrb_data/bmrb_nmrstar/bmse001181/bmse001181.str
bmse001182,/Users/alfred/Documents/GitHub/DDLS_project/code/get_bmrb_data/bmrb_nmrstar/bmse001182/bmse001182.str
bmse001183,/Users/alfred/Documents/GitHub/DDLS_project/code/get_bmrb_data/bmrb_nmrstar/bmse001183/bmse001183.str
bmse001184,/Users/alfred/Documents/GitHub/DDLS_project/code/get_bmrb_data/bmrb_nmrstar/bmse001184/bmse001184.str
bmse001185,/Users/alfred/Documents/GitHub/DDLS_project/code/get_bmrb_data/bmrb_nmrstar/bmse001185/bmse001185.str
bmse001186,/Users/alfred/Documents/GitHub/DDLS_project/code/get_bmrb_data/bmrb_nmrstar/bmse001186/bmse001186.str
bmse001187,/Users/alfred/Documents/GitHub/DDLS_project/code/get_bmrb_data/bmrb_nmrstar/bmse001187/bmse001187.str
bmse001188,/Users/alfred/Documents/GitHub/DDLS_project/code/get_bmrb_data/bmrb_nmrstar/bmse001188/bmse001188.str
bmse001189,/Users/alfred/Documents/GitHub/DDLS_project/code/get_bmrb_data/bmrb_nmrstar/bmse001189/bmse001189.str
bmse001190,/Users/alfred/Documents/GitHub/DDLS_project/code/get_bmrb_data/bmrb_nmrstar/bmse001190/bmse001190.str
bmse001191,/Users/alfred/Documents/GitHub/DDLS_project/code/get_bmrb_data/bmrb_nmrstar/bmse001191/bmse001191.str
bmse001192,/Users/alfred/Documents/GitHub/DDLS_project/code/get_bmrb_data/bmrb_nmrstar/bmse001192/bmse001192.str
bmse001193,/Users/alfred/Documents/GitHub/DDLS_project/code/get_bmrb_data/bmrb_nmrstar/bmse001193/bmse001193.str
bmse001194,/Users/alfred/Documents/GitHub/DDLS_project/code/get_bmrb_data/bmrb_nmrstar/bmse001194/bmse001194.str
bmse001195,/Users/alfred/Documents/GitHub/DDLS_project/code/get_bmrb_data/bmrb_nmrstar/bmse001195/bmse001195.str
bmse001196,/Users/alfred/Documents/GitHub/DDLS_project/code/get_bmrb_data/bmrb_nmrstar/bmse001196/bmse001196.str
bmse001197,/Users/alfred/Documents/GitHub/DDLS_project/code/get_bmrb_data/bmrb_nmrstar/bmse001197/bmse001197.str
bmse001198,/Users/alfred/Documents/GitHub/DDLS_project/code/get_bmrb_data/bmrb_nmrstar/bmse001198/bmse001198.str
bmse001199,/Users/alfred/Documents/GitHub/DDLS_project/code/get_bmrb_data/bmrb_nmrstar/bmse001199/bmse001199.str
bmse001200,/Users/alfred/Documents/GitHub/DDLS_project/code/get_bmrb_data/bmrb_nmrstar/bmse001200/bmse001200.str
bmse001201,/Users/alfred/Documents/GitHub/DDLS_project/code/get_bmrb_data/bmrb_nmrstar/bmse001201/bmse001201.str
bmse001202,/Users/alfred/Documents/GitHub/DDLS_project/code/get_bmrb_data/bmrb_nmrstar/bmse001202/bmse001202.str
bmse001203,/Users/alfred/Documents/GitHub/DDLS_project/code/get_bmrb_data/bmrb_nmrstar/bmse001203/bmse001203.str
bmse001204,/Users/alfred/Documents/GitHub/DDLS_project/code/get_bmrb_data/bmrb_nmrstar/bmse001204/bmse001204.str
bmse001205,/Users/alfred/Documents/GitHub/DDLS_project/code/get_bmrb_data/bmrb_nmrstar/bmse001205/bmse001205.str
bmse001206,/Users/alfred/Documents/GitHub/DDLS_project/code/get_bmrb_data/bmrb_nmrstar/bmse001206/bmse001206.str
bmse001207,/Users/alfred/Documents/GitHub/DDLS_project/code/get_bmrb_data/bmrb_nmrstar/bmse001207/bmse001207.str
bmse001208,/Users/alfred/Documents/GitHub/DDLS_project/code/get_bmrb_data/bmrb_nmrstar/bmse001208/bmse001208.str
bmse001209,/Users/alfred/Documents/GitHub/DDLS_project/code/get_bmrb_data/bmrb_nmrstar/bmse001209/bmse001209.str
bmse001210,/Users/alfred/Documents/GitHub/DDLS_project/code/get_bmrb_data/bmrb_nmrstar/bmse001210/bmse001210.str
bmse001211,/Users/alfred/Documents/GitHub/DDLS_project/code/get_bmrb_data/bmrb_nmrstar/bmse001211/bmse001211.str
bmse001212,/Users/alfred/Documents/GitHub/DDLS_project/code/get_bmrb_data/bmrb_nmrstar/bmse001212/bmse001212.str
bmse001213,/Users/alfred/Documents/GitHub/DDLS_project/code/get_bmrb_data/bmrb_nmrstar/bmse001213/bmse001213.str
bmse001214,/Users/alfred/Documents/GitHub/DDLS_project/code/get_bmrb_data/bmrb_nmrstar/bmse001214/bmse001214.str
bmse001215,/Users/alfred/Documents/GitHub/DDLS_project/code/get_bmrb_data/bmrb_nmrstar/bmse001215/bmse001215.str
bmse001216,/Users/alfred/Documents/GitHub/DDLS_project/code/get_bmrb_data/bmrb_nmrstar/bmse001216/bmse001216.str
bmse001217,/Users/alfred/Documents/GitHub/DDLS_project/code/get_bmrb_data/bmrb_nmrstar/bmse001217/bmse001217.str
bmse001218,/Users/alfred/Documents/GitHub/DDLS_project/code/get_bmrb_data/bmrb_nmrstar/bmse001218/bmse001218.str
bmse001219,/Users/alfred/Documents/GitHub/DDLS_project/code/get_bmrb_data/bmrb_nmrstar/bmse001219/bmse001219.str
bmse001220,/Users/alfred/Documents/GitHub/DDLS_project/code/get_bmrb_data/bmrb_nmrstar/bmse001220/bmse001220.str
bmse001221,/Users/alfred/Documents/GitHub/DDLS_project/code/get_bmrb_data/bmrb_nmrstar/bmse001221/bmse001221.str
bmse001222,/Users/alfred/Documents/GitHub/DDLS_project/code/get_bmrb_data/bmrb_nmrstar/bmse001222/bmse001222.str
bmse001223,/Users/alfred/Documents/GitHub/DDLS_project/code/get_bmrb_data/bmrb_nmrstar/bmse001223/bmse001223.str
bmse001224,/Users/alfred/Documents/GitHub/DDLS_project/code/get_bmrb_data/bmrb_nmrstar/bmse001224/bmse001224.str
bmse001225,/Users/alfred/Documents/GitHub/DDLS_project/code/get_bmrb_data/bmrb_nmrstar/bmse001225/bmse001225.str
bmse001226,/Users/alfred/Documents/GitHub/DDLS_project/code/get_bmrb_data/bmrb_nmrstar/bmse001226/bmse001226.str
bmse001227,/Users/alfred/Documents/GitHub/DDLS_project/code/get_bmrb_data/bmrb_nmrstar/bmse001227/bmse001227.str
bmse001228,/Users/alfred/Documents/GitHub/DDLS_project/code/get_bmrb_data/bmrb_nmrstar/bmse001228/bmse001228.str
bmse001230,/Users/alfred/Documents/GitHub/DDLS_project/code/get_bmrb_data/bmrb_nmrstar/bmse001230/bmse001230.str
bmse001231,/Users/alfred/Documents/GitHub/DDLS_project/code/get_bmrb_data/bmrb_nmrstar/bmse001231/bmse001231.str
bmse001232,/Users/alfred/Documents/GitHub/DDLS_project/code/get_bmrb_data/bmrb_nmrstar/bmse001232/bmse001232.str
bmse001233,/Users/alfred/Documents/GitHub/DDLS_project/code/get_bmrb_data/bmrb_nmrstar/bmse001233/bmse001233.str
bmse001234,/Users/alfred/Documents/GitHub/DDLS_project/code/get_bmrb_data/bmrb_nmrstar/bmse001234/bmse001234.str
bmse001236,/Users/alfred/Documents/GitHub/DDLS_project/code/get_bmrb_data/bmrb_nmrstar/bmse001236/bmse001236.str
bmse001237,/Users/alfred/Documents/GitHub/DDLS_project/code/get_bmrb_data/bmrb_nmrstar/bmse001237/bmse001237.str
bmse001238,/Users/alfred/Documents/GitHub/DDLS_project/code/get_bmrb_data/bmrb_nmrstar/bmse001238/bmse001238.str
bmse001239,/Users/alfred/Documents/GitHub/DDLS_project/code/get_bmrb_data/bmrb_nmrstar/bmse001239/bmse001239.str
bmse001240,/Users/alfred/Documents/GitHub/DDLS_project/code/get_bmrb_data/bmrb_nmrstar/bmse001240/bmse001240.str
bmse001241,/Users/alfred/Documents/GitHub/DDLS_project/code/get_bmrb_data/bmrb_nmrstar/bmse001241/bmse001241.str
bmse001242,/Users/alfred/Documents/GitHub/DDLS_project/code/get_bmrb_data/bmrb_nmrstar/bmse001242/bmse001242.str
bmse001243,/Users/alfred/Documents/GitHub/DDLS_project/code/get_bmrb_data/bmrb_nmrstar/bmse001243/bmse001243.str
bmse001244,/Users/alfred/Documents/GitHub/DDLS_project/code/get_bmrb_data/bmrb_nmrstar/bmse001244/bmse001244.str
bmse001245,/Users/alfred/Documents/GitHub/DDLS_project/code/get_bmrb_data/bmrb_nmrstar/bmse001245/bmse001245.str
bmse001246,/Users/alfred/Documents/GitHub/DDLS_project/code/get_bmrb_data/bmrb_nmrstar/bmse001246/bmse001246.str
bmse001247,/Users/alfred/Documents/GitHub/DDLS_project/code/get_bmrb_data/bmrb_nmrstar/bmse001247/bmse001247.str
bmse001248,/Users/alfred/Documents/GitHub/DDLS_project/code/get_bmrb_data/bmrb_nmrstar/bmse001248/bmse001248.str
bmse001249,/Users/alfred/Documents/GitHub/DDLS_project/code/get_bmrb_data/bmrb_nmrstar/bmse001249/bmse001249.str
bmse001250,/Users/alfred/Documents/GitHub/DDLS_project/code/get_bmrb_data/bmrb_nmrstar/bmse001250/bmse001250.str
bmse001251,/Users/alfred/Documents/GitHub/DDLS_project/code/get_bmrb_data/bmrb_nmrstar/bmse001251/bmse001251.str
bmse001252,/Users/alfred/Documents/GitHub/DDLS_project/code/get_bmrb_data/bmrb_nmrstar/bmse001252/bmse001252.str
bmse001253,/Users/alfred/Documents/GitHub/DDLS_project/code/get_bmrb_data/bmrb_nmrstar/bmse001253/bmse001253.str
bmse001254,/Users/alfred/Documents/GitHub/DDLS_project/code/get_bmrb_data/bmrb_nmrstar/bmse001254/bmse001254.str
bmse001255,/Users/alfred/Documents/GitHub/DDLS_project/code/get_bmrb_data/bmrb_nmrstar/bmse001255/bmse001255.str
bmse001256,/Users/alfred/Documents/GitHub/DDLS_project/code/get_bmrb_data/bmrb_nmrstar/bmse001256/bmse001256.str
bmse001257,/Users/alfred/Documents/GitHub/DDLS_project/code/get_bmrb_data/bmrb_nmrstar/bmse001257/bmse001257.str
bmse001258,/Users/alfred/Documents/GitHub/DDLS_project/code/get_bmrb_data/bmrb_nmrstar/bmse001258/bmse001258.str
bmse001259,/Users/alfred/Documents/GitHub/DDLS_project/code/get_bmrb_data/bmrb_nmrstar/bmse001259/bmse001259.str
bmse001260,/Users/alfred/Documents/GitHub/DDLS_project/code/get_bmrb_data/bmrb_nmrstar/bmse001260/bmse001260.str
bmse001261,/Users/alfred/Documents/GitHub/DDLS_project/code/get_bmrb_data/bmrb_nmrstar/bmse001261/bmse001261.str
bmse001262,/Users/alfred/Documents/GitHub/DDLS_project/code/get_bmrb_data/bmrb_nmrstar/bmse001262/bmse001262.str
bmse001263,/Users/alfred/Documents/GitHub/DDLS_project/code/get_bmrb_data/bmrb_nmrstar/bmse001263/bmse001263.str
bmse001264,/Users/alfred/Documents/GitHub/DDLS_project/code/get_bmrb_data/bmrb_nmrstar/bmse001264/bmse001264.str
bmse001265,/Users/alfred/Documents/GitHub/DDLS_project/code/get_bmrb_data/bmrb_nmrstar/bmse001265/bmse001265.str
bmse001266,/Users/alfred/Documents/GitHub/DDLS_project/code/get_bmrb_data/bmrb_nmrstar/bmse001266/bmse001266.str
bmse001267,/Users/alfred/Documents/GitHub/DDLS_project/code/get_bmrb_data/bmrb_nmrstar/bmse001267/bmse001267.str
bmse001268,/Users/alfred/Documents/GitHub/DDLS_project/code/get_bmrb_data/bmrb_nmrstar/bmse001268/bmse001268.str
bmse001269,/Users/alfred/Documents/GitHub/DDLS_project/code/get_bmrb_data/bmrb_nmrstar/bmse001269/bmse001269.str
bmse001270,/Users/alfred/Documents/GitHub/DDLS_project/code/get_bmrb_data/bmrb_nmrstar/bmse001270/bmse001270.str
bmse001271,/Users/alfred/Documents/GitHub/DDLS_project/code/get_bmrb_data/bmrb_nmrstar/bmse001271/bmse001271.str
bmse001272,/Users/alfred/Documents/GitHub/DDLS_project/code/get_bmrb_data/bmrb_nmrstar/bmse001272/bmse001272.str
bmse001273,/Users/alfred/Documents/GitHub/DDLS_project/code/get_bmrb_data/bmrb_nmrstar/bmse001273/bmse001273.str
bmse001274,/Users/alfred/Documents/GitHub/DDLS_project/code/get_bmrb_data/bmrb_nmrstar/bmse001274/bmse001274.str
bmse001275,/Users/alfred/Documents/GitHub/DDLS_project/code/get_bmrb_data/bmrb_nmrstar/bmse001275/bmse001275.str
bmse001276,/Users/alfred/Documents/GitHub/DDLS_project/code/get_bmrb_data/bmrb_nmrstar/bmse001276/bmse001276.str
bmse001277,/Users/alfred/Documents/GitHub/DDLS_project/code/get_bmrb_data/bmrb_nmrstar/bmse001277/bmse001277.str
bmse001278,/Users/alfred/Documents/GitHub/DDLS_project/code/get_bmrb_data/bmrb_nmrstar/bmse001278/bmse001278.str
bmse001279,/Users/alfred/Documents/GitHub/DDLS_project/code/get_bmrb_data/bmrb_nmrstar/bmse001279/bmse001279.str
bmse001280,/Users/alfred/Documents/GitHub/DDLS_project/code/get_bmrb_data/bmrb_nmrstar/bmse001280/bmse001280.str
bmse001281,/Users/alfred/Documents/GitHub/DDLS_project/code/get_bmrb_data/bmrb_nmrstar/bmse001281/bmse001281.str
bmse001282,/Users/alfred/Documents/GitHub/DDLS_project/code/get_bmrb_data/bmrb_nmrstar/bmse001282/bmse001282.str
bmse001283,/Users/alfred/Documents/GitHub/DDLS_project/code/get_bmrb_data/bmrb_nmrstar/bmse001283/bmse001283.str
bmse001284,/Users/alfred/Documents/GitHub/DDLS_project/code/get_bmrb_data/bmrb_nmrstar/bmse001284/bmse001284.str
bmse001285,/Users/alfred/Documents/GitHub/DDLS_project/code/get_bmrb_data/bmrb_nmrstar/bmse001285/bmse001285.str
bmse001286,/Users/alfred/Documents/GitHub/DDLS_project/code/get_bmrb_data/bmrb_nmrstar/bmse001286/bmse001286.str
bmse001287,/Users/alfred/Documents/GitHub/DDLS_project/code/get_bmrb_data/bmrb_nmrstar/bmse001287/bmse001287.str
bmse001288,/Users/alfred/Documents/GitHub/DDLS_project/code/get_bmrb_data/bmrb_nmrstar/bmse001288/bmse001288.str
bmse001289,/Users/alfred/Documents/GitHub/DDLS_project/code/get_bmrb_data/bmrb_nmrstar/bmse001289/bmse001289.str
bmse001290,/Users/alfred/Documents/GitHub/DDLS_project/code/get_bmrb_data/bmrb_nmrstar/bmse001290/bmse001290.str
bmse001291,/Users/alfred/Documents/GitHub/DDLS_project/code/get_bmrb_data/bmrb_nmrstar/bmse001291/bmse001291.str
bmse001292,/Users/alfred/Documents/GitHub/DDLS_project/code/get_bmrb_data/bmrb_nmrstar/bmse001292/bmse001292.str
bmse001293,/Users/alfred/Documents/GitHub/DDLS_project/code/get_bmrb_data/bmrb_nmrstar/bmse001293/bmse001293.str
bmse001294,/Users/alfred/Documents/GitHub/DDLS_project/code/get_bmrb_data/bmrb_nmrstar/bmse001294/bmse001294.str
bmse001295,/Users/alfred/Documents/GitHub/DDLS_project/code/get_bmrb_data/bmrb_nmrstar/bmse001295/bmse001295.str
bmse001296,/Users/alfred/Documents/GitHub/DDLS_project/code/get_bmrb_data/bmrb_nmrstar/bmse001296/bmse001296.str
bmse001297,/Users/alfred/Documents/GitHub/DDLS_project/code/get_bmrb_data/bmrb_nmrstar/bmse001297/bmse001297.str
bmse001298,/Users/alfred/Documents/GitHub/DDLS_project/code/get_bmrb_data/bmrb_nmrstar/bmse001298/bmse001298.str
bmse001299,/Users/alfred/Documents/GitHub/DDLS_project/code/get_bmrb_data/bmrb_nmrstar/bmse001299/bmse001299.str
bmse001300,/Users/alfred/Documents/GitHub/DDLS_project/code/get_bmrb_data/bmrb_nmrstar/bmse001300/bmse001300.str
bmse001301,/Users/alfred/Documents/GitHub/DDLS_project/code/get_bmrb_data/bmrb_nmrstar/bmse001301/bmse001301.str
bmse001302,/Users/alfred/Documents/GitHub/DDLS_project/code/get_bmrb_data/bmrb_nmrstar/bmse001302/bmse001302.str
bmse001303,/Users/alfred/Documents/GitHub/DDLS_project/code/get_bmrb_data/bmrb_nmrstar/bmse001303/bmse001303.str
bmse001304,/Users/alfred/Documents/GitHub/DDLS_project/code/get_bmrb_data/bmrb_nmrstar/bmse001304/bmse001304.str
bmse001305,/Users/alfred/Documents/GitHub/DDLS_project/code/get_bmrb_data/bmrb_nmrstar/bmse001305/bmse001305.str
bmse001306,/Users/alfred/Documents/GitHub/DDLS_project/code/get_bmrb_data/bmrb_nmrstar/bmse001306/bmse001306.str
bmse001307,/Users/alfred/Documents/GitHub/DDLS_project/code/get_bmrb_data/bmrb_nmrstar/bmse001307/bmse001307.str
bmse001308,/Users/alfred/Documents/GitHub/DDLS_project/code/get_bmrb_data/bmrb_nmrstar/bmse001308/bmse001308.str
bmse001309,/Users/alfred/Documents/GitHub/DDLS_project/code/get_bmrb_data/bmrb_nmrstar/bmse001309/bmse001309.str
bmse001310,/Users/alfred/Documents/GitHub/DDLS_project/code/get_bmrb_data/bmrb_nmrstar/bmse001310/bmse001310.str
bmse001311,/Users/alfred/Documents/GitHub/DDLS_project/code/get_bmrb_data/bmrb_nmrstar/bmse001311/bmse001311.str
bmse001312,/Users/alfred/Documents/GitHub/DDLS_project/code/get_bmrb_data/bmrb_nmrstar/bmse001312/bmse001312.str
bmse001313,/Users/alfred/Documents/GitHub/DDLS_project/code/get_bmrb_data/bmrb_nmrstar/bmse001313/bmse001313.str
bmse001314,/Users/alfred/Documents/GitHub/DDLS_project/code/get_bmrb_data/bmrb_nmrstar/bmse001314/bmse001314.str
bmse001315,/Users/alfred/Documents/GitHub/DDLS_project/code/get_bmrb_data/bmrb_nmrstar/bmse001315/bmse001315.str
bmse001316,/Users/alfred/Documents/GitHub/DDLS_project/code/get_bmrb_data/bmrb_nmrstar/bmse001316/bmse001316.str
bmse001317,/Users/alfred/Documents/GitHub/DDLS_project/code/get_bmrb_data/bmrb_nmrstar/bmse001317/bmse001317.str
bmse001318,/Users/alfred/Documents/GitHub/DDLS_project/code/get_bmrb_data/bmrb_nmrstar/bmse001318/bmse001318.str
bmse001319,/Users/alfred/Documents/GitHub/DDLS_project/code/get_bmrb_data/bmrb_nmrstar/bmse001319/bmse001319.str
bmse001320,/Users/alfred/Documents/GitHub/DDLS_project/code/get_bmrb_data/bmrb_nmrstar/bmse001320/bmse001320.str
bmse001321,/Users/alfred/Documents/GitHub/DDLS_project/code/get_bmrb_data/bmrb_nmrstar/bmse001321/bmse001321.str
bmse001322,/Users/alfred/Documents/GitHub/DDLS_project/code/get_bmrb_data/bmrb_nmrstar/bmse001322/bmse001322.str
bmse001323,/Users/alfred/Documents/GitHub/DDLS_project/code/get_bmrb_data/bmrb_nmrstar/bmse001323/bmse001323.str
bmse001324,/Users/alfred/Documents/GitHub/DDLS_project/code/get_bmrb_data/bmrb_nmrstar/bmse001324/bmse001324.str
bmse001325,/Users/alfred/Documents/GitHub/DDLS_project/code/get_bmrb_data/bmrb_nmrstar/bmse001325/bmse001325.str
bmse001326,/Users/alfred/Documents/GitHub/DDLS_project/code/get_bmrb_data/bmrb_nmrstar/bmse001326/bmse001326.str
bmse001327,/Users/alfred/Documents/GitHub/DDLS_project/code/get_bmrb_data/bmrb_nmrstar/bmse001327/bmse001327.str
bmse001328,/Users/alfred/Documents/GitHub/DDLS_project/code/get_bmrb_data/bmrb_nmrstar/bmse001328/bmse001328.str
bmse001329,/Users/alfred/Documents/GitHub/DDLS_project/code/get_bmrb_data/bmrb_nmrstar/bmse001329/bmse001329.str
bmse001330,/Users/alfred/Documents/GitHub/DDLS_project/code/get_bmrb_data/bmrb_nmrstar/bmse001330/bmse001330.str
bmse001331,/Users/alfred/Documents/GitHub/DDLS_project/code/get_bmrb_data/bmrb_nmrstar/bmse001331/bmse001331.str
bmse001332,/Users/alfred/Documents/GitHub/DDLS_project/code/get_bmrb_data/bmrb_nmrstar/bmse001332/bmse001332.str
bmse001333,/Users/alfred/Documents/GitHub/DDLS_project/code/get_bmrb_data/bmrb_nmrstar/bmse001333/bmse001333.str
bmse001334,/Users/alfred/Documents/GitHub/DDLS_project/code/get_bmrb_data/bmrb_nmrstar/bmse001334/bmse001334.str
bmse001335,/Users/alfred/Documents/GitHub/DDLS_project/code/get_bmrb_data/bmrb_nmrstar/bmse001335/bmse001335.str
bmse001336,/Users/alfred/Documents/GitHub/DDLS_project/code/get_bmrb_data/bmrb_nmrstar/bmse001336/bmse001336.str
bmse001337,/Users/alfred/Documents/GitHub/DDLS_project/code/get_bmrb_data/bmrb_nmrstar/bmse001337/bmse001337.str
bmse001338,/Users/alfred/Documents/GitHub/DDLS_project/code/get_bmrb_data/bmrb_nmrstar/bmse001338/bmse001338.str
bmse001339,/Users/alfred/Documents/GitHub/DDLS_project/code/get_bmrb_data/bmrb_nmrstar/bmse001339/bmse001339.str
bmse001340,/Users/alfred/Documents/GitHub/DDLS_project/code/get_bmrb_data/bmrb_nmrstar/bmse001340/bmse001340.str
bmse001341,/Users/alfred/Documents/GitHub/DDLS_project/code/get_bmrb_data/bmrb_nmrstar/bmse001341/bmse001341.str
bmse001342,/Users/alfred/Documents/GitHub/DDLS_project/code/get_bmrb_data/bmrb_nmrstar/bmse001342/bmse001342.str
bmse001343,/Users/alfred/Documents/GitHub/DDLS_project/code/get_bmrb_data/bmrb_nmrstar/bmse001343/bmse001343.str
bmse010001,/Users/alfred/Documents/GitHub/DDLS_project/code/get_bmrb_data/bmrb_nmrstar/bmse010001/bmse010001.str
bmse010002,/Users/alfred/Documents/GitHub/DDLS_project/code/get_bmrb_data/bmrb_nmrstar/bmse010002/bmse010002.str
bmse010003,/Users/alfred/Documents/GitHub/DDLS_project/code/get_bmrb_data/bmrb_nmrstar/bmse010003/bmse010003.str
bmse010004,/Users/alfred/Documents/GitHub/DDLS_project/code/get_bmrb_data/bmrb_nmrstar/bmse010004/bmse010004.str
bmse010005,/Users/alfred/Documents/GitHub/DDLS_project/code/get_bmrb_data/bmrb_nmrstar/bmse010005/bmse010005.str
bmse010006,/Users/alfred/Documents/GitHub/DDLS_project/code/get_bmrb_data/bmrb_nmrstar/bmse010006/bmse010006.str
bmse010007,/Users/alfred/Documents/GitHub/DDLS_project/code/get_bmrb_data/bmrb_nmrstar/bmse010007/bmse010007.str
bmse010008,/Users/alfred/Documents/GitHub/DDLS_project/code/get_bmrb_data/bmrb_nmrstar/bmse010008/bmse010008.str
bmse010009,/Users/alfred/Documents/GitHub/DDLS_project/code/get_bmrb_data/bmrb_nmrstar/bmse010009/bmse010009.str
bmse010010,/Users/alfred/Documents/GitHub/DDLS_project/code/get_bmrb_data/bmrb_nmrstar/bmse010010/bmse010010.str
bmse010011,/Users/alfred/Documents/GitHub/DDLS_project/code/get_bmrb_data/bmrb_nmrstar/bmse010011/bmse010011.str
bmse010012,/Users/alfred/Documents/GitHub/DDLS_project/code/get_bmrb_data/bmrb_nmrstar/bmse010012/bmse010012.str
bmse010013,/Users/alfred/Documents/GitHub/DDLS_project/code/get_bmrb_data/bmrb_nmrstar/bmse010013/bmse010013.str
bmse010014,/Users/alfred/Documents/GitHub/DDLS_project/code/get_bmrb_data/bmrb_nmrstar/bmse010014/bmse010014.str
bmse010015,/Users/alfred/Documents/GitHub/DDLS_project/code/get_bmrb_data/bmrb_nmrstar/bmse010015/bmse010015.str
bmse010016,/Users/alfred/Documents/GitHub/DDLS_project/code/get_bmrb_data/bmrb_nmrstar/bmse010016/bmse010016.str
bmse010017,/Users/alfred/Documents/GitHub/DDLS_project/code/get_bmrb_data/bmrb_nmrstar/bmse010017/bmse010017.str
bmse010018,/Users/alfred/Documents/GitHub/DDLS_project/code/get_bmrb_data/bmrb_nmrstar/bmse010018/bmse010018.str
bmse010019,/Users/alfred/Documents/GitHub/DDLS_project/code/get_bmrb_data/bmrb_nmrstar/bmse010019/bmse010019.str
bmse010020,/Users/alfred/Documents/GitHub/DDLS_project/code/get_bmrb_data/bmrb_nmrstar/bmse010020/bmse010020.str
bmse010021,/Users/alfred/Documents/GitHub/DDLS_project/code/get_bmrb_data/bmrb_nmrstar/bmse010021/bmse010021.str
bmse010022,/Users/alfred/Documents/GitHub/DDLS_project/code/get_bmrb_data/bmrb_nmrstar/bmse010022/bmse010022.str
bmse010023,/Users/alfred/Documents/GitHub/DDLS_project/code/get_bmrb_data/bmrb_nmrstar/bmse010023/bmse010023.str
bmse010024,/Users/alfred/Documents/GitHub/DDLS_project/code/get_bmrb_data/bmrb_nmrstar/bmse010024/bmse010024.str
bmse010025,/Users/alfred/Documents/GitHub/DDLS_project/code/get_bmrb_data/bmrb_nmrstar/bmse010025/bmse010025.str
bmse010026,/Users/alfred/Documents/GitHub/DDLS_project/code/get_bmrb_data/bmrb_nmrstar/bmse010026/bmse010026.str
bmse010027,/Users/alfred/Documents/GitHub/DDLS_project/code/get_bmrb_data/bmrb_nmrstar/bmse010027/bmse010027.str
bmse010028,/Users/alfred/Documents/GitHub/DDLS_project/code/get_bmrb_data/bmrb_nmrstar/bmse010028/bmse010028.str
bmse010029,/Users/alfred/Documents/GitHub/DDLS_project/code/get_bmrb_data/bmrb_nmrstar/bmse010029/bmse010029.str
bmse010030,/Users/alfred/Documents/GitHub/DDLS_project/code/get_bmrb_data/bmrb_nmrstar/bmse010030/bmse010030.str
bmse010031,/Users/alfred/Documents/GitHub/DDLS_project/code/get_bmrb_data/bmrb_nmrstar/bmse010031/bmse010031.str
bmse010032,/Users/alfred/Documents/GitHub/DDLS_project/code/get_bmrb_data/bmrb_nmrstar/bmse010032/bmse010032.str
bmse010033,/Users/alfred/Documents/GitHub/DDLS_project/code/get_bmrb_data/bmrb_nmrstar/bmse010033/bmse010033.str
bmse010034,/Users/alfred/Documents/GitHub/DDLS_project/code/get_bmrb_data/bmrb_nmrstar/bmse010034/bmse010034.str
bmse010035,/Users/alfred/Documents/GitHub/DDLS_project/code/get_bmrb_data/bmrb_nmrstar/bmse010035/bmse010035.str
bmse010036,/Users/alfred/Documents/GitHub/DDLS_project/code/get_bmrb_data/bmrb_nmrstar/bmse010036/bmse010036.str
bmse010037,/Users/alfred/Documents/GitHub/DDLS_project/code/get_bmrb_data/bmrb_nmrstar/bmse010037/bmse010037.str
bmse010038,/Users/alfred/Documents/GitHub/DDLS_project/code/get_bmrb_data/bmrb_nmrstar/bmse010038/bmse010038.str
bmse010039,/Users/alfred/Documents/GitHub/DDLS_project/code/get_bmrb_data/bmrb_nmrstar/bmse010039/bmse010039.str
bmse010040,/Users/alfred/Documents/GitHub/DDLS_project/code/get_bmrb_data/bmrb_nmrstar/bmse010040/bmse010040.str
bmse010041,/Users/alfred/Documents/GitHub/DDLS_project/code/get_bmrb_data/bmrb_nmrstar/bmse010041/bmse010041.str
bmse010042,/Users/alfred/Documents/GitHub/DDLS_project/code/get_bmrb_data/bmrb_nmrstar/bmse010042/bmse010042.str
bmse010043,/Users/alfred/Documents/GitHub/DDLS_project/code/get_bmrb_data/bmrb_nmrstar/bmse010043/bmse010043.str
bmse010044,/Users/alfred/Documents/GitHub/DDLS_project/code/get_bmrb_data/bmrb_nmrstar/bmse010044/bmse010044.str
bmse010045,/Users/alfred/Documents/GitHub/DDLS_project/code/get_bmrb_data/bmrb_nmrstar/bmse010045/bmse010045.str
bmse010046,/Users/alfred/Documents/GitHub/DDLS_project/code/get_bmrb_data/bmrb_nmrstar/bmse010046/bmse010046.str
bmse010047,/Users/alfred/Documents/GitHub/DDLS_project/code/get_bmrb_data/bmrb_nmrstar/bmse010047/bmse010047.str
bmse010048,/Users/alfred/Documents/GitHub/DDLS_project/code/get_bmrb_data/bmrb_nmrstar/bmse010048/bmse010048.str
bmse010049,/Users/alfred/Documents/GitHub/DDLS_project/code/get_bmrb_data/bmrb_nmrstar/bmse010049/bmse010049.str
bmse010050,/Users/alfred/Documents/GitHub/DDLS_project/code/get_bmrb_data/bmrb_nmrstar/bmse010050/bmse010050.str
bmse010051,/Users/alfred/Documents/GitHub/DDLS_project/code/get_bmrb_data/bmrb_nmrstar/bmse010051/bmse010051.str
bmse010052,/Users/alfred/Documents/GitHub/DDLS_project/code/get_bmrb_data/bmrb_nmrstar/bmse010052/bmse010052.str
bmse010053,/Users/alfred/Documents/GitHub/DDLS_project/code/get_bmrb_data/bmrb_nmrstar/bmse010053/bmse010053.str
bmse010054,/Users/alfred/Documents/GitHub/DDLS_project/code/get_bmrb_data/bmrb_nmrstar/bmse010054/bmse010054.str
bmse010055,/Users/alfred/Documents/GitHub/DDLS_project/code/get_bmrb_data/bmrb_nmrstar/bmse010055/bmse010055.str
bmse010056,/Users/alfred/Documents/GitHub/DDLS_project/code/get_bmrb_data/bmrb_nmrstar/bmse010056/bmse010056.str
bmse010057,/Users/alfred/Documents/GitHub/DDLS_project/code/get_bmrb_data/bmrb_nmrstar/bmse010057/bmse010057.str
bmse010058,/Users/alfred/Documents/GitHub/DDLS_project/code/get_bmrb_data/bmrb_nmrstar/bmse010058/bmse010058.str
bmse010059,/Users/alfred/Documents/GitHub/DDLS_project/code/get_bmrb_data/bmrb_nmrstar/bmse010059/bmse010059.str
bmse010060,/Users/alfred/Documents/GitHub/DDLS_project/code/get_bmrb_data/bmrb_nmrstar/bmse010060/bmse010060.str
bmse010061,/Users/alfred/Documents/GitHub/DDLS_project/code/get_bmrb_data/bmrb_nmrstar/bmse010061/bmse010061.str
bmse010062,/Users/alfred/Documents/GitHub/DDLS_project/code/get_bmrb_data/bmrb_nmrstar/bmse010062/bmse010062.str
bmse010063,/Users/alfred/Documents/GitHub/DDLS_project/code/get_bmrb_data/bmrb_nmrstar/bmse010063/bmse010063.str
bmse010064,/Users/alfred/Documents/GitHub/DDLS_project/code/get_bmrb_data/bmrb_nmrstar/bmse010064/bmse010064.str
bmse010065,/Users/alfred/Documents/GitHub/DDLS_project/code/get_bmrb_data/bmrb_nmrstar/bmse010065/bmse010065.str
bmse010066,/Users/alfred/Documents/GitHub/DDLS_project/code/get_bmrb_data/bmrb_nmrstar/bmse010066/bmse010066.str
bmse010067,/Users/alfred/Documents/GitHub/DDLS_project/code/get_bmrb_data/bmrb_nmrstar/bmse010067/bmse010067.str
bmse010068,/Users/alfred/Documents/GitHub/DDLS_project/code/get_bmrb_data/bmrb_nmrstar/bmse010068/bmse010068.str
bmse010069,/Users/alfred/Documents/GitHub/DDLS_project/code/get_bmrb_data/bmrb_nmrstar/bmse010069/bmse010069.str
bmse010070,/Users/alfred/Documents/GitHub/DDLS_project/code/get_bmrb_data/bmrb_nmrstar/bmse010070/bmse010070.str
bmse010071,/Users/alfred/Documents/GitHub/DDLS_project/code/get_bmrb_data/bmrb_nmrstar/bmse010071/bmse010071.str
bmse010072,/Users/alfred/Documents/GitHub/DDLS_project/code/get_bmrb_data/bmrb_nmrstar/bmse010072/bmse010072.str
bmse010073,/Users/alfred/Documents/GitHub/DDLS_project/code/get_bmrb_data/bmrb_nmrstar/bmse010073/bmse010073.str
bmse010074,/Users/alfred/Documents/GitHub/DDLS_project/code/get_bmrb_data/bmrb_nmrstar/bmse010074/bmse010074.str
bmse010075,/Users/alfred/Documents/GitHub/DDLS_project/code/get_bmrb_data/bmrb_nmrstar/bmse010075/bmse010075.str
bmse010076,/Users/alfred/Documents/GitHub/DDLS_project/code/get_bmrb_data/bmrb_nmrstar/bmse010076/bmse010076.str
bmse010077,/Users/alfred/Documents/GitHub/DDLS_project/code/get_bmrb_data/bmrb_nmrstar/bmse010077/bmse010077.str
bmse010078,/Users/alfred/Documents/GitHub/DDLS_project/code/get_bmrb_data/bmrb_nmrstar/bmse010078/bmse010078.str
bmse010079,/Users/alfred/Documents/GitHub/DDLS_project/code/get_bmrb_data/bmrb_nmrstar/bmse010079/bmse010079.str
bmse010080,/Users/alfred/Documents/GitHub/DDLS_project/code/get_bmrb_data/bmrb_nmrstar/bmse010080/bmse010080.str
bmse010081,/Users/alfred/Documents/GitHub/DDLS_project/code/get_bmrb_data/bmrb_nmrstar/bmse010081/bmse010081.str
bmse010082,/Users/alfred/Documents/GitHub/DDLS_project/code/get_bmrb_data/bmrb_nmrstar/bmse010082/bmse010082.str
bmse010083,/Users/alfred/Documents/GitHub/DDLS_project/code/get_bmrb_data/bmrb_nmrstar/bmse010083/bmse010083.str
bmse010084,/Users/alfred/Documents/GitHub/DDLS_project/code/get_bmrb_data/bmrb_nmrstar/bmse010084/bmse010084.str
bmse010085,/Users/alfred/Documents/GitHub/DDLS_project/code/get_bmrb_data/bmrb_nmrstar/bmse010085/bmse010085.str
bmse010086,/Users/alfred/Documents/GitHub/DDLS_project/code/get_bmrb_data/bmrb_nmrstar/bmse010086/bmse010086.str
bmse010087,/Users/alfred/Documents/GitHub/DDLS_project/code/get_bmrb_data/bmrb_nmrstar/bmse010087/bmse010087.str
bmse010088,/Users/alfred/Documents/GitHub/DDLS_project/code/get_bmrb_data/bmrb_nmrstar/bmse010088/bmse010088.str
bmse010089,/Users/alfred/Documents/GitHub/DDLS_project/code/get_bmrb_data/bmrb_nmrstar/bmse010089/bmse010089.str
bmse010090,/Users/alfred/Documents/GitHub/DDLS_project/code/get_bmrb_data/bmrb_nmrstar/bmse010090/bmse010090.str
bmse010091,/Users/alfred/Documents/GitHub/DDLS_project/code/get_bmrb_data/bmrb_nmrstar/bmse010091/bmse010091.str
bmse010092,/Users/alfred/Documents/GitHub/DDLS_project/code/get_bmrb_data/bmrb_nmrstar/bmse010092/bmse010092.str
bmse010093,/Users/alfred/Documents/GitHub/DDLS_project/code/get_bmrb_data/bmrb_nmrstar/bmse010093/bmse010093.str
bmse010094,/Users/alfred/Documents/GitHub/DDLS_project/code/get_bmrb_data/bmrb_nmrstar/bmse010094/bmse010094.str
bmse010095,/Users/alfred/Documents/GitHub/DDLS_project/code/get_bmrb_data/bmrb_nmrstar/bmse010095/bmse010095.str
bmse010096,/Users/alfred/Documents/GitHub/DDLS_project/code/get_bmrb_data/bmrb_nmrstar/bmse010096/bmse010096.str
bmse010097,/Users/alfred/Documents/GitHub/DDLS_project/code/get_bmrb_data/bmrb_nmrstar/bmse010097/bmse010097.str
bmse010098,/Users/alfred/Documents/GitHub/DDLS_project/code/get_bmrb_data/bmrb_nmrstar/bmse010098/bmse010098.str
bmse010099,/Users/alfred/Documents/GitHub/DDLS_project/code/get_bmrb_data/bmrb_nmrstar/bmse010099/bmse010099.str
bmse010100,/Users/alfred/Documents/GitHub/DDLS_project/code/get_bmrb_data/bmrb_nmrstar/bmse010100/bmse010100.str
bmse010101,/Users/alfred/Documents/GitHub/DDLS_project/code/get_bmrb_data/bmrb_nmrstar/bmse010101/bmse010101.str
bmse010102,/Users/alfred/Documents/GitHub/DDLS_project/code/get_bmrb_data/bmrb_nmrstar/bmse010102/bmse010102.str
bmse010103,/Users/alfred/Documents/GitHub/DDLS_project/code/get_bmrb_data/bmrb_nmrstar/bmse010103/bmse010103.str
bmse010104,/Users/alfred/Documents/GitHub/DDLS_project/code/get_bmrb_data/bmrb_nmrstar/bmse010104/bmse010104.str
bmse010105,/Users/alfred/Documents/GitHub/DDLS_project/code/get_bmrb_data/bmrb_nmrstar/bmse010105/bmse010105.str
bmse010106,/Users/alfred/Documents/GitHub/DDLS_project/code/get_bmrb_data/bmrb_nmrstar/bmse010106/bmse010106.str
bmse010107,/Users/alfred/Documents/GitHub/DDLS_project/code/get_bmrb_data/bmrb_nmrstar/bmse010107/bmse010107.str
bmse010108,/Users/alfred/Documents/GitHub/DDLS_project/code/get_bmrb_data/bmrb_nmrstar/bmse010108/bmse010108.str
bmse010109,/Users/alfred/Documents/GitHub/DDLS_project/code/get_bmrb_data/bmrb_nmrstar/bmse010109/bmse010109.str
bmse010110,/Users/alfred/Documents/GitHub/DDLS_project/code/get_bmrb_data/bmrb_nmrstar/bmse010110/bmse010110.str
bmse010111,/Users/alfred/Documents/GitHub/DDLS_project/code/get_bmrb_data/bmrb_nmrstar/bmse010111/bmse010111.str
bmse010112,/Users/alfred/Documents/GitHub/DDLS_project/code/get_bmrb_data/bmrb_nmrstar/bmse010112/bmse010112.str
bmse010113,/Users/alfred/Documents/GitHub/DDLS_project/code/get_bmrb_data/bmrb_nmrstar/bmse010113/bmse010113.str
bmse010114,/Users/alfred/Documents/GitHub/DDLS_project/code/get_bmrb_data/bmrb_nmrstar/bmse010114/bmse010114.str
bmse010115,/Users/alfred/Documents/GitHub/DDLS_project/code/get_bmrb_data/bmrb_nmrstar/bmse010115/bmse010115.str
bmse010116,/Users/alfred/Documents/GitHub/DDLS_project/code/get_bmrb_data/bmrb_nmrstar/bmse010116/bmse010116.str
bmse010117,/Users/alfred/Documents/GitHub/DDLS_project/code/get_bmrb_data/bmrb_nmrstar/bmse010117/bmse010117.str
bmse010118,/Users/alfred/Documents/GitHub/DDLS_project/code/get_bmrb_data/bmrb_nmrstar/bmse010118/bmse010118.str
bmse010119,/Users/alfred/Documents/GitHub/DDLS_project/code/get_bmrb_data/bmrb_nmrstar/bmse010119/bmse010119.str
bmse010120,/Users/alfred/Documents/GitHub/DDLS_project/code/get_bmrb_data/bmrb_nmrstar/bmse010120/bmse010120.str
bmse010121,/Users/alfred/Documents/GitHub/DDLS_project/code/get_bmrb_data/bmrb_nmrstar/bmse010121/bmse010121.str
bmse010122,/Users/alfred/Documents/GitHub/DDLS_project/code/get_bmrb_data/bmrb_nmrstar/bmse010122/bmse010122.str
bmse010123,/Users/alfred/Documents/GitHub/DDLS_project/code/get_bmrb_data/bmrb_nmrstar/bmse010123/bmse010123.str
bmse010124,/Users/alfred/Documents/GitHub/DDLS_project/code/get_bmrb_data/bmrb_nmrstar/bmse010124/bmse010124.str
bmse010125,/Users/alfred/Documents/GitHub/DDLS_project/code/get_bmrb_data/bmrb_nmrstar/bmse010125/bmse010125.str
bmse010126,/Users/alfred/Documents/GitHub/DDLS_project/code/get_bmrb_data/bmrb_nmrstar/bmse010126/bmse010126.str
bmse010127,/Users/alfred/Documents/GitHub/DDLS_project/code/get_bmrb_data/bmrb_nmrstar/bmse010127/bmse010127.str
bmse010128,/Users/alfred/Documents/GitHub/DDLS_project/code/get_bmrb_data/bmrb_nmrstar/bmse010128/bmse010128.str
bmse010129,/Users/alfred/Documents/GitHub/DDLS_project/code/get_bmrb_data/bmrb_nmrstar/bmse010129/bmse010129.str
bmse010130,/Users/alfred/Documents/GitHub/DDLS_project/code/get_bmrb_data/bmrb_nmrstar/bmse010130/bmse010130.str
bmse010131,/Users/alfred/Documents/GitHub/DDLS_project/code/get_bmrb_data/bmrb_nmrstar/bmse010131/bmse010131.str
bmse010132,/Users/alfred/Documents/GitHub/DDLS_project/code/get_bmrb_data/bmrb_nmrstar/bmse010132/bmse010132.str
bmse010133,/Users/alfred/Documents/GitHub/DDLS_project/code/get_bmrb_data/bmrb_nmrstar/bmse010133/bmse010133.str
bmse010134,/Users/alfred/Documents/GitHub/DDLS_project/code/get_bmrb_data/bmrb_nmrstar/bmse010134/bmse010134.str
bmse010135,/Users/alfred/Documents/GitHub/DDLS_project/code/get_bmrb_data/bmrb_nmrstar/bmse010135/bmse010135.str
bmse010136,/Users/alfred/Documents/GitHub/DDLS_project/code/get_bmrb_data/bmrb_nmrstar/bmse010136/bmse010136.str
bmse010137,/Users/alfred/Documents/GitHub/DDLS_project/code/get_bmrb_data/bmrb_nmrstar/bmse010137/bmse010137.str
bmse010138,/Users/alfred/Documents/GitHub/DDLS_project/code/get_bmrb_data/bmrb_nmrstar/bmse010138/bmse010138.str
bmse010139,/Users/alfred/Documents/GitHub/DDLS_project/code/get_bmrb_data/bmrb_nmrstar/bmse010139/bmse010139.str
bmse010140,/Users/alfred/Documents/GitHub/DDLS_project/code/get_bmrb_data/bmrb_nmrstar/bmse010140/bmse010140.str
bmse010141,/Users/alfred/Documents/GitHub/DDLS_project/code/get_bmrb_data/bmrb_nmrstar/bmse010141/bmse010141.str
bmse010142,/Users/alfred/Documents/GitHub/DDLS_project/code/get_bmrb_data/bmrb_nmrstar/bmse010142/bmse010142.str
bmse010143,/Users/alfred/Documents/GitHub/DDLS_project/code/get_bmrb_data/bmrb_nmrstar/bmse010143/bmse010143.str
bmse010144,/Users/alfred/Documents/GitHub/DDLS_project/code/get_bmrb_data/bmrb_nmrstar/bmse010144/bmse010144.str
bmse010145,/Users/alfred/Documents/GitHub/DDLS_project/code/get_bmrb_data/bmrb_nmrstar/bmse010145/bmse010145.str
bmse010146,/Users/alfred/Documents/GitHub/DDLS_project/code/get_bmrb_data/bmrb_nmrstar/bmse010146/bmse010146.str
bmse010147,/Users/alfred/Documents/GitHub/DDLS_project/code/get_bmrb_data/bmrb_nmrstar/bmse010147/bmse010147.str
bmse010148,/Users/alfred/Documents/GitHub/DDLS_project/code/get_bmrb_data/bmrb_nmrstar/bmse010148/bmse010148.str
bmse010149,/Users/alfred/Documents/GitHub/DDLS_project/code/get_bmrb_data/bmrb_nmrstar/bmse010149/bmse010149.str
bmse010150,/Users/alfred/Documents/GitHub/DDLS_project/code/get_bmrb_data/bmrb_nmrstar/bmse010150/bmse010150.str
bmse010151,/Users/alfred/Documents/GitHub/DDLS_project/code/get_bmrb_data/bmrb_nmrstar/bmse010151/bmse010151.str
bmse010152,/Users/alfred/Documents/GitHub/DDLS_project/code/get_bmrb_data/bmrb_nmrstar/bmse010152/bmse010152.str
bmse010153,/Users/alfred/Documents/GitHub/DDLS_project/code/get_bmrb_data/bmrb_nmrstar/bmse010153/bmse010153.str
bmse010154,/Users/alfred/Documents/GitHub/DDLS_project/code/get_bmrb_data/bmrb_nmrstar/bmse010154/bmse010154.str
bmse010155,/Users/alfred/Documents/GitHub/DDLS_project/code/get_bmrb_data/bmrb_nmrstar/bmse010155/bmse010155.str
bmse010156,/Users/alfred/Documents/GitHub/DDLS_project/code/get_bmrb_data/bmrb_nmrstar/bmse010156/bmse010156.str
bmse010157,/Users/alfred/Documents/GitHub/DDLS_project/code/get_bmrb_data/bmrb_nmrstar/bmse010157/bmse010157.str
bmse010158,/Users/alfred/Documents/GitHub/DDLS_project/code/get_bmrb_data/bmrb_nmrstar/bmse010158/bmse010158.str
bmse010159,/Users/alfred/Documents/GitHub/DDLS_project/code/get_bmrb_data/bmrb_nmrstar/bmse010159/bmse010159.str
bmse010160,/Users/alfred/Documents/GitHub/DDLS_project/code/get_bmrb_data/bmrb_nmrstar/bmse010160/bmse010160.str
bmse010161,/Users/alfred/Documents/GitHub/DDLS_project/code/get_bmrb_data/bmrb_nmrstar/bmse010161/bmse010161.str
bmse010162,/Users/alfred/Documents/GitHub/DDLS_project/code/get_bmrb_data/bmrb_nmrstar/bmse010162/bmse010162.str
bmse010163,/Users/alfred/Documents/GitHub/DDLS_project/code/get_bmrb_data/bmrb_nmrstar/bmse010163/bmse010163.str
bmse010164,/Users/alfred/Documents/GitHub/DDLS_project/code/get_bmrb_data/bmrb_nmrstar/bmse010164/bmse010164.str
bmse010165,/Users/alfred/Documents/GitHub/DDLS_project/code/get_bmrb_data/bmrb_nmrstar/bmse010165/bmse010165.str
bmse010166,/Users/alfred/Documents/GitHub/DDLS_project/code/get_bmrb_data/bmrb_nmrstar/bmse010166/bmse010166.str
bmse010167,/Users/alfred/Documents/GitHub/DDLS_project/code/get_bmrb_data/bmrb_nmrstar/bmse010167/bmse010167.str
bmse010168,/Users/alfred/Documents/GitHub/DDLS_project/code/get_bmrb_data/bmrb_nmrstar/bmse010168/bmse010168.str
bmse010169,/Users/alfred/Documents/GitHub/DDLS_project/code/get_bmrb_data/bmrb_nmrstar/bmse010169/bmse010169.str
bmse010170,/Users/alfred/Documents/GitHub/DDLS_project/code/get_bmrb_data/bmrb_nmrstar/bmse010170/bmse010170.str
bmse010171,/Users/alfred/Documents/GitHub/DDLS_project/code/get_bmrb_data/bmrb_nmrstar/bmse010171/bmse010171.str
bmse010172,/Users/alfred/Documents/GitHub/DDLS_project/code/get_bmrb_data/bmrb_nmrstar/bmse010172/bmse010172.str
bmse010173,/Users/alfred/Documents/GitHub/DDLS_project/code/get_bmrb_data/bmrb_nmrstar/bmse010173/bmse010173.str
bmse010174,/Users/alfred/Documents/GitHub/DDLS_project/code/get_bmrb_data/bmrb_nmrstar/bmse010174/bmse010174.str
bmse010175,/Users/alfred/Documents/GitHub/DDLS_project/code/get_bmrb_data/bmrb_nmrstar/bmse010175/bmse010175.str
bmse010176,/Users/alfred/Documents/GitHub/DDLS_project/code/get_bmrb_data/bmrb_nmrstar/bmse010176/bmse010176.str
bmse010177,/Users/alfred/Documents/GitHub/DDLS_project/code/get_bmrb_data/bmrb_nmrstar/bmse010177/bmse010177.str
bmse010178,/Users/alfred/Documents/GitHub/DDLS_project/code/get_bmrb_data/bmrb_nmrstar/bmse010178/bmse010178.str
bmse010179,/Users/alfred/Documents/GitHub/DDLS_project/code/get_bmrb_data/bmrb_nmrstar/bmse010179/bmse010179.str
bmse010180,/Users/alfred/Documents/GitHub/DDLS_project/code/get_bmrb_data/bmrb_nmrstar/bmse010180/bmse010180.str
bmse010181,/Users/alfred/Documents/GitHub/DDLS_project/code/get_bmrb_data/bmrb_nmrstar/bmse010181/bmse010181.str
bmse010182,/Users/alfred/Documents/GitHub/DDLS_project/code/get_bmrb_data/bmrb_nmrstar/bmse010182/bmse010182.str
bmse010183,/Users/alfred/Documents/GitHub/DDLS_project/code/get_bmrb_data/bmrb_nmrstar/bmse010183/bmse010183.str
bmse010184,/Users/alfred/Documents/GitHub/DDLS_project/code/get_bmrb_data/bmrb_nmrstar/bmse010184/bmse010184.str
bmse010185,/Users/alfred/Documents/GitHub/DDLS_project/code/get_bmrb_data/bmrb_nmrstar/bmse010185/bmse010185.str
bmse010186,/Users/alfred/Documents/GitHub/DDLS_project/code/get_bmrb_data/bmrb_nmrstar/bmse010186/bmse010186.str
bmse010187,/Users/alfred/Documents/GitHub/DDLS_project/code/get_bmrb_data/bmrb_nmrstar/bmse010187/bmse010187.str
bmse010188,/Users/alfred/Documents/GitHub/DDLS_project/code/get_bmrb_data/bmrb_nmrstar/bmse010188/bmse010188.str
bmse010189,/Users/alfred/Documents/GitHub/DDLS_project/code/get_bmrb_data/bmrb_nmrstar/bmse010189/bmse010189.str
bmse010190,/Users/alfred/Documents/GitHub/DDLS_project/code/get_bmrb_data/bmrb_nmrstar/bmse010190/bmse010190.str
bmse010191,/Users/alfred/Documents/GitHub/DDLS_project/code/get_bmrb_data/bmrb_nmrstar/bmse010191/bmse010191.str
bmse010192,/Users/alfred/Documents/GitHub/DDLS_project/code/get_bmrb_data/bmrb_nmrstar/bmse010192/bmse010192.str
bmse010193,/Users/alfred/Documents/GitHub/DDLS_project/code/get_bmrb_data/bmrb_nmrstar/bmse010193/bmse010193.str
bmse010194,/Users/alfred/Documents/GitHub/DDLS_project/code/get_bmrb_data/bmrb_nmrstar/bmse010194/bmse010194.str
bmse010195,/Users/alfred/Documents/GitHub/DDLS_project/code/get_bmrb_data/bmrb_nmrstar/bmse010195/bmse010195.str
bmse010196,/Users/alfred/Documents/GitHub/DDLS_project/code/get_bmrb_data/bmrb_nmrstar/bmse010196/bmse010196.str
bmse010197,/Users/alfred/Documents/GitHub/DDLS_project/code/get_bmrb_data/bmrb_nmrstar/bmse010197/bmse010197.str
bmse010198,/Users/alfred/Documents/GitHub/DDLS_project/code/get_bmrb_data/bmrb_nmrstar/bmse010198/bmse010198.str
bmse010199,/Users/alfred/Documents/GitHub/DDLS_project/code/get_bmrb_data/bmrb_nmrstar/bmse010199/bmse010199.str
bmse010200,/Users/alfred/Documents/GitHub/DDLS_project/code/get_bmrb_data/bmrb_nmrstar/bmse010200/bmse010200.str
bmse010201,/Users/alfred/Documents/GitHub/DDLS_project/code/get_bmrb_data/bmrb_nmrstar/bmse010201/bmse010201.str
bmse010202,/Users/alfred/Documents/GitHub/DDLS_project/code/get_bmrb_data/bmrb_nmrstar/bmse010202/bmse010202.str
bmse010203,/Users/alfred/Documents/GitHub/DDLS_project/code/get_bmrb_data/bmrb_nmrstar/bmse010203/bmse010203.str
bmse010204,/Users/alfred/Documents/GitHub/DDLS_project/code/get_bmrb_data/bmrb_nmrstar/bmse010204/bmse010204.str
bmse010205,/Users/alfred/Documents/GitHub/DDLS_project/code/get_bmrb_data/bmrb_nmrstar/bmse010205/bmse010205.str
bmse010206,/Users/alfred/Documents/GitHub/DDLS_project/code/get_bmrb_data/bmrb_nmrstar/bmse010206/bmse010206.str
bmse010207,/Users/alfred/Documents/GitHub/DDLS_project/code/get_bmrb_data/bmrb_nmrstar/bmse010207/bmse010207.str
bmse010208,/Users/alfred/Documents/GitHub/DDLS_project/code/get_bmrb_data/bmrb_nmrstar/bmse010208/bmse010208.str
bmse010209,/Users/alfred/Documents/GitHub/DDLS_project/code/get_bmrb_data/bmrb_nmrstar/bmse010209/bmse010209.str
bmse010210,/Users/alfred/Documents/GitHub/DDLS_project/code/get_bmrb_data/bmrb_nmrstar/bmse010210/bmse010210.str
bmse010211,/Users/alfred/Documents/GitHub/DDLS_project/code/get_bmrb_data/bmrb_nmrstar/bmse010211/bmse010211.str
bmse010212,/Users/alfred/Documents/GitHub/DDLS_project/code/get_bmrb_data/bmrb_nmrstar/bmse010212/bmse010212.str
bmse010213,/Users/alfred/Documents/GitHub/DDLS_project/code/get_bmrb_data/bmrb_nmrstar/bmse010213/bmse010213.str
bmse010214,/Users/alfred/Documents/GitHub/DDLS_project/code/get_bmrb_data/bmrb_nmrstar/bmse010214/bmse010214.str
bmse010215,/Users/alfred/Documents/GitHub/DDLS_project/code/get_bmrb_data/bmrb_nmrstar/bmse010215/bmse010215.str
bmse010216,/Users/alfred/Documents/GitHub/DDLS_project/code/get_bmrb_data/bmrb_nmrstar/bmse010216/bmse010216.str
bmse010217,/Users/alfred/Documents/GitHub/DDLS_project/code/get_bmrb_data/bmrb_nmrstar/bmse010217/bmse010217.str
bmse010218,/Users/alfred/Documents/GitHub/DDLS_project/code/get_bmrb_data/bmrb_nmrstar/bmse010218/bmse010218.str
bmse010219,/Users/alfred/Documents/GitHub/DDLS_project/code/get_bmrb_data/bmrb_nmrstar/bmse010219/bmse010219.str
bmse010220,/Users/alfred/Documents/GitHub/DDLS_project/code/get_bmrb_data/bmrb_nmrstar/bmse010220/bmse010220.str
bmse010221,/Users/alfred/Documents/GitHub/DDLS_project/code/get_bmrb_data/bmrb_nmrstar/bmse010221/bmse010221.str
bmse010222,/Users/alfred/Documents/GitHub/DDLS_project/code/get_bmrb_data/bmrb_nmrstar/bmse010222/bmse010222.str
bmse010223,/Users/alfred/Documents/GitHub/DDLS_project/code/get_bmrb_data/bmrb_nmrstar/bmse010223/bmse010223.str
bmse010224,/Users/alfred/Documents/GitHub/DDLS_project/code/get_bmrb_data/bmrb_nmrstar/bmse010224/bmse010224.str
bmse010225,/Users/alfred/Documents/GitHub/DDLS_project/code/get_bmrb_data/bmrb_nmrstar/bmse010225/bmse010225.str
bmse010226,/Users/alfred/Documents/GitHub/DDLS_project/code/get_bmrb_data/bmrb_nmrstar/bmse010226/bmse010226.str
bmse010227,/Users/alfred/Documents/GitHub/DDLS_project/code/get_bmrb_data/bmrb_nmrstar/bmse010227/bmse010227.str
bmse010228,/Users/alfred/Documents/GitHub/DDLS_project/code/get_bmrb_data/bmrb_nmrstar/bmse010228/bmse010228.str
bmse010229,/Users/alfred/Documents/GitHub/DDLS_project/code/get_bmrb_data/bmrb_nmrstar/bmse010229/bmse010229.str
bmse010230,/Users/alfred/Documents/GitHub/DDLS_project/code/get_bmrb_data/bmrb_nmrstar/bmse010230/bmse010230.str
bmse010231,/Users/alfred/Documents/GitHub/DDLS_project/code/get_bmrb_data/bmrb_nmrstar/bmse010231/bmse010231.str
bmse010232,/Users/alfred/Documents/GitHub/DDLS_project/code/get_bmrb_data/bmrb_nmrstar/bmse010232/bmse010232.str
bmse010233,/Users/alfred/Documents/GitHub/DDLS_project/code/get_bmrb_data/bmrb_nmrstar/bmse010233/bmse010233.str
bmse010234,/Users/alfred/Documents/GitHub/DDLS_project/code/get_bmrb_data/bmrb_nmrstar/bmse010234/bmse010234.str
bmse010235,/Users/alfred/Documents/GitHub/DDLS_project/code/get_bmrb_data/bmrb_nmrstar/bmse010235/bmse010235.str
bmse010236,/Users/alfred/Documents/GitHub/DDLS_project/code/get_bmrb_data/bmrb_nmrstar/bmse010236/bmse010236.str
bmse010237,/Users/alfred/Documents/GitHub/DDLS_project/code/get_bmrb_data/bmrb_nmrstar/bmse010237/bmse010237.str
bmse010238,/Users/alfred/Documents/GitHub/DDLS_project/code/get_bmrb_data/bmrb_nmrstar/bmse010238/bmse010238.str
bmse010239,/Users/alfred/Documents/GitHub/DDLS_project/code/get_bmrb_data/bmrb_nmrstar/bmse010239/bmse010239.str
bmse010240,/Users/alfred/Documents/GitHub/DDLS_project/code/get_bmrb_data/bmrb_nmrstar/bmse010240/bmse010240.str
bmse010241,/Users/alfred/Documents/GitHub/DDLS_project/code/get_bmrb_data/bmrb_nmrstar/bmse010241/bmse010241.str
bmse010242,/Users/alfred/Documents/GitHub/DDLS_project/code/get_bmrb_data/bmrb_nmrstar/bmse010242/bmse010242.str
bmse010243,/Users/alfred/Documents/GitHub/DDLS_project/code/get_bmrb_data/bmrb_nmrstar/bmse010243/bmse010243.str
bmse010244,/Users/alfred/Documents/GitHub/DDLS_project/code/get_bmrb_data/bmrb_nmrstar/bmse010244/bmse010244.str
bmse010245,/Users/alfred/Documents/GitHub/DDLS_project/code/get_bmrb_data/bmrb_nmrstar/bmse010245/bmse010245.str
bmse010246,/Users/alfred/Documents/GitHub/DDLS_project/code/get_bmrb_data/bmrb_nmrstar/bmse010246/bmse010246.str
bmse010247,/Users/alfred/Documents/GitHub/DDLS_project/code/get_bmrb_data/bmrb_nmrstar/bmse010247/bmse010247.str
bmse010248,/Users/alfred/Documents/GitHub/DDLS_project/code/get_bmrb_data/bmrb_nmrstar/bmse010248/bmse010248.str
bmse010249,/Users/alfred/Documents/GitHub/DDLS_project/code/get_bmrb_data/bmrb_nmrstar/bmse010249/bmse010249.str
bmse010250,/Users/alfred/Documents/GitHub/DDLS_project/code/get_bmrb_data/bmrb_nmrstar/bmse010250/bmse010250.str
bmse010251,/Users/alfred/Documents/GitHub/DDLS_project/code/get_bmrb_data/bmrb_nmrstar/bmse010251/bmse010251.str
bmse010252,/Users/alfred/Documents/GitHub/DDLS_project/code/get_bmrb_data/bmrb_nmrstar/bmse010252/bmse010252.str
bmse010253,/Users/alfred/Documents/GitHub/DDLS_project/code/get_bmrb_data/bmrb_nmrstar/bmse010253/bmse010253.str
bmse010254,/Users/alfred/Documents/GitHub/DDLS_project/code/get_bmrb_data/bmrb_nmrstar/bmse010254/bmse010254.str
bmse010255,/Users/alfred/Documents/GitHub/DDLS_project/code/get_bmrb_data/bmrb_nmrstar/bmse010255/bmse010255.str
bmse010256,/Users/alfred/Documents/GitHub/DDLS_project/code/get_bmrb_data/bmrb_nmrstar/bmse010256/bmse010256.str
bmse010257,/Users/alfred/Documents/GitHub/DDLS_project/code/get_bmrb_data/bmrb_nmrstar/bmse010257/bmse010257.str
bmse010258,/Users/alfred/Documents/GitHub/DDLS_project/code/get_bmrb_data/bmrb_nmrstar/bmse010258/bmse010258.str
bmse010259,/Users/alfred/Documents/GitHub/DDLS_project/code/get_bmrb_data/bmrb_nmrstar/bmse010259/bmse010259.str
bmse010260,/Users/alfred/Documents/GitHub/DDLS_project/code/get_bmrb_data/bmrb_nmrstar/bmse010260/bmse010260.str
bmse010261,/Users/alfred/Documents/GitHub/DDLS_project/code/get_bmrb_data/bmrb_nmrstar/bmse010261/bmse010261.str
bmse010262,/Users/alfred/Documents/GitHub/DDLS_project/code/get_bmrb_data/bmrb_nmrstar/bmse010262/bmse010262.str
bmse010263,/Users/alfred/Documents/GitHub/DDLS_project/code/get_bmrb_data/bmrb_nmrstar/bmse010263/bmse010263.str
bmse010264,/Users/alfred/Documents/GitHub/DDLS_project/code/get_bmrb_data/bmrb_nmrstar/bmse010264/bmse010264.str
bmse010265,/Users/alfred/Documents/GitHub/DDLS_project/code/get_bmrb_data/bmrb_nmrstar/bmse010265/bmse010265.str
bmse010266,/Users/alfred/Documents/GitHub/DDLS_project/code/get_bmrb_data/bmrb_nmrstar/bmse010266/bmse010266.str
bmse010267,/Users/alfred/Documents/GitHub/DDLS_project/code/get_bmrb_data/bmrb_nmrstar/bmse010267/bmse010267.str
bmse010268,/Users/alfred/Documents/GitHub/DDLS_project/code/get_bmrb_data/bmrb_nmrstar/bmse010268/bmse010268.str
bmse010269,/Users/alfred/Documents/GitHub/DDLS_project/code/get_bmrb_data/bmrb_nmrstar/bmse010269/bmse010269.str
bmse010270,/Users/alfred/Documents/GitHub/DDLS_project/code/get_bmrb_data/bmrb_nmrstar/bmse010270/bmse010270.str
bmse010271,/Users/alfred/Documents/GitHub/DDLS_project/code/get_bmrb_data/bmrb_nmrstar/bmse010271/bmse010271.str
bmse010272,/Users/alfred/Documents/GitHub/DDLS_project/code/get_bmrb_data/bmrb_nmrstar/bmse010272/bmse010272.str
bmse010273,/Users/alfred/Documents/GitHub/DDLS_project/code/get_bmrb_data/bmrb_nmrstar/bmse010273/bmse010273.str
bmse010274,/Users/alfred/Documents/GitHub/DDLS_project/code/get_bmrb_data/bmrb_nmrstar/bmse010274/bmse010274.str
bmse010275,/Users/alfred/Documents/GitHub/DDLS_project/code/get_bmrb_data/bmrb_nmrstar/bmse010275/bmse010275.str
bmse010276,/Users/alfred/Documents/GitHub/DDLS_project/code/get_bmrb_data/bmrb_nmrstar/bmse010276/bmse010276.str
bmse010277,/Users/alfred/Documents/GitHub/DDLS_project/code/get_bmrb_data/bmrb_nmrstar/bmse010277/bmse010277.str
bmse010278,/Users/alfred/Documents/GitHub/DDLS_project/code/get_bmrb_data/bmrb_nmrstar/bmse010278/bmse010278.str
bmse010279,/Users/alfred/Documents/GitHub/DDLS_project/code/get_bmrb_data/bmrb_nmrstar/bmse010279/bmse010279.str
bmse010280,/Users/alfred/Documents/GitHub/DDLS_project/code/get_bmrb_data/bmrb_nmrstar/bmse010280/bmse010280.str
bmse010281,/Users/alfred/Documents/GitHub/DDLS_project/code/get_bmrb_data/bmrb_nmrstar/bmse010281/bmse010281.str
bmse010282,/Users/alfred/Documents/GitHub/DDLS_project/code/get_bmrb_data/bmrb_nmrstar/bmse010282/bmse010282.str
bmse010283,/Users/alfred/Documents/GitHub/DDLS_project/code/get_bmrb_data/bmrb_nmrstar/bmse010283/bmse010283.str
bmse010284,/Users/alfred/Documents/GitHub/DDLS_project/code/get_bmrb_data/bmrb_nmrstar/bmse010284/bmse010284.str
bmse010285,/Users/alfred/Documents/GitHub/DDLS_project/code/get_bmrb_data/bmrb_nmrstar/bmse010285/bmse010285.str
bmse010286,/Users/alfred/Documents/GitHub/DDLS_project/code/get_bmrb_data/bmrb_nmrstar/bmse010286/bmse010286.str
bmse010287,/Users/alfred/Documents/GitHub/DDLS_project/code/get_bmrb_data/bmrb_nmrstar/bmse010287/bmse010287.str
bmse010288,/Users/alfred/Documents/GitHub/DDLS_project/code/get_bmrb_data/bmrb_nmrstar/bmse010288/bmse010288.str
bmse010289,/Users/alfred/Documents/GitHub/DDLS_project/code/get_bmrb_data/bmrb_nmrstar/bmse010289/bmse010289.str
bmse010290,/Users/alfred/Documents/GitHub/DDLS_project/code/get_bmrb_data/bmrb_nmrstar/bmse010290/bmse010290.str
bmse010291,/Users/alfred/Documents/GitHub/DDLS_project/code/get_bmrb_data/bmrb_nmrstar/bmse010291/bmse010291.str
bmse010292,/Users/alfred/Documents/GitHub/DDLS_project/code/get_bmrb_data/bmrb_nmrstar/bmse010292/bmse010292.str
bmse010293,/Users/alfred/Documents/GitHub/DDLS_project/code/get_bmrb_data/bmrb_nmrstar/bmse010293/bmse010293.str
bmse010294,/Users/alfred/Documents/GitHub/DDLS_project/code/get_bmrb_data/bmrb_nmrstar/bmse010294/bmse010294.str
bmse010295,/Users/alfred/Documents/GitHub/DDLS_project/code/get_bmrb_data/bmrb_nmrstar/bmse010295/bmse010295.str
bmse010296,/Users/alfred/Documents/GitHub/DDLS_project/code/get_bmrb_data/bmrb_nmrstar/bmse010296/bmse010296.str
bmse010297,/Users/alfred/Documents/GitHub/DDLS_project/code/get_bmrb_data/bmrb_nmrstar/bmse010297/bmse010297.str
bmse010298,/Users/alfred/Documents/GitHub/DDLS_project/code/get_bmrb_data/bmrb_nmrstar/bmse010298/bmse010298.str
bmse010299,/Users/alfred/Documents/GitHub/DDLS_project/code/get_bmrb_data/bmrb_nmrstar/bmse010299/bmse010299.str
bmse010300,/Users/alfred/Documents/GitHub/DDLS_project/code/get_bmrb_data/bmrb_nmrstar/bmse010300/bmse010300.str
bmse010301,/Users/alfred/Documents/GitHub/DDLS_project/code/get_bmrb_data/bmrb_nmrstar/bmse010301/bmse010301.str
bmse010302,/Users/alfred/Documents/GitHub/DDLS_project/code/get_bmrb_data/bmrb_nmrstar/bmse010302/bmse010302.str
bmse010303,/Users/alfred/Documents/GitHub/DDLS_project/code/get_bmrb_data/bmrb_nmrstar/bmse010303/bmse010303.str
bmse010304,/Users/alfred/Documents/GitHub/DDLS_project/code/get_bmrb_data/bmrb_nmrstar/bmse010304/bmse010304.str
bmse010305,/Users/alfred/Documents/GitHub/DDLS_project/code/get_bmrb_data/bmrb_nmrstar/bmse010305/bmse010305.str
bmse010306,/Users/alfred/Documents/GitHub/DDLS_project/code/get_bmrb_data/bmrb_nmrstar/bmse010306/bmse010306.str
bmse010307,/Users/alfred/Documents/GitHub/DDLS_project/code/get_bmrb_data/bmrb_nmrstar/bmse010307/bmse010307.str
bmse010308,/Users/alfred/Documents/GitHub/DDLS_project/code/get_bmrb_data/bmrb_nmrstar/bmse010308/bmse010308.str
bmse010309,/Users/alfred/Documents/GitHub/DDLS_project/code/get_bmrb_data/bmrb_nmrstar/bmse010309/bmse010309.str
bmse010310,/Users/alfred/Documents/GitHub/DDLS_project/code/get_bmrb_data/bmrb_nmrstar/bmse010310/bmse010310.str
bmse010311,/Users/alfred/Documents/GitHub/DDLS_project/code/get_bmrb_data/bmrb_nmrstar/bmse010311/bmse010311.str
bmse010312,/Users/alfred/Documents/GitHub/DDLS_project/code/get_bmrb_data/bmrb_nmrstar/bmse010312/bmse010312.str
bmse010313,/Users/alfred/Documents/GitHub/DDLS_project/code/get_bmrb_data/bmrb_nmrstar/bmse010313/bmse010313.str
bmse010314,/Users/alfred/Documents/GitHub/DDLS_project/code/get_bmrb_data/bmrb_nmrstar/bmse010314/bmse010314.str
bmse010315,/Users/alfred/Documents/GitHub/DDLS_project/code/get_bmrb_data/bmrb_nmrstar/bmse010315/bmse010315.str
bmse010316,/Users/alfred/Documents/GitHub/DDLS_project/code/get_bmrb_data/bmrb_nmrstar/bmse010316/bmse010316.str
bmse010317,/Users/alfred/Documents/GitHub/DDLS_project/code/get_bmrb_data/bmrb_nmrstar/bmse010317/bmse010317.str
bmse010318,/Users/alfred/Documents/GitHub/DDLS_project/code/get_bmrb_data/bmrb_nmrstar/bmse010318/bmse010318.str
bmse010319,/Users/alfred/Documents/GitHub/DDLS_project/code/get_bmrb_data/bmrb_nmrstar/bmse010319/bmse010319.str
bmse010320,/Users/alfred/Documents/GitHub/DDLS_project/code/get_bmrb_data/bmrb_nmrstar/bmse010320/bmse010320.str
bmse010321,/Users/alfred/Documents/GitHub/DDLS_project/code/get_bmrb_data/bmrb_nmrstar/bmse010321/bmse010321.str
bmse010322,/Users/alfred/Documents/GitHub/DDLS_project/code/get_bmrb_data/bmrb_nmrstar/bmse010322/bmse010322.str
bmse010323,/Users/alfred/Documents/GitHub/DDLS_project/code/get_bmrb_data/bmrb_nmrstar/bmse010323/bmse010323.str
bmse010324,/Users/alfred/Documents/GitHub/DDLS_project/code/get_bmrb_data/bmrb_nmrstar/bmse010324/bmse010324.str
bmse010325,/Users/alfred/Documents/GitHub/DDLS_project/code/get_bmrb_data/bmrb_nmrstar/bmse010325/bmse010325.str
bmse010326,/Users/alfred/Documents/GitHub/DDLS_project/code/get_bmrb_data/bmrb_nmrstar/bmse010326/bmse010326.str
bmse010327,/Users/alfred/Documents/GitHub/DDLS_project/code/get_bmrb_data/bmrb_nmrstar/bmse010327/bmse010327.str
bmse010328,/Users/alfred/Documents/GitHub/DDLS_project/code/get_bmrb_data/bmrb_nmrstar/bmse010328/bmse010328.str
bmse010329,/Users/alfred/Documents/GitHub/DDLS_project/code/get_bmrb_data/bmrb_nmrstar/bmse010329/bmse010329.str
bmse010330,/Users/alfred/Documents/GitHub/DDLS_project/code/get_bmrb_data/bmrb_nmrstar/bmse010330/bmse010330.str
bmse010331,/Users/alfred/Documents/GitHub/DDLS_project/code/get_bmrb_data/bmrb_nmrstar/bmse010331/bmse010331.str
bmse010332,/Users/alfred/Documents/GitHub/DDLS_project/code/get_bmrb_data/bmrb_nmrstar/bmse010332/bmse010332.str
bmse010333,/Users/alfred/Documents/GitHub/DDLS_project/code/get_bmrb_data/bmrb_nmrstar/bmse010333/bmse010333.str
bmse010334,/Users/alfred/Documents/GitHub/DDLS_project/code/get_bmrb_data/bmrb_nmrstar/bmse010334/bmse010334.str
bmse010335,/Users/alfred/Documents/GitHub/DDLS_project/code/get_bmrb_data/bmrb_nmrstar/bmse010335/bmse010335.str
bmse010336,/Users/alfred/Documents/GitHub/DDLS_project/code/get_bmrb_data/bmrb_nmrstar/bmse010336/bmse010336.str
bmse010337,/Users/alfred/Documents/GitHub/DDLS_project/code/get_bmrb_data/bmrb_nmrstar/bmse010337/bmse010337.str
bmse010338,/Users/alfred/Documents/GitHub/DDLS_project/code/get_bmrb_data/bmrb_nmrstar/bmse010338/bmse010338.str
bmse010339,/Users/alfred/Documents/GitHub/DDLS_project/code/get_bmrb_data/bmrb_nmrstar/bmse010339/bmse010339.str
bmse010340,/Users/alfred/Documents/GitHub/DDLS_project/code/get_bmrb_data/bmrb_nmrstar/bmse010340/bmse010340.str
bmse010341,/Users/alfred/Documents/GitHub/DDLS_project/code/get_bmrb_data/bmrb_nmrstar/bmse010341/bmse010341.str
bmse010342,/Users/alfred/Documents/GitHub/DDLS_project/code/get_bmrb_data/bmrb_nmrstar/bmse010342/bmse010342.str
bmse010343,/Users/alfred/Documents/GitHub/DDLS_project/code/get_bmrb_data/bmrb_nmrstar/bmse010343/bmse010343.str
bmse010344,/Users/alfred/Documents/GitHub/DDLS_project/code/get_bmrb_data/bmrb_nmrstar/bmse010344/bmse010344.str
bmse010345,/Users/alfred/Documents/GitHub/DDLS_project/code/get_bmrb_data/bmrb_nmrstar/bmse010345/bmse010345.str
bmse010346,/Users/alfred/Documents/GitHub/DDLS_project/code/get_bmrb_data/bmrb_nmrstar/bmse010346/bmse010346.str
bmse010347,/Users/alfred/Documents/GitHub/DDLS_project/code/get_bmrb_data/bmrb_nmrstar/bmse010347/bmse010347.str
bmse010348,/Users/alfred/Documents/GitHub/DDLS_project/code/get_bmrb_data/bmrb_nmrstar/bmse010348/bmse010348.str
bmse010349,/Users/alfred/Documents/GitHub/DDLS_project/code/get_bmrb_data/bmrb_nmrstar/bmse010349/bmse010349.str
bmse010350,/Users/alfred/Documents/GitHub/DDLS_project/code/get_bmrb_data/bmrb_nmrstar/bmse010350/bmse010350.str
bmse010351,/Users/alfred/Documents/GitHub/DDLS_project/code/get_bmrb_data/bmrb_nmrstar/bmse010351/bmse010351.str
bmse010352,/Users/alfred/Documents/GitHub/DDLS_project/code/get_bmrb_data/bmrb_nmrstar/bmse010352/bmse010352.str
bmse010353,/Users/alfred/Documents/GitHub/DDLS_project/code/get_bmrb_data/bmrb_nmrstar/bmse010353/bmse010353.str
bmse010354,/Users/alfred/Documents/GitHub/DDLS_project/code/get_bmrb_data/bmrb_nmrstar/bmse010354/bmse010354.str
bmse010355,/Users/alfred/Documents/GitHub/DDLS_project/code/get_bmrb_data/bmrb_nmrstar/bmse010355/bmse010355.str
bmse010356,/Users/alfred/Documents/GitHub/DDLS_project/code/get_bmrb_data/bmrb_nmrstar/bmse010356/bmse010356.str
bmse010357,/Users/alfred/Documents/GitHub/DDLS_project/code/get_bmrb_data/bmrb_nmrstar/bmse010357/bmse010357.str
bmse010358,/Users/alfred/Documents/GitHub/DDLS_project/code/get_bmrb_data/bmrb_nmrstar/bmse010358/bmse010358.str
bmse010359,/Users/alfred/Documents/GitHub/DDLS_project/code/get_bmrb_data/bmrb_nmrstar/bmse010359/bmse010359.str
bmse010360,/Users/alfred/Documents/GitHub/DDLS_project/code/get_bmrb_data/bmrb_nmrstar/bmse010360/bmse010360.str
bmse010361,/Users/alfred/Documents/GitHub/DDLS_project/code/get_bmrb_data/bmrb_nmrstar/bmse010361/bmse010361.str
bmse010362,/Users/alfred/Documents/GitHub/DDLS_project/code/get_bmrb_data/bmrb_nmrstar/bmse010362/bmse010362.str
bmse010363,/Users/alfred/Documents/GitHub/DDLS_project/code/get_bmrb_data/bmrb_nmrstar/bmse010363/bmse010363.str
bmse010364,/Users/alfred/Documents/GitHub/DDLS_project/code/get_bmrb_data/bmrb_nmrstar/bmse010364/bmse010364.str
bmse010365,/Users/alfred/Documents/GitHub/DDLS_project/code/get_bmrb_data/bmrb_nmrstar/bmse010365/bmse010365.str
bmse010366,/Users/alfred/Documents/GitHub/DDLS_project/code/get_bmrb_data/bmrb_nmrstar/bmse010366/bmse010366.str
bmse010367,/Users/alfred/Documents/GitHub/DDLS_project/code/get_bmrb_data/bmrb_nmrstar/bmse010367/bmse010367.str
bmse010368,/Users/alfred/Documents/GitHub/DDLS_project/code/get_bmrb_data/bmrb_nmrstar/bmse010368/bmse010368.str
bmse010369,/Users/alfred/Documents/GitHub/DDLS_project/code/get_bmrb_data/bmrb_nmrstar/bmse010369/bmse010369.str
bmse010370,/Users/alfred/Documents/GitHub/DDLS_project/code/get_bmrb_data/bmrb_nmrstar/bmse010370/bmse010370.str
bmse010371,/Users/alfred/Documents/GitHub/DDLS_project/code/get_bmrb_data/bmrb_nmrstar/bmse010371/bmse010371.str
bmse010372,/Users/alfred/Documents/GitHub/DDLS_project/code/get_bmrb_data/bmrb_nmrstar/bmse010372/bmse010372.str
bmse010373,/Users/alfred/Documents/GitHub/DDLS_project/code/get_bmrb_data/bmrb_nmrstar/bmse010373/bmse010373.str
bmse010374,/Users/alfred/Documents/GitHub/DDLS_project/code/get_bmrb_data/bmrb_nmrstar/bmse010374/bmse010374.str
bmse010375,/Users/alfred/Documents/GitHub/DDLS_project/code/get_bmrb_data/bmrb_nmrstar/bmse010375/bmse010375.str
bmse010376,/Users/alfred/Documents/GitHub/DDLS_project/code/get_bmrb_data/bmrb_nmrstar/bmse010376/bmse010376.str
bmse010377,/Users/alfred/Documents/GitHub/DDLS_project/code/get_bmrb_data/bmrb_nmrstar/bmse010377/bmse010377.str
bmse010378,/Users/alfred/Documents/GitHub/DDLS_project/code/get_bmrb_data/bmrb_nmrstar/bmse010378/bmse010378.str
bmse010379,/Users/alfred/Documents/GitHub/DDLS_project/code/get_bmrb_data/bmrb_nmrstar/bmse010379/bmse010379.str
bmse010380,/Users/alfred/Documents/GitHub/DDLS_project/code/get_bmrb_data/bmrb_nmrstar/bmse010380/bmse010380.str
bmse010381,/Users/alfred/Documents/GitHub/DDLS_project/code/get_bmrb_data/bmrb_nmrstar/bmse010381/bmse010381.str
bmse010382,/Users/alfred/Documents/GitHub/DDLS_project/code/get_bmrb_data/bmrb_nmrstar/bmse010382/bmse010382.str
bmse010383,/Users/alfred/Documents/GitHub/DDLS_project/code/get_bmrb_data/bmrb_nmrstar/bmse010383/bmse010383.str
bmse010384,/Users/alfred/Documents/GitHub/DDLS_project/code/get_bmrb_data/bmrb_nmrstar/bmse010384/bmse010384.str
bmse010385,/Users/alfred/Documents/GitHub/DDLS_project/code/get_bmrb_data/bmrb_nmrstar/bmse010385/bmse010385.str
bmse010386,/Users/alfred/Documents/GitHub/DDLS_project/code/get_bmrb_data/bmrb_nmrstar/bmse010386/bmse010386.str
bmse010387,/Users/alfred/Documents/GitHub/DDLS_project/code/get_bmrb_data/bmrb_nmrstar/bmse010387/bmse010387.str
bmse010388,/Users/alfred/Documents/GitHub/DDLS_project/code/get_bmrb_data/bmrb_nmrstar/bmse010388/bmse010388.str
bmse010389,/Users/alfred/Documents/GitHub/DDLS_project/code/get_bmrb_data/bmrb_nmrstar/bmse010389/bmse010389.str
bmse010390,/Users/alfred/Documents/GitHub/DDLS_project/code/get_bmrb_data/bmrb_nmrstar/bmse010390/bmse010390.str
bmse010395,/Users/alfred/Documents/GitHub/DDLS_project/code/get_bmrb_data/bmrb_nmrstar/bmse010395/bmse010395.str
bmse010396,/Users/alfred/Documents/GitHub/DDLS_project/code/get_bmrb_data/bmrb_nmrstar/bmse010396/bmse010396.str
bmse010420,/Users/alfred/Documents/GitHub/DDLS_project/code/get_bmrb_data/bmrb_nmrstar/bmse010420/bmse010420.str
bmse010421,/Users/alfred/Documents/GitHub/DDLS_project/code/get_bmrb_data/bmrb_nmrstar/bmse010421/bmse010421.str
bmse010422,/Users/alfred/Documents/GitHub/DDLS_project/code/get_bmrb_data/bmrb_nmrstar/bmse010422/bmse010422.str
bmse010423,/Users/alfred/Documents/GitHub/DDLS_project/code/get_bmrb_data/bmrb_nmrstar/bmse010423/bmse010423.str
bmse010424,/Users/alfred/Documents/GitHub/DDLS_project/code/get_bmrb_data/bmrb_nmrstar/bmse010424/bmse010424.str
bmse010425,/Users/alfred/Documents/GitHub/DDLS_project/code/get_bmrb_data/bmrb_nmrstar/bmse010425/bmse010425.str
bmse010426,/Users/alfred/Documents/GitHub/DDLS_project/code/get_bmrb_data/bmrb_nmrstar/bmse010426/bmse010426.str
bmse010427,/Users/alfred/Documents/GitHub/DDLS_project/code/get_bmrb_data/bmrb_nmrstar/bmse010427/bmse010427.str
bmse010428,/Users/alfred/Documents/GitHub/DDLS_project/code/get_bmrb_data/bmrb_nmrstar/bmse010428/bmse010428.str
bmse010430,/Users/alfred/Documents/GitHub/DDLS_project/code/get_bmrb_data/bmrb_nmrstar/bmse010430/bmse010430.str
bmse010432,/Users/alfred/Documents/GitHub/DDLS_project/code/get_bmrb_data/bmrb_nmrstar/bmse010432/bmse010432.str
bmse010433,/Users/alfred/Documents/GitHub/DDLS_project/code/get_bmrb_data/bmrb_nmrstar/bmse010433/bmse010433.str
bmse010434,/Users/alfred/Documents/GitHub/DDLS_project/code/get_bmrb_data/bmrb_nmrstar/bmse010434/bmse010434.str
bmse010435,/Users/alfred/Documents/GitHub/DDLS_project/code/get_bmrb_data/bmrb_nmrstar/bmse010435/bmse010435.str
bmse010436,/Users/alfred/Documents/GitHub/DDLS_project/code/get_bmrb_data/bmrb_nmrstar/bmse010436/bmse010436.str
bmse010437,/Users/alfred/Documents/GitHub/DDLS_project/code/get_bmrb_data/bmrb_nmrstar/bmse010437/bmse010437.str
bmse010438,/Users/alfred/Documents/GitHub/DDLS_project/code/get_bmrb_data/bmrb_nmrstar/bmse010438/bmse010438.str
bmse010439,/Users/alfred/Documents/GitHub/DDLS_project/code/get_bmrb_data/bmrb_nmrstar/bmse010439/bmse010439.str
bmse010440,/Users/alfred/Documents/GitHub/DDLS_project/code/get_bmrb_data/bmrb_nmrstar/bmse010440/bmse010440.str
bmse010441,/Users/alfred/Documents/GitHub/DDLS_project/code/get_bmrb_data/bmrb_nmrstar/bmse010441/bmse010441.str
bmse010442,/Users/alfred/Documents/GitHub/DDLS_project/code/get_bmrb_data/bmrb_nmrstar/bmse010442/bmse010442.str
bmse010443,/Users/alfred/Documents/GitHub/DDLS_project/code/get_bmrb_data/bmrb_nmrstar/bmse010443/bmse010443.str
bmse010444,/Users/alfred/Documents/GitHub/DDLS_project/code/get_bmrb_data/bmrb_nmrstar/bmse010444/bmse010444.str
bmse010445,/Users/alfred/Documents/GitHub/DDLS_project/code/get_bmrb_data/bmrb_nmrstar/bmse010445/bmse010445.str
bmse010446,/Users/alfred/Documents/GitHub/DDLS_project/code/get_bmrb_data/bmrb_nmrstar/bmse010446/bmse010446.str
bmse010447,/Users/alfred/Documents/GitHub/DDLS_project/code/get_bmrb_data/bmrb_nmrstar/bmse010447/bmse010447.str
bmse010448,/Users/alfred/Documents/GitHub/DDLS_project/code/get_bmrb_data/bmrb_nmrstar/bmse010448/bmse010448.str
bmse010449,/Users/alfred/Documents/GitHub/DDLS_project/code/get_bmrb_data/bmrb_nmrstar/bmse010449/bmse010449.str
bmse010450,/Users/alfred/Documents/GitHub/DDLS_project/code/get_bmrb_data/bmrb_nmrstar/bmse010450/bmse010450.str
bmse010451,/Users/alfred/Documents/GitHub/DDLS_project/code/get_bmrb_data/bmrb_nmrstar/bmse010451/bmse010451.str
bmse010452,/Users/alfred/Documents/GitHub/DDLS_project/code/get_bmrb_data/bmrb_nmrstar/bmse010452/bmse010452.str
bmse010453,/Users/alfred/Documents/GitHub/DDLS_project/code/get_bmrb_data/bmrb_nmrstar/bmse010453/bmse010453.str
bmse010454,/Users/alfred/Documents/GitHub/DDLS_project/code/get_bmrb_data/bmrb_nmrstar/bmse010454/bmse010454.str
bmse010455,/Users/alfred/Documents/GitHub/DDLS_project/code/get_bmrb_data/bmrb_nmrstar/bmse010455/bmse010455.str
bmse010456,/Users/alfred/Documents/GitHub/DDLS_project/code/get_bmrb_data/bmrb_nmrstar/bmse010456/bmse010456.str
bmse010457,/Users/alfred/Documents/GitHub/DDLS_project/code/get_bmrb_data/bmrb_nmrstar/bmse010457/bmse010457.str
bmse010458,/Users/alfred/Documents/GitHub/DDLS_project/code/get_bmrb_data/bmrb_nmrstar/bmse010458/bmse010458.str
bmse010459,/Users/alfred/Documents/GitHub/DDLS_project/code/get_bmrb_data/bmrb_nmrstar/bmse010459/bmse010459.str
bmse010460,/Users/alfred/Documents/GitHub/DDLS_project/code/get_bmrb_data/bmrb_nmrstar/bmse010460/bmse010460.str
bmse010461,/Users/alfred/Documents/GitHub/DDLS_project/code/get_bmrb_data/bmrb_nmrstar/bmse010461/bmse010461.str
bmse010462,/Users/alfred/Documents/GitHub/DDLS_project/code/get_bmrb_data/bmrb_nmrstar/bmse010462/bmse010462.str
bmse010463,/Users/alfred/Documents/GitHub/DDLS_project/code/get_bmrb_data/bmrb_nmrstar/bmse010463/bmse010463.str
bmse010464,/Users/alfred/Documents/GitHub/DDLS_project/code/get_bmrb_data/bmrb_nmrstar/bmse010464/bmse010464.str
bmse010465,/Users/alfred/Documents/GitHub/DDLS_project/code/get_bmrb_data/bmrb_nmrstar/bmse010465/bmse010465.str
bmse010466,/Users/alfred/Documents/GitHub/DDLS_project/code/get_bmrb_data/bmrb_nmrstar/bmse010466/bmse010466.str
bmse010467,/Users/alfred/Documents/GitHub/DDLS_project/code/get_bmrb_data/bmrb_nmrstar/bmse010467/bmse010467.str
bmse010468,/Users/alfred/Documents/GitHub/DDLS_project/code/get_bmrb_data/bmrb_nmrstar/bmse010468/bmse010468.str
bmse010469,/Users/alfred/Documents/GitHub/DDLS_project/code/get_bmrb_data/bmrb_nmrstar/bmse010469/bmse010469.str
bmse010470,/Users/alfred/Documents/GitHub/DDLS_project/code/get_bmrb_data/bmrb_nmrstar/bmse010470/bmse010470.str
bmse010471,/Users/alfred/Documents/GitHub/DDLS_project/code/get_bmrb_data/bmrb_nmrstar/bmse010471/bmse010471.str
bmse010472,/Users/alfred/Documents/GitHub/DDLS_project/code/get_bmrb_data/bmrb_nmrstar/bmse010472/bmse010472.str
bmse010473,/Users/alfred/Documents/GitHub/DDLS_project/code/get_bmrb_data/bmrb_nmrstar/bmse010473/bmse010473.str
bmse010474,/Users/alfred/Documents/GitHub/DDLS_project/code/get_bmrb_data/bmrb_nmrstar/bmse010474/bmse010474.str
bmse010475,/Users/alfred/Documents/GitHub/DDLS_project/code/get_bmrb_data/bmrb_nmrstar/bmse010475/bmse010475.str
bmse010476,/Users/alfred/Documents/GitHub/DDLS_project/code/get_bmrb_data/bmrb_nmrstar/bmse010476/bmse010476.str
bmse010477,/Users/alfred/Documents/GitHub/DDLS_project/code/get_bmrb_data/bmrb_nmrstar/bmse010477/bmse010477.str
bmse010478,/Users/alfred/Documents/GitHub/DDLS_project/code/get_bmrb_data/bmrb_nmrstar/bmse010478/bmse010478.str
bmse010479,/Users/alfred/Documents/GitHub/DDLS_project/code/get_bmrb_data/bmrb_nmrstar/bmse010479/bmse010479.str
bmse010480,/Users/alfred/Documents/GitHub/DDLS_project/code/get_bmrb_data/bmrb_nmrstar/bmse010480/bmse010480.str
bmse010481,/Users/alfred/Documents/GitHub/DDLS_project/code/get_bmrb_data/bmrb_nmrstar/bmse010481/bmse010481.str
bmse010483,/Users/alfred/Documents/GitHub/DDLS_project/code/get_bmrb_data/bmrb_nmrstar/bmse010483/bmse010483.str
bmse010484,/Users/alfred/Documents/GitHub/DDLS_project/code/get_bmrb_data/bmrb_nmrstar/bmse010484/bmse010484.str
bmse010485,/Users/alfred/Documents/GitHub/DDLS_project/code/get_bmrb_data/bmrb_nmrstar/bmse010485/bmse010485.str
bmse010486,/Users/alfred/Documents/GitHub/DDLS_project/code/get_bmrb_data/bmrb_nmrstar/bmse010486/bmse010486.str
bmse010487,/Users/alfred/Documents/GitHub/DDLS_project/code/get_bmrb_data/bmrb_nmrstar/bmse010487/bmse010487.str
bmse010488,/Users/alfred/Documents/GitHub/DDLS_project/code/get_bmrb_data/bmrb_nmrstar/bmse010488/bmse010488.str
bmse010489,/Users/alfred/Documents/GitHub/DDLS_project/code/get_bmrb_data/bmrb_nmrstar/bmse010489/bmse010489.str
bmse010490,/Users/alfred/Documents/GitHub/DDLS_project/code/get_bmrb_data/bmrb_nmrstar/bmse010490/bmse010490.str
bmse010492,/Users/alfred/Documents/GitHub/DDLS_project/code/get_bmrb_data/bmrb_nmrstar/bmse010492/bmse010492.str
bmse010493,/Users/alfred/Documents/GitHub/DDLS_project/code/get_bmrb_data/bmrb_nmrstar/bmse010493/bmse010493.str
bmse010494,/Users/alfred/Documents/GitHub/DDLS_project/code/get_bmrb_data/bmrb_nmrstar/bmse010494/bmse010494.str
bmse010495,/Users/alfred/Documents/GitHub/DDLS_project/code/get_bmrb_data/bmrb_nmrstar/bmse010495/bmse010495.str
bmse010496,/Users/alfred/Documents/GitHub/DDLS_project/code/get_bmrb_data/bmrb_nmrstar/bmse010496/bmse010496.str
bmse010497,/Users/alfred/Documents/GitHub/DDLS_project/code/get_bmrb_data/bmrb_nmrstar/bmse010497/bmse010497.str
bmse010498,/Users/alfred/Documents/GitHub/DDLS_project/code/get_bmrb_data/bmrb_nmrstar/bmse010498/bmse010498.str
bmse010499,/Users/alfred/Documents/GitHub/DDLS_project/code/get_bmrb_data/bmrb_nmrstar/bmse010499/bmse010499.str
bmse010502,/Users/alfred/Documents/GitHub/DDLS_project/code/get_bmrb_data/bmrb_nmrstar/bmse010502/bmse010502.str
bmse010504,/Users/alfred/Documents/GitHub/DDLS_project/code/get_bmrb_data/bmrb_nmrstar/bmse010504/bmse010504.str
bmse010505,/Users/alfred/Documents/GitHub/DDLS_project/code/get_bmrb_data/bmrb_nmrstar/bmse010505/bmse010505.str
bmse010506,/Users/alfred/Documents/GitHub/DDLS_project/code/get_bmrb_data/bmrb_nmrstar/bmse010506/bmse010506.str
bmse010507,/Users/alfred/Documents/GitHub/DDLS_project/code/get_bmrb_data/bmrb_nmrstar/bmse010507/bmse010507.str
bmse010508,/Users/alfred/Documents/GitHub/DDLS_project/code/get_bmrb_data/bmrb_nmrstar/bmse010508/bmse010508.str
bmse010509,/Users/alfred/Documents/GitHub/DDLS_project/code/get_bmrb_data/bmrb_nmrstar/bmse010509/bmse010509.str
bmse010510,/Users/alfred/Documents/GitHub/DDLS_project/code/get_bmrb_data/bmrb_nmrstar/bmse010510/bmse010510.str
bmse010511,/Users/alfred/Documents/GitHub/DDLS_project/code/get_bmrb_data/bmrb_nmrstar/bmse010511/bmse010511.str
bmse010512,/Users/alfred/Documents/GitHub/DDLS_project/code/get_bmrb_data/bmrb_nmrstar/bmse010512/bmse010512.str
bmse010514,/Users/alfred/Documents/GitHub/DDLS_project/code/get_bmrb_data/bmrb_nmrstar/bmse010514/bmse010514.str
bmse010515,/Users/alfred/Documents/GitHub/DDLS_project/code/get_bmrb_data/bmrb_nmrstar/bmse010515/bmse010515.str
bmse010516,/Users/alfred/Documents/GitHub/DDLS_project/code/get_bmrb_data/bmrb_nmrstar/bmse010516/bmse010516.str
bmse010517,/Users/alfred/Documents/GitHub/DDLS_project/code/get_bmrb_data/bmrb_nmrstar/bmse010517/bmse010517.str
bmse010518,/Users/alfred/Documents/GitHub/DDLS_project/code/get_bmrb_data/bmrb_nmrstar/bmse010518/bmse010518.str
bmse010519,/Users/alfred/Documents/GitHub/DDLS_project/code/get_bmrb_data/bmrb_nmrstar/bmse010519/bmse010519.str
bmse010520,/Users/alfred/Documents/GitHub/DDLS_project/code/get_bmrb_data/bmrb_nmrstar/bmse010520/bmse010520.str
bmse010521,/Users/alfred/Documents/GitHub/DDLS_project/code/get_bmrb_data/bmrb_nmrstar/bmse010521/bmse010521.str
bmse011001,/Users/alfred/Documents/GitHub/DDLS_project/code/get_bmrb_data/bmrb_nmrstar/bmse011001/bmse011001.str
bmse011002,/Users/alfred/Documents/GitHub/DDLS_project/code/get_bmrb_data/bmrb_nmrstar/bmse011002/bmse011002.str
bmse011003,/Users/alfred/Documents/GitHub/DDLS_project/code/get_bmrb_data/bmrb_nmrstar/bmse011003/bmse011003.str
bmse011004,/Users/alfred/Documents/GitHub/DDLS_project/code/get_bmrb_data/bmrb_nmrstar/bmse011004/bmse011004.str
bmse011005,/Users/alfred/Documents/GitHub/DDLS_project/code/get_bmrb_data/bmrb_nmrstar/bmse011005/bmse011005.str
bmse011006,/Users/alfred/Documents/GitHub/DDLS_project/code/get_bmrb_data/bmrb_nmrstar/bmse011006/bmse011006.str
bmse011007,/Users/alfred/Documents/GitHub/DDLS_project/code/get_bmrb_data/bmrb_nmrstar/bmse011007/bmse011007.str
bmse011008,/Users/alfred/Documents/GitHub/DDLS_project/code/get_bmrb_data/bmrb_nmrstar/bmse011008/bmse011008.str
bmse011009,/Users/alfred/Documents/GitHub/DDLS_project/code/get_bmrb_data/bmrb_nmrstar/bmse011009/bmse011009.str
bmse011010,/Users/alfred/Documents/GitHub/DDLS_project/code/get_bmrb_data/bmrb_nmrstar/bmse011010/bmse011010.str
bmse011011,/Users/alfred/Documents/GitHub/DDLS_project/code/get_bmrb_data/bmrb_nmrstar/bmse011011/bmse011011.str
bmse011012,/Users/alfred/Documents/GitHub/DDLS_project/code/get_bmrb_data/bmrb_nmrstar/bmse011012/bmse011012.str
bmse011013,/Users/alfred/Documents/GitHub/DDLS_project/code/get_bmrb_data/bmrb_nmrstar/bmse011013/bmse011013.str
bmse011014,/Users/alfred/Documents/GitHub/DDLS_project/code/get_bmrb_data/bmrb_nmrstar/bmse011014/bmse011014.str
bmse011015,/Users/alfred/Documents/GitHub/DDLS_project/code/get_bmrb_data/bmrb_nmrstar/bmse011015/bmse011015.str
bmse011016,/Users/alfred/Documents/GitHub/DDLS_project/code/get_bmrb_data/bmrb_nmrstar/bmse011016/bmse011016.str
bmse011017,/Users/alfred/Documents/GitHub/DDLS_project/code/get_bmrb_data/bmrb_nmrstar/bmse011017/bmse011017.str
bmse011018,/Users/alfred/Documents/GitHub/DDLS_project/code/get_bmrb_data/bmrb_nmrstar/bmse011018/bmse011018.str
bmse011019,/Users/alfred/Documents/GitHub/DDLS_project/code/get_bmrb_data/bmrb_nmrstar/bmse011019/bmse011019.str
bmse011020,/Users/alfred/Documents/GitHub/DDLS_project/code/get_bmrb_data/bmrb_nmrstar/bmse011020/bmse011020.str
bmse011021,/Users/alfred/Documents/GitHub/DDLS_project/code/get_bmrb_data/bmrb_nmrstar/bmse011021/bmse011021.str
bmse011022,/Users/alfred/Documents/GitHub/DDLS_project/code/get_bmrb_data/bmrb_nmrstar/bmse011022/bmse011022.str
bmse011023,/Users/alfred/Documents/GitHub/DDLS_project/code/get_bmrb_data/bmrb_nmrstar/bmse011023/bmse011023.str
bmse011024,/Users/alfred/Documents/GitHub/DDLS_project/code/get_bmrb_data/bmrb_nmrstar/bmse011024/bmse011024.str
bmse011025,/Users/alfred/Documents/GitHub/DDLS_project/code/get_bmrb_data/bmrb_nmrstar/bmse011025/bmse011025.str
bmse011026,/Users/alfred/Documents/GitHub/DDLS_project/code/get_bmrb_data/bmrb_nmrstar/bmse011026/bmse011026.str
bmse011027,/Users/alfred/Documents/GitHub/DDLS_project/code/get_bmrb_data/bmrb_nmrstar/bmse011027/bmse011027.str
bmse011028,/Users/alfred/Documents/GitHub/DDLS_project/code/get_bmrb_data/bmrb_nmrstar/bmse011028/bmse011028.str
bmse011029,/Users/alfred/Documents/GitHub/DDLS_project/code/get_bmrb_data/bmrb_nmrstar/bmse011029/bmse011029.str
bmse011030,/Users/alfred/Documents/GitHub/DDLS_project/code/get_bmrb_data/bmrb_nmrstar/bmse011030/bmse011030.str
bmse011031,/Users/alfred/Documents/GitHub/DDLS_project/code/get_bmrb_data/bmrb_nmrstar/bmse011031/bmse011031.str
bmse011032,/Users/alfred/Documents/GitHub/DDLS_project/code/get_bmrb_data/bmrb_nmrstar/bmse011032/bmse011032.str
bmse011033,/Users/alfred/Documents/GitHub/DDLS_project/code/get_bmrb_data/bmrb_nmrstar/bmse011033/bmse011033.str
bmse011034,/Users/alfred/Documents/GitHub/DDLS_project/code/get_bmrb_data/bmrb_nmrstar/bmse011034/bmse011034.str
bmse011035,/Users/alfred/Documents/GitHub/DDLS_project/code/get_bmrb_data/bmrb_nmrstar/bmse011035/bmse011035.str
bmse011036,/Users/alfred/Documents/GitHub/DDLS_project/code/get_bmrb_data/bmrb_nmrstar/bmse011036/bmse011036.str
bmse011037,/Users/alfred/Documents/GitHub/DDLS_project/code/get_bmrb_data/bmrb_nmrstar/bmse011037/bmse011037.str
bmse011038,/Users/alfred/Documents/GitHub/DDLS_project/code/get_bmrb_data/bmrb_nmrstar/bmse011038/bmse011038.str
bmse011039,/Users/alfred/Documents/GitHub/DDLS_project/code/get_bmrb_data/bmrb_nmrstar/bmse011039/bmse011039.str
bmse011040,/Users/alfred/Documents/GitHub/DDLS_project/code/get_bmrb_data/bmrb_nmrstar/bmse011040/bmse011040.str
bmse011041,/Users/alfred/Documents/GitHub/DDLS_project/code/get_bmrb_data/bmrb_nmrstar/bmse011041/bmse011041.str
bmse011042,/Users/alfred/Documents/GitHub/DDLS_project/code/get_bmrb_data/bmrb_nmrstar/bmse011042/bmse011042.str
bmse011043,/Users/alfred/Documents/GitHub/DDLS_project/code/get_bmrb_data/bmrb_nmrstar/bmse011043/bmse011043.str
bmse011044,/Users/alfred/Documents/GitHub/DDLS_project/code/get_bmrb_data/bmrb_nmrstar/bmse011044/bmse011044.str
bmse011045,/Users/alfred/Documents/GitHub/DDLS_project/code/get_bmrb_data/bmrb_nmrstar/bmse011045/bmse011045.str
bmse011046,/Users/alfred/Documents/GitHub/DDLS_project/code/get_bmrb_data/bmrb_nmrstar/bmse011046/bmse011046.str
bmse011047,/Users/alfred/Documents/GitHub/DDLS_project/code/get_bmrb_data/bmrb_nmrstar/bmse011047/bmse011047.str
bmse011048,/Users/alfred/Documents/GitHub/DDLS_project/code/get_bmrb_data/bmrb_nmrstar/bmse011048/bmse011048.str
bmse011049,/Users/alfred/Documents/GitHub/DDLS_project/code/get_bmrb_data/bmrb_nmrstar/bmse011049/bmse011049.str
bmse011050,/Users/alfred/Documents/GitHub/DDLS_project/code/get_bmrb_data/bmrb_nmrstar/bmse011050/bmse011050.str
bmse011051,/Users/alfred/Documents/GitHub/DDLS_project/code/get_bmrb_data/bmrb_nmrstar/bmse011051/bmse011051.str
bmse011052,/Users/alfred/Documents/GitHub/DDLS_project/code/get_bmrb_data/bmrb_nmrstar/bmse011052/bmse011052.str
bmse011053,/Users/alfred/Documents/GitHub/DDLS_project/code/get_bmrb_data/bmrb_nmrstar/bmse011053/bmse011053.str
bmse011054,/Users/alfred/Documents/GitHub/DDLS_project/code/get_bmrb_data/bmrb_nmrstar/bmse011054/bmse011054.str
bmse011055,/Users/alfred/Documents/GitHub/DDLS_project/code/get_bmrb_data/bmrb_nmrstar/bmse011055/bmse011055.str
bmse011056,/Users/alfred/Documents/GitHub/DDLS_project/code/get_bmrb_data/bmrb_nmrstar/bmse011056/bmse011056.str
bmse011057,/Users/alfred/Documents/GitHub/DDLS_project/code/get_bmrb_data/bmrb_nmrstar/bmse011057/bmse011057.str
bmse011058,/Users/alfred/Documents/GitHub/DDLS_project/code/get_bmrb_data/bmrb_nmrstar/bmse011058/bmse011058.str
bmse011059,/Users/alfred/Documents/GitHub/DDLS_project/code/get_bmrb_data/bmrb_nmrstar/bmse011059/bmse011059.str
bmse011060,/Users/alfred/Documents/GitHub/DDLS_project/code/get_bmrb_data/bmrb_nmrstar/bmse011060/bmse011060.str
bmse011061,/Users/alfred/Documents/GitHub/DDLS_project/code/get_bmrb_data/bmrb_nmrstar/bmse011061/bmse011061.str
bmse011062,/Users/alfred/Documents/GitHub/DDLS_project/code/get_bmrb_data/bmrb_nmrstar/bmse011062/bmse011062.str
bmse011063,/Users/alfred/Documents/GitHub/DDLS_project/code/get_bmrb_data/bmrb_nmrstar/bmse011063/bmse011063.str
bmse011064,/Users/alfred/Documents/GitHub/DDLS_project/code/get_bmrb_data/bmrb_nmrstar/bmse011064/bmse011064.str
bmse011065,/Users/alfred/Documents/GitHub/DDLS_project/code/get_bmrb_data/bmrb_nmrstar/bmse011065/bmse011065.str
bmse011066,/Users/alfred/Documents/GitHub/DDLS_project/code/get_bmrb_data/bmrb_nmrstar/bmse011066/bmse011066.str
bmse011067,/Users/alfred/Documents/GitHub/DDLS_project/code/get_bmrb_data/bmrb_nmrstar/bmse011067/bmse011067.str
bmse011068,/Users/alfred/Documents/GitHub/DDLS_project/code/get_bmrb_data/bmrb_nmrstar/bmse011068/bmse011068.str
bmse011069,/Users/alfred/Documents/GitHub/DDLS_project/code/get_bmrb_data/bmrb_nmrstar/bmse011069/bmse011069.str
bmse011070,/Users/alfred/Documents/GitHub/DDLS_project/code/get_bmrb_data/bmrb_nmrstar/bmse011070/bmse011070.str
bmse011071,/Users/alfred/Documents/GitHub/DDLS_project/code/get_bmrb_data/bmrb_nmrstar/bmse011071/bmse011071.str
bmse011072,/Users/alfred/Documents/GitHub/DDLS_project/code/get_bmrb_data/bmrb_nmrstar/bmse011072/bmse011072.str
bmse011073,/Users/alfred/Documents/GitHub/DDLS_project/code/get_bmrb_data/bmrb_nmrstar/bmse011073/bmse011073.str
bmse011074,/Users/alfred/Documents/GitHub/DDLS_project/code/get_bmrb_data/bmrb_nmrstar/bmse011074/bmse011074.str
bmse011075,/Users/alfred/Documents/GitHub/DDLS_project/code/get_bmrb_data/bmrb_nmrstar/bmse011075/bmse011075.str
bmse011076,/Users/alfred/Documents/GitHub/DDLS_project/code/get_bmrb_data/bmrb_nmrstar/bmse011076/bmse011076.str
bmse011077,/Users/alfred/Documents/GitHub/DDLS_project/code/get_bmrb_data/bmrb_nmrstar/bmse011077/bmse011077.str
bmse011078,/Users/alfred/Documents/GitHub/DDLS_project/code/get_bmrb_data/bmrb_nmrstar/bmse011078/bmse011078.str
bmse011079,/Users/alfred/Documents/GitHub/DDLS_project/code/get_bmrb_data/bmrb_nmrstar/bmse011079/bmse011079.str
bmse011080,/Users/alfred/Documents/GitHub/DDLS_project/code/get_bmrb_data/bmrb_nmrstar/bmse011080/bmse011080.str
bmse011081,/Users/alfred/Documents/GitHub/DDLS_project/code/get_bmrb_data/bmrb_nmrstar/bmse011081/bmse011081.str
bmse011082,/Users/alfred/Documents/GitHub/DDLS_project/code/get_bmrb_data/bmrb_nmrstar/bmse011082/bmse011082.str
bmse011083,/Users/alfred/Documents/GitHub/DDLS_project/code/get_bmrb_data/bmrb_nmrstar/bmse011083/bmse011083.str
bmse011084,/Users/alfred/Documents/GitHub/DDLS_project/code/get_bmrb_data/bmrb_nmrstar/bmse011084/bmse011084.str
bmse011085,/Users/alfred/Documents/GitHub/DDLS_project/code/get_bmrb_data/bmrb_nmrstar/bmse011085/bmse011085.str
bmse011086,/Users/alfred/Documents/GitHub/DDLS_project/code/get_bmrb_data/bmrb_nmrstar/bmse011086/bmse011086.str
bmse011087,/Users/alfred/Documents/GitHub/DDLS_project/code/get_bmrb_data/bmrb_nmrstar/bmse011087/bmse011087.str
bmse011088,/Users/alfred/Documents/GitHub/DDLS_project/code/get_bmrb_data/bmrb_nmrstar/bmse011088/bmse011088.str
bmse011089,/Users/alfred/Documents/GitHub/DDLS_project/code/get_bmrb_data/bmrb_nmrstar/bmse011089/bmse011089.str
bmse011090,/Users/alfred/Documents/GitHub/DDLS_project/code/get_bmrb_data/bmrb_nmrstar/bmse011090/bmse011090.str
bmse011091,/Users/alfred/Documents/GitHub/DDLS_project/code/get_bmrb_data/bmrb_nmrstar/bmse011091/bmse011091.str
bmse011092,/Users/alfred/Documents/GitHub/DDLS_project/code/get_bmrb_data/bmrb_nmrstar/bmse011092/bmse011092.str
bmse011093,/Users/alfred/Documents/GitHub/DDLS_project/code/get_bmrb_data/bmrb_nmrstar/bmse011093/bmse011093.str
bmse011094,/Users/alfred/Documents/GitHub/DDLS_project/code/get_bmrb_data/bmrb_nmrstar/bmse011094/bmse011094.str
bmse011095,/Users/alfred/Documents/GitHub/DDLS_project/code/get_bmrb_data/bmrb_nmrstar/bmse011095/bmse011095.str
bmse011096,/Users/alfred/Documents/GitHub/DDLS_project/code/get_bmrb_data/bmrb_nmrstar/bmse011096/bmse011096.str
bmse011097,/Users/alfred/Documents/GitHub/DDLS_project/code/get_bmrb_data/bmrb_nmrstar/bmse011097/bmse011097.str
bmse011098,/Users/alfred/Documents/GitHub/DDLS_project/code/get_bmrb_data/bmrb_nmrstar/bmse011098/bmse011098.str
bmse011099,/Users/alfred/Documents/GitHub/DDLS_project/code/get_bmrb_data/bmrb_nmrstar/bmse011099/bmse011099.str
bmse011100,/Users/alfred/Documents/GitHub/DDLS_project/code/get_bmrb_data/bmrb_nmrstar/bmse011100/bmse011100.str
bmse011101,/Users/alfred/Documents/GitHub/DDLS_project/code/get_bmrb_data/bmrb_nmrstar/bmse011101/bmse011101.str
bmse011102,/Users/alfred/Documents/GitHub/DDLS_project/code/get_bmrb_data/bmrb_nmrstar/bmse011102/bmse011102.str
bmse011103,/Users/alfred/Documents/GitHub/DDLS_project/code/get_bmrb_data/bmrb_nmrstar/bmse011103/bmse011103.str
bmse011104,/Users/alfred/Documents/GitHub/DDLS_project/code/get_bmrb_data/bmrb_nmrstar/bmse011104/bmse011104.str
bmse011105,/Users/alfred/Documents/GitHub/DDLS_project/code/get_bmrb_data/bmrb_nmrstar/bmse011105/bmse011105.str
bmse011106,/Users/alfred/Documents/GitHub/DDLS_project/code/get_bmrb_data/bmrb_nmrstar/bmse011106/bmse011106.str
bmse011107,/Users/alfred/Documents/GitHub/DDLS_project/code/get_bmrb_data/bmrb_nmrstar/bmse011107/bmse011107.str
bmse011108,/Users/alfred/Documents/GitHub/DDLS_project/code/get_bmrb_data/bmrb_nmrstar/bmse011108/bmse011108.str
bmse011109,/Users/alfred/Documents/GitHub/DDLS_project/code/get_bmrb_data/bmrb_nmrstar/bmse011109/bmse011109.str
bmse011110,/Users/alfred/Documents/GitHub/DDLS_project/code/get_bmrb_data/bmrb_nmrstar/bmse011110/bmse011110.str
bmse011111,/Users/alfred/Documents/GitHub/DDLS_project/code/get_bmrb_data/bmrb_nmrstar/bmse011111/bmse011111.str
bmse011112,/Users/alfred/Documents/GitHub/DDLS_project/code/get_bmrb_data/bmrb_nmrstar/bmse011112/bmse011112.str
bmse011113,/Users/alfred/Documents/GitHub/DDLS_project/code/get_bmrb_data/bmrb_nmrstar/bmse011113/bmse011113.str
bmse011114,/Users/alfred/Documents/GitHub/DDLS_project/code/get_bmrb_data/bmrb_nmrstar/bmse011114/bmse011114.str
bmse011115,/Users/alfred/Documents/GitHub/DDLS_project/code/get_bmrb_data/bmrb_nmrstar/bmse011115/bmse011115.str
bmse011116,/Users/alfred/Documents/GitHub/DDLS_project/code/get_bmrb_data/bmrb_nmrstar/bmse011116/bmse011116.str
bmse011117,/Users/alfred/Documents/GitHub/DDLS_project/code/get_bmrb_data/bmrb_nmrstar/bmse011117/bmse011117.str
bmse011118,/Users/alfred/Documents/GitHub/DDLS_project/code/get_bmrb_data/bmrb_nmrstar/bmse011118/bmse011118.str
bmse011119,/Users/alfred/Documents/GitHub/DDLS_project/code/get_bmrb_data/bmrb_nmrstar/bmse011119/bmse011119.str
bmse011120,/Users/alfred/Documents/GitHub/DDLS_project/code/get_bmrb_data/bmrb_nmrstar/bmse011120/bmse011120.str
bmse011121,/Users/alfred/Documents/GitHub/DDLS_project/code/get_bmrb_data/bmrb_nmrstar/bmse011121/bmse011121.str
bmse011122,/Users/alfred/Documents/GitHub/DDLS_project/code/get_bmrb_data/bmrb_nmrstar/bmse011122/bmse011122.str
bmse011123,/Users/alfred/Documents/GitHub/DDLS_project/code/get_bmrb_data/bmrb_nmrstar/bmse011123/bmse011123.str
bmse011124,/Users/alfred/Documents/GitHub/DDLS_project/code/get_bmrb_data/bmrb_nmrstar/bmse011124/bmse011124.str
bmse011125,/Users/alfred/Documents/GitHub/DDLS_project/code/get_bmrb_data/bmrb_nmrstar/bmse011125/bmse011125.str
bmse011126,/Users/alfred/Documents/GitHub/DDLS_project/code/get_bmrb_data/bmrb_nmrstar/bmse011126/bmse011126.str
bmse011127,/Users/alfred/Documents/GitHub/DDLS_project/code/get_bmrb_data/bmrb_nmrstar/bmse011127/bmse011127.str
bmse011128,/Users/alfred/Documents/GitHub/DDLS_project/code/get_bmrb_data/bmrb_nmrstar/bmse011128/bmse011128.str
bmse011129,/Users/alfred/Documents/GitHub/DDLS_project/code/get_bmrb_data/bmrb_nmrstar/bmse011129/bmse011129.str
bmse011130,/Users/alfred/Documents/GitHub/DDLS_project/code/get_bmrb_data/bmrb_nmrstar/bmse011130/bmse011130.str
bmse011131,/Users/alfred/Documents/GitHub/DDLS_project/code/get_bmrb_data/bmrb_nmrstar/bmse011131/bmse011131.str
bmse011132,/Users/alfred/Documents/GitHub/DDLS_project/code/get_bmrb_data/bmrb_nmrstar/bmse011132/bmse011132.str
bmse011133,/Users/alfred/Documents/GitHub/DDLS_project/code/get_bmrb_data/bmrb_nmrstar/bmse011133/bmse011133.str
bmse011134,/Users/alfred/Documents/GitHub/DDLS_project/code/get_bmrb_data/bmrb_nmrstar/bmse011134/bmse011134.str
bmse011135,/Users/alfred/Documents/GitHub/DDLS_project/code/get_bmrb_data/bmrb_nmrstar/bmse011135/bmse011135.str
bmse011136,/Users/alfred/Documents/GitHub/DDLS_project/code/get_bmrb_data/bmrb_nmrstar/bmse011136/bmse011136.str
bmse011137,/Users/alfred/Documents/GitHub/DDLS_project/code/get_bmrb_data/bmrb_nmrstar/bmse011137/bmse011137.str
bmse011138,/Users/alfred/Documents/GitHub/DDLS_project/code/get_bmrb_data/bmrb_nmrstar/bmse011138/bmse011138.str
bmse011139,/Users/alfred/Documents/GitHub/DDLS_project/code/get_bmrb_data/bmrb_nmrstar/bmse011139/bmse011139.str
bmse011140,/Users/alfred/Documents/GitHub/DDLS_project/code/get_bmrb_data/bmrb_nmrstar/bmse011140/bmse011140.str
bmse011141,/Users/alfred/Documents/GitHub/DDLS_project/code/get_bmrb_data/bmrb_nmrstar/bmse011141/bmse011141.str
bmse011142,/Users/alfred/Documents/GitHub/DDLS_project/code/get_bmrb_data/bmrb_nmrstar/bmse011142/bmse011142.str
bmse011143,/Users/alfred/Documents/GitHub/DDLS_project/code/get_bmrb_data/bmrb_nmrstar/bmse011143/bmse011143.str
bmse011144,/Users/alfred/Documents/GitHub/DDLS_project/code/get_bmrb_data/bmrb_nmrstar/bmse011144/bmse011144.str
bmse011145,/Users/alfred/Documents/GitHub/DDLS_project/code/get_bmrb_data/bmrb_nmrstar/bmse011145/bmse011145.str
bmse011146,/Users/alfred/Documents/GitHub/DDLS_project/code/get_bmrb_data/bmrb_nmrstar/bmse011146/bmse011146.str
bmse011147,/Users/alfred/Documents/GitHub/DDLS_project/code/get_bmrb_data/bmrb_nmrstar/bmse011147/bmse011147.str
bmse011148,/Users/alfred/Documents/GitHub/DDLS_project/code/get_bmrb_data/bmrb_nmrstar/bmse011148/bmse011148.str
bmse011149,/Users/alfred/Documents/GitHub/DDLS_project/code/get_bmrb_data/bmrb_nmrstar/bmse011149/bmse011149.str
bmse011150,/Users/alfred/Documents/GitHub/DDLS_project/code/get_bmrb_data/bmrb_nmrstar/bmse011150/bmse011150.str
bmse011151,/Users/alfred/Documents/GitHub/DDLS_project/code/get_bmrb_data/bmrb_nmrstar/bmse011151/bmse011151.str
bmse011152,/Users/alfred/Documents/GitHub/DDLS_project/code/get_bmrb_data/bmrb_nmrstar/bmse011152/bmse011152.str
bmse011153,/Users/alfred/Documents/GitHub/DDLS_project/code/get_bmrb_data/bmrb_nmrstar/bmse011153/bmse011153.str
bmse011154,/Users/alfred/Documents/GitHub/DDLS_project/code/get_bmrb_data/bmrb_nmrstar/bmse011154/bmse011154.str
bmse011155,/Users/alfred/Documents/GitHub/DDLS_project/code/get_bmrb_data/bmrb_nmrstar/bmse011155/bmse011155.str
bmse011156,/Users/alfred/Documents/GitHub/DDLS_project/code/get_bmrb_data/bmrb_nmrstar/bmse011156/bmse011156.str
bmse011157,/Users/alfred/Documents/GitHub/DDLS_project/code/get_bmrb_data/bmrb_nmrstar/bmse011157/bmse011157.str
bmse011158,/Users/alfred/Documents/GitHub/DDLS_project/code/get_bmrb_data/bmrb_nmrstar/bmse011158/bmse011158.str
bmse011159,/Users/alfred/Documents/GitHub/DDLS_project/code/get_bmrb_data/bmrb_nmrstar/bmse011159/bmse011159.str
bmse011160,/Users/alfred/Documents/GitHub/DDLS_project/code/get_bmrb_data/bmrb_nmrstar/bmse011160/bmse011160.str
bmse011161,/Users/alfred/Documents/GitHub/DDLS_project/code/get_bmrb_data/bmrb_nmrstar/bmse011161/bmse011161.str
bmse011162,/Users/alfred/Documents/GitHub/DDLS_project/code/get_bmrb_data/bmrb_nmrstar/bmse011162/bmse011162.str
bmse011163,/Users/alfred/Documents/GitHub/DDLS_project/code/get_bmrb_data/bmrb_nmrstar/bmse011163/bmse011163.str
bmse011164,/Users/alfred/Documents/GitHub/DDLS_project/code/get_bmrb_data/bmrb_nmrstar/bmse011164/bmse011164.str
bmse011165,/Users/alfred/Documents/GitHub/DDLS_project/code/get_bmrb_data/bmrb_nmrstar/bmse011165/bmse011165.str
bmse011166,/Users/alfred/Documents/GitHub/DDLS_project/code/get_bmrb_data/bmrb_nmrstar/bmse011166/bmse011166.str
bmse011167,/Users/alfred/Documents/GitHub/DDLS_project/code/get_bmrb_data/bmrb_nmrstar/bmse011167/bmse011167.str
bmse011168,/Users/alfred/Documents/GitHub/DDLS_project/code/get_bmrb_data/bmrb_nmrstar/bmse011168/bmse011168.str
bmse011169,/Users/alfred/Documents/GitHub/DDLS_project/code/get_bmrb_data/bmrb_nmrstar/bmse011169/bmse011169.str
bmse011170,/Users/alfred/Documents/GitHub/DDLS_project/code/get_bmrb_data/bmrb_nmrstar/bmse011170/bmse011170.str
bmse011171,/Users/alfred/Documents/GitHub/DDLS_project/code/get_bmrb_data/bmrb_nmrstar/bmse011171/bmse011171.str
bmse011172,/Users/alfred/Documents/GitHub/DDLS_project/code/get_bmrb_data/bmrb_nmrstar/bmse011172/bmse011172.str
bmse011173,/Users/alfred/Documents/GitHub/DDLS_project/code/get_bmrb_data/bmrb_nmrstar/bmse011173/bmse011173.str
bmse011174,/Users/alfred/Documents/GitHub/DDLS_project/code/get_bmrb_data/bmrb_nmrstar/bmse011174/bmse011174.str
bmse011175,/Users/alfred/Documents/GitHub/DDLS_project/code/get_bmrb_data/bmrb_nmrstar/bmse011175/bmse011175.str
bmse011176,/Users/alfred/Documents/GitHub/DDLS_project/code/get_bmrb_data/bmrb_nmrstar/bmse011176/bmse011176.str
bmse011177,/Users/alfred/Documents/GitHub/DDLS_project/code/get_bmrb_data/bmrb_nmrstar/bmse011177/bmse011177.str
bmse011178,/Users/alfred/Documents/GitHub/DDLS_project/code/get_bmrb_data/bmrb_nmrstar/bmse011178/bmse011178.str
bmse011179,/Users/alfred/Documents/GitHub/DDLS_project/code/get_bmrb_data/bmrb_nmrstar/bmse011179/bmse011179.str
bmse011180,/Users/alfred/Documents/GitHub/DDLS_project/code/get_bmrb_data/bmrb_nmrstar/bmse011180/bmse011180.str
bmse011181,/Users/alfred/Documents/GitHub/DDLS_project/code/get_bmrb_data/bmrb_nmrstar/bmse011181/bmse011181.str
bmse011182,/Users/alfred/Documents/GitHub/DDLS_project/code/get_bmrb_data/bmrb_nmrstar/bmse011182/bmse011182.str
bmse011183,/Users/alfred/Documents/GitHub/DDLS_project/code/get_bmrb_data/bmrb_nmrstar/bmse011183/bmse011183.str
bmse011184,/Users/alfred/Documents/GitHub/DDLS_project/code/get_bmrb_data/bmrb_nmrstar/bmse011184/bmse011184.str
bmse011185,/Users/alfred/Documents/GitHub/DDLS_project/code/get_bmrb_data/bmrb_nmrstar/bmse011185/bmse011185.str
bmse011186,/Users/alfred/Documents/GitHub/DDLS_project/code/get_bmrb_data/bmrb_nmrstar/bmse011186/bmse011186.str
bmse011187,/Users/alfred/Documents/GitHub/DDLS_project/code/get_bmrb_data/bmrb_nmrstar/bmse011187/bmse011187.str
bmse011188,/Users/alfred/Documents/GitHub/DDLS_project/code/get_bmrb_data/bmrb_nmrstar/bmse011188/bmse011188.str
bmse011189,/Users/alfred/Documents/GitHub/DDLS_project/code/get_bmrb_data/bmrb_nmrstar/bmse011189/bmse011189.str
bmse011190,/Users/alfred/Documents/GitHub/DDLS_project/code/get_bmrb_data/bmrb_nmrstar/bmse011190/bmse011190.str
bmse011191,/Users/alfred/Documents/GitHub/DDLS_project/code/get_bmrb_data/bmrb_nmrstar/bmse011191/bmse011191.str
bmse011192,/Users/alfred/Documents/GitHub/DDLS_project/code/get_bmrb_data/bmrb_nmrstar/bmse011192/bmse011192.str
bmse011193,/Users/alfred/Documents/GitHub/DDLS_project/code/get_bmrb_data/bmrb_nmrstar/bmse011193/bmse011193.str
bmse011194,/Users/alfred/Documents/GitHub/DDLS_project/code/get_bmrb_data/bmrb_nmrstar/bmse011194/bmse011194.str
bmse011195,/Users/alfred/Documents/GitHub/DDLS_project/code/get_bmrb_data/bmrb_nmrstar/bmse011195/bmse011195.str
bmse011196,/Users/alfred/Documents/GitHub/DDLS_project/code/get_bmrb_data/bmrb_nmrstar/bmse011196/bmse011196.str
bmse011197,/Users/alfred/Documents/GitHub/DDLS_project/code/get_bmrb_data/bmrb_nmrstar/bmse011197/bmse011197.str
bmse011198,/Users/alfred/Documents/GitHub/DDLS_project/code/get_bmrb_data/bmrb_nmrstar/bmse011198/bmse011198.str
bmse011199,/Users/alfred/Documents/GitHub/DDLS_project/code/get_bmrb_data/bmrb_nmrstar/bmse011199/bmse011199.str
bmse011200,/Users/alfred/Documents/GitHub/DDLS_project/code/get_bmrb_data/bmrb_nmrstar/bmse011200/bmse011200.str
bmse011201,/Users/alfred/Documents/GitHub/DDLS_project/code/get_bmrb_data/bmrb_nmrstar/bmse011201/bmse011201.str
bmse011202,/Users/alfred/Documents/GitHub/DDLS_project/code/get_bmrb_data/bmrb_nmrstar/bmse011202/bmse011202.str
bmse011203,/Users/alfred/Documents/GitHub/DDLS_project/code/get_bmrb_data/bmrb_nmrstar/bmse011203/bmse011203.str
bmse011204,/Users/alfred/Documents/GitHub/DDLS_project/code/get_bmrb_data/bmrb_nmrstar/bmse011204/bmse011204.str
bmse011205,/Users/alfred/Documents/GitHub/DDLS_project/code/get_bmrb_data/bmrb_nmrstar/bmse011205/bmse011205.str
bmse011206,/Users/alfred/Documents/GitHub/DDLS_project/code/get_bmrb_data/bmrb_nmrstar/bmse011206/bmse011206.str
bmse011207,/Users/alfred/Documents/GitHub/DDLS_project/code/get_bmrb_data/bmrb_nmrstar/bmse011207/bmse011207.str
bmse011208,/Users/alfred/Documents/GitHub/DDLS_project/code/get_bmrb_data/bmrb_nmrstar/bmse011208/bmse011208.str
bmse011209,/Users/alfred/Documents/GitHub/DDLS_project/code/get_bmrb_data/bmrb_nmrstar/bmse011209/bmse011209.str
bmse011210,/Users/alfred/Documents/GitHub/DDLS_project/code/get_bmrb_data/bmrb_nmrstar/bmse011210/bmse011210.str
bmse011211,/Users/alfred/Documents/GitHub/DDLS_project/code/get_bmrb_data/bmrb_nmrstar/bmse011211/bmse011211.str
bmse011212,/Users/alfred/Documents/GitHub/DDLS_project/code/get_bmrb_data/bmrb_nmrstar/bmse011212/bmse011212.str
bmse011213,/Users/alfred/Documents/GitHub/DDLS_project/code/get_bmrb_data/bmrb_nmrstar/bmse011213/bmse011213.str
bmse011214,/Users/alfred/Documents/GitHub/DDLS_project/code/get_bmrb_data/bmrb_nmrstar/bmse011214/bmse011214.str
bmse011215,/Users/alfred/Documents/GitHub/DDLS_project/code/get_bmrb_data/bmrb_nmrstar/bmse011215/bmse011215.str
bmse011216,/Users/alfred/Documents/GitHub/DDLS_project/code/get_bmrb_data/bmrb_nmrstar/bmse011216/bmse011216.str
bmse011217,/Users/alfred/Documents/GitHub/DDLS_project/code/get_bmrb_data/bmrb_nmrstar/bmse011217/bmse011217.str
bmse011218,/Users/alfred/Documents/GitHub/DDLS_project/code/get_bmrb_data/bmrb_nmrstar/bmse011218/bmse011218.str
bmse011219,/Users/alfred/Documents/GitHub/DDLS_project/code/get_bmrb_data/bmrb_nmrstar/bmse011219/bmse011219.str
bmse011220,/Users/alfred/Documents/GitHub/DDLS_project/code/get_bmrb_data/bmrb_nmrstar/bmse011220/bmse011220.str
bmse011221,/Users/alfred/Documents/GitHub/DDLS_project/code/get_bmrb_data/bmrb_nmrstar/bmse011221/bmse011221.str
bmse011222,/Users/alfred/Documents/GitHub/DDLS_project/code/get_bmrb_data/bmrb_nmrstar/bmse011222/bmse011222.str
bmse011223,/Users/alfred/Documents/GitHub/DDLS_project/code/get_bmrb_data/bmrb_nmrstar/bmse011223/bmse011223.str
bmse011224,/Users/alfred/Documents/GitHub/DDLS_project/code/get_bmrb_data/bmrb_nmrstar/bmse011224/bmse011224.str
bmse011225,/Users/alfred/Documents/GitHub/DDLS_project/code/get_bmrb_data/bmrb_nmrstar/bmse011225/bmse011225.str
bmse011226,/Users/alfred/Documents/GitHub/DDLS_project/code/get_bmrb_data/bmrb_nmrstar/bmse011226/bmse011226.str
bmse011227,/Users/alfred/Documents/GitHub/DDLS_project/code/get_bmrb_data/bmrb_nmrstar/bmse011227/bmse011227.str
bmse011228,/Users/alfred/Documents/GitHub/DDLS_project/code/get_bmrb_data/bmrb_nmrstar/bmse011228/bmse011228.str
bmse011229,/Users/alfred/Documents/GitHub/DDLS_project/code/get_bmrb_data/bmrb_nmrstar/bmse011229/bmse011229.str
bmse011230,/Users/alfred/Documents/GitHub/DDLS_project/code/get_bmrb_data/bmrb_nmrstar/bmse011230/bmse011230.str
bmse011231,/Users/alfred/Documents/GitHub/DDLS_project/code/get_bmrb_data/bmrb_nmrstar/bmse011231/bmse011231.str
bmse011232,/Users/alfred/Documents/GitHub/DDLS_project/code/get_bmrb_data/bmrb_nmrstar/bmse011232/bmse011232.str
bmse011233,/Users/alfred/Documents/GitHub/DDLS_project/code/get_bmrb_data/bmrb_nmrstar/bmse011233/bmse011233.str
bmse011234,/Users/alfred/Documents/GitHub/DDLS_project/code/get_bmrb_data/bmrb_nmrstar/bmse011234/bmse011234.str
bmse011235,/Users/alfred/Documents/GitHub/DDLS_project/code/get_bmrb_data/bmrb_nmrstar/bmse011235/bmse011235.str
bmse011236,/Users/alfred/Documents/GitHub/DDLS_project/code/get_bmrb_data/bmrb_nmrstar/bmse011236/bmse011236.str
bmse011237,/Users/alfred/Documents/GitHub/DDLS_project/code/get_bmrb_data/bmrb_nmrstar/bmse011237/bmse011237.str
bmse011238,/Users/alfred/Documents/GitHub/DDLS_project/code/get_bmrb_data/bmrb_nmrstar/bmse011238/bmse011238.str
bmse011239,/Users/alfred/Documents/GitHub/DDLS_project/code/get_bmrb_data/bmrb_nmrstar/bmse011239/bmse011239.str
bmse011240,/Users/alfred/Documents/GitHub/DDLS_project/code/get_bmrb_data/bmrb_nmrstar/bmse011240/bmse011240.str
bmse011241,/Users/alfred/Documents/GitHub/DDLS_project/code/get_bmrb_data/bmrb_nmrstar/bmse011241/bmse011241.str
bmse011242,/Users/alfred/Documents/GitHub/DDLS_project/code/get_bmrb_data/bmrb_nmrstar/bmse011242/bmse011242.str
bmse011243,/Users/alfred/Documents/GitHub/DDLS_project/code/get_bmrb_data/bmrb_nmrstar/bmse011243/bmse011243.str
bmse011244,/Users/alfred/Documents/GitHub/DDLS_project/code/get_bmrb_data/bmrb_nmrstar/bmse011244/bmse011244.str
bmse011245,/Users/alfred/Documents/GitHub/DDLS_project/code/get_bmrb_data/bmrb_nmrstar/bmse011245/bmse011245.str
bmse011246,/Users/alfred/Documents/GitHub/DDLS_project/code/get_bmrb_data/bmrb_nmrstar/bmse011246/bmse011246.str
bmse011247,/Users/alfred/Documents/GitHub/DDLS_project/code/get_bmrb_data/bmrb_nmrstar/bmse011247/bmse011247.str
bmse011248,/Users/alfred/Documents/GitHub/DDLS_project/code/get_bmrb_data/bmrb_nmrstar/bmse011248/bmse011248.str
bmse011249,/Users/alfred/Documents/GitHub/DDLS_project/code/get_bmrb_data/bmrb_nmrstar/bmse011249/bmse011249.str
bmse011250,/Users/alfred/Documents/GitHub/DDLS_project/code/get_bmrb_data/bmrb_nmrstar/bmse011250/bmse011250.str
bmse011251,/Users/alfred/Documents/GitHub/DDLS_project/code/get_bmrb_data/bmrb_nmrstar/bmse011251/bmse011251.str
bmse011252,/Users/alfred/Documents/GitHub/DDLS_project/code/get_bmrb_data/bmrb_nmrstar/bmse011252/bmse011252.str
bmse011253,/Users/alfred/Documents/GitHub/DDLS_project/code/get_bmrb_data/bmrb_nmrstar/bmse011253/bmse011253.str
bmse011254,/Users/alfred/Documents/GitHub/DDLS_project/code/get_bmrb_data/bmrb_nmrstar/bmse011254/bmse011254.str
bmse011255,/Users/alfred/Documents/GitHub/DDLS_project/code/get_bmrb_data/bmrb_nmrstar/bmse011255/bmse011255.str
bmse011256,/Users/alfred/Documents/GitHub/DDLS_project/code/get_bmrb_data/bmrb_nmrstar/bmse011256/bmse011256.str
bmse011257,/Users/alfred/Documents/GitHub/DDLS_project/code/get_bmrb_data/bmrb_nmrstar/bmse011257/bmse011257.str
bmse011258,/Users/alfred/Documents/GitHub/DDLS_project/code/get_bmrb_data/bmrb_nmrstar/bmse011258/bmse011258.str
bmse011259,/Users/alfred/Documents/GitHub/DDLS_project/code/get_bmrb_data/bmrb_nmrstar/bmse011259/bmse011259.str
bmse011260,/Users/alfred/Documents/GitHub/DDLS_project/code/get_bmrb_data/bmrb_nmrstar/bmse011260/bmse011260.str
bmse011261,/Users/alfred/Documents/GitHub/DDLS_project/code/get_bmrb_data/bmrb_nmrstar/bmse011261/bmse011261.str
bmse011262,/Users/alfred/Documents/GitHub/DDLS_project/code/get_bmrb_data/bmrb_nmrstar/bmse011262/bmse011262.str
bmse011263,/Users/alfred/Documents/GitHub/DDLS_project/code/get_bmrb_data/bmrb_nmrstar/bmse011263/bmse011263.str
bmse011264,/Users/alfred/Documents/GitHub/DDLS_project/code/get_bmrb_data/bmrb_nmrstar/bmse011264/bmse011264.str
bmse011265,/Users/alfred/Documents/GitHub/DDLS_project/code/get_bmrb_data/bmrb_nmrstar/bmse011265/bmse011265.str
bmse011266,/Users/alfred/Documents/GitHub/DDLS_project/code/get_bmrb_data/bmrb_nmrstar/bmse011266/bmse011266.str
bmse011267,/Users/alfred/Documents/GitHub/DDLS_project/code/get_bmrb_data/bmrb_nmrstar/bmse011267/bmse011267.str
bmse011268,/Users/alfred/Documents/GitHub/DDLS_project/code/get_bmrb_data/bmrb_nmrstar/bmse011268/bmse011268.str
bmse011269,/Users/alfred/Documents/GitHub/DDLS_project/code/get_bmrb_data/bmrb_nmrstar/bmse011269/bmse011269.str
bmse011270,/Users/alfred/Documents/GitHub/DDLS_project/code/get_bmrb_data/bmrb_nmrstar/bmse011270/bmse011270.str
bmse011271,/Users/alfred/Documents/GitHub/DDLS_project/code/get_bmrb_data/bmrb_nmrstar/bmse011271/bmse011271.str
bmse011272,/Users/alfred/Documents/GitHub/DDLS_project/code/get_bmrb_data/bmrb_nmrstar/bmse011272/bmse011272.str
bmse011273,/Users/alfred/Documents/GitHub/DDLS_project/code/get_bmrb_data/bmrb_nmrstar/bmse011273/bmse011273.str
bmse011274,/Users/alfred/Documents/GitHub/DDLS_project/code/get_bmrb_data/bmrb_nmrstar/bmse011274/bmse011274.str
bmse011275,/Users/alfred/Documents/GitHub/DDLS_project/code/get_bmrb_data/bmrb_nmrstar/bmse011275/bmse011275.str
bmse011276,/Users/alfred/Documents/GitHub/DDLS_project/code/get_bmrb_data/bmrb_nmrstar/bmse011276/bmse011276.str
bmse011277,/Users/alfred/Documents/GitHub/DDLS_project/code/get_bmrb_data/bmrb_nmrstar/bmse011277/bmse011277.str
bmse011278,/Users/alfred/Documents/GitHub/DDLS_project/code/get_bmrb_data/bmrb_nmrstar/bmse011278/bmse011278.str
bmse011279,/Users/alfred/Documents/GitHub/DDLS_project/code/get_bmrb_data/bmrb_nmrstar/bmse011279/bmse011279.str
bmse011280,/Users/alfred/Documents/GitHub/DDLS_project/code/get_bmrb_data/bmrb_nmrstar/bmse011280/bmse011280.str
bmse011281,/Users/alfred/Documents/GitHub/DDLS_project/code/get_bmrb_data/bmrb_nmrstar/bmse011281/bmse011281.str
bmse011282,/Users/alfred/Documents/GitHub/DDLS_project/code/get_bmrb_data/bmrb_nmrstar/bmse011282/bmse011282.str
bmse011283,/Users/alfred/Documents/GitHub/DDLS_project/code/get_bmrb_data/bmrb_nmrstar/bmse011283/bmse011283.str
bmse011284,/Users/alfred/Documents/GitHub/DDLS_project/code/get_bmrb_data/bmrb_nmrstar/bmse011284/bmse011284.str
bmse011285,/Users/alfred/Documents/GitHub/DDLS_project/code/get_bmrb_data/bmrb_nmrstar/bmse011285/bmse011285.str
bmse011286,/Users/alfred/Documents/GitHub/DDLS_project/code/get_bmrb_data/bmrb_nmrstar/bmse011286/bmse011286.str
bmse011287,/Users/alfred/Documents/GitHub/DDLS_project/code/get_bmrb_data/bmrb_nmrstar/bmse011287/bmse011287.str
bmse011288,/Users/alfred/Documents/GitHub/DDLS_project/code/get_bmrb_data/bmrb_nmrstar/bmse011288/bmse011288.str
bmse011289,/Users/alfred/Documents/GitHub/DDLS_project/code/get_bmrb_data/bmrb_nmrstar/bmse011289/bmse011289.str
bmse011290,/Users/alfred/Documents/GitHub/DDLS_project/code/get_bmrb_data/bmrb_nmrstar/bmse011290/bmse011290.str
bmse011291,/Users/alfred/Documents/GitHub/DDLS_project/code/get_bmrb_data/bmrb_nmrstar/bmse011291/bmse011291.str
bmse011292,/Users/alfred/Documents/GitHub/DDLS_project/code/get_bmrb_data/bmrb_nmrstar/bmse011292/bmse011292.str
bmse011293,/Users/alfred/Documents/GitHub/DDLS_project/code/get_bmrb_data/bmrb_nmrstar/bmse011293/bmse011293.str
bmse011294,/Users/alfred/Documents/GitHub/DDLS_project/code/get_bmrb_data/bmrb_nmrstar/bmse011294/bmse011294.str
bmse011295,/Users/alfred/Documents/GitHub/DDLS_project/code/get_bmrb_data/bmrb_nmrstar/bmse011295/bmse011295.str
bmse011296,/Users/alfred/Documents/GitHub/DDLS_project/code/get_bmrb_data/bmrb_nmrstar/bmse011296/bmse011296.str
bmse011297,/Users/alfred/Documents/GitHub/DDLS_project/code/get_bmrb_data/bmrb_nmrstar/bmse011297/bmse011297.str
bmse011298,/Users/alfred/Documents/GitHub/DDLS_project/code/get_bmrb_data/bmrb_nmrstar/bmse011298/bmse011298.str
bmse011299,/Users/alfred/Documents/GitHub/DDLS_project/code/get_bmrb_data/bmrb_nmrstar/bmse011299/bmse011299.str
bmse011300,/Users/alfred/Documents/GitHub/DDLS_project/code/get_bmrb_data/bmrb_nmrstar/bmse011300/bmse011300.str
bmse011301,/Users/alfred/Documents/GitHub/DDLS_project/code/get_bmrb_data/bmrb_nmrstar/bmse011301/bmse011301.str
bmse011302,/Users/alfred/Documents/GitHub/DDLS_project/code/get_bmrb_data/bmrb_nmrstar/bmse011302/bmse011302.str
bmse011303,/Users/alfred/Documents/GitHub/DDLS_project/code/get_bmrb_data/bmrb_nmrstar/bmse011303/bmse011303.str
bmse011304,/Users/alfred/Documents/GitHub/DDLS_project/code/get_bmrb_data/bmrb_nmrstar/bmse011304/bmse011304.str
bmse011305,/Users/alfred/Documents/GitHub/DDLS_project/code/get_bmrb_data/bmrb_nmrstar/bmse011305/bmse011305.str
bmse011306,/Users/alfred/Documents/GitHub/DDLS_project/code/get_bmrb_data/bmrb_nmrstar/bmse011306/bmse011306.str
bmse011307,/Users/alfred/Documents/GitHub/DDLS_project/code/get_bmrb_data/bmrb_nmrstar/bmse011307/bmse011307.str
bmse011308,/Users/alfred/Documents/GitHub/DDLS_project/code/get_bmrb_data/bmrb_nmrstar/bmse011308/bmse011308.str
bmse011309,/Users/alfred/Documents/GitHub/DDLS_project/code/get_bmrb_data/bmrb_nmrstar/bmse011309/bmse011309.str
bmse011310,/Users/alfred/Documents/GitHub/DDLS_project/code/get_bmrb_data/bmrb_nmrstar/bmse011310/bmse011310.str
bmse011311,/Users/alfred/Documents/GitHub/DDLS_project/code/get_bmrb_data/bmrb_nmrstar/bmse011311/bmse011311.str
bmse011312,/Users/alfred/Documents/GitHub/DDLS_project/code/get_bmrb_data/bmrb_nmrstar/bmse011312/bmse011312.str
bmse011313,/Users/alfred/Documents/GitHub/DDLS_project/code/get_bmrb_data/bmrb_nmrstar/bmse011313/bmse011313.str
bmse011314,/Users/alfred/Documents/GitHub/DDLS_project/code/get_bmrb_data/bmrb_nmrstar/bmse011314/bmse011314.str
bmse011315,/Users/alfred/Documents/GitHub/DDLS_project/code/get_bmrb_data/bmrb_nmrstar/bmse011315/bmse011315.str
bmse011316,/Users/alfred/Documents/GitHub/DDLS_project/code/get_bmrb_data/bmrb_nmrstar/bmse011316/bmse011316.str
bmse011317,/Users/alfred/Documents/GitHub/DDLS_project/code/get_bmrb_data/bmrb_nmrstar/bmse011317/bmse011317.str
bmse011318,/Users/alfred/Documents/GitHub/DDLS_project/code/get_bmrb_data/bmrb_nmrstar/bmse011318/bmse011318.str
bmse011319,/Users/alfred/Documents/GitHub/DDLS_project/code/get_bmrb_data/bmrb_nmrstar/bmse011319/bmse011319.str
bmse011320,/Users/alfred/Documents/GitHub/DDLS_project/code/get_bmrb_data/bmrb_nmrstar/bmse011320/bmse011320.str
bmse011321,/Users/alfred/Documents/GitHub/DDLS_project/code/get_bmrb_data/bmrb_nmrstar/bmse011321/bmse011321.str
bmse011322,/Users/alfred/Documents/GitHub/DDLS_project/code/get_bmrb_data/bmrb_nmrstar/bmse011322/bmse011322.str
bmse011323,/Users/alfred/Documents/GitHub/DDLS_project/code/get_bmrb_data/bmrb_nmrstar/bmse011323/bmse011323.str
bmse011324,/Users/alfred/Documents/GitHub/DDLS_project/code/get_bmrb_data/bmrb_nmrstar/bmse011324/bmse011324.str
bmse011325,/Users/alfred/Documents/GitHub/DDLS_project/code/get_bmrb_data/bmrb_nmrstar/bmse011325/bmse011325.str
bmse011326,/Users/alfred/Documents/GitHub/DDLS_project/code/get_bmrb_data/bmrb_nmrstar/bmse011326/bmse011326.str
bmse011327,/Users/alfred/Documents/GitHub/DDLS_project/code/get_bmrb_data/bmrb_nmrstar/bmse011327/bmse011327.str
bmse011328,/Users/alfred/Documents/GitHub/DDLS_project/code/get_bmrb_data/bmrb_nmrstar/bmse011328/bmse011328.str
bmse011329,/Users/alfred/Documents/GitHub/DDLS_project/code/get_bmrb_data/bmrb_nmrstar/bmse011329/bmse011329.str
bmse011330,/Users/alfred/Documents/GitHub/DDLS_project/code/get_bmrb_data/bmrb_nmrstar/bmse011330/bmse011330.str
bmse011331,/Users/alfred/Documents/GitHub/DDLS_project/code/get_bmrb_data/bmrb_nmrstar/bmse011331/bmse011331.str
bmse011332,/Users/alfred/Documents/GitHub/DDLS_project/code/get_bmrb_data/bmrb_nmrstar/bmse011332/bmse011332.str
bmse011333,/Users/alfred/Documents/GitHub/DDLS_project/code/get_bmrb_data/bmrb_nmrstar/bmse011333/bmse011333.str
bmse011334,/Users/alfred/Documents/GitHub/DDLS_project/code/get_bmrb_data/bmrb_nmrstar/bmse011334/bmse011334.str
bmse011335,/Users/alfred/Documents/GitHub/DDLS_project/code/get_bmrb_data/bmrb_nmrstar/bmse011335/bmse011335.str
bmse011336,/Users/alfred/Documents/GitHub/DDLS_project/code/get_bmrb_data/bmrb_nmrstar/bmse011336/bmse011336.str
bmse011337,/Users/alfred/Documents/GitHub/DDLS_project/code/get_bmrb_data/bmrb_nmrstar/bmse011337/bmse011337.str
bmse011338,/Users/alfred/Documents/GitHub/DDLS_project/code/get_bmrb_data/bmrb_nmrstar/bmse011338/bmse011338.str
bmse011339,/Users/alfred/Documents/GitHub/DDLS_project/code/get_bmrb_data/bmrb_nmrstar/bmse011339/bmse011339.str
bmse011340,/Users/alfred/Documents/GitHub/DDLS_project/code/get_bmrb_data/bmrb_nmrstar/bmse011340/bmse011340.str
bmse011341,/Users/alfred/Documents/GitHub/DDLS_project/code/get_bmrb_data/bmrb_nmrstar/bmse011341/bmse011341.str
bmse011342,/Users/alfred/Documents/GitHub/DDLS_project/code/get_bmrb_data/bmrb_nmrstar/bmse011342/bmse011342.str
bmse011343,/Users/alfred/Documents/GitHub/DDLS_project/code/get_bmrb_data/bmrb_nmrstar/bmse011343/bmse011343.str
bmse011344,/Users/alfred/Documents/GitHub/DDLS_project/code/get_bmrb_data/bmrb_nmrstar/bmse011344/bmse011344.str
bmse011345,/Users/alfred/Documents/GitHub/DDLS_project/code/get_bmrb_data/bmrb_nmrstar/bmse011345/bmse011345.str
bmse011346,/Users/alfred/Documents/GitHub/DDLS_project/code/get_bmrb_data/bmrb_nmrstar/bmse011346/bmse011346.str
bmse011347,/Users/alfred/Documents/GitHub/DDLS_project/code/get_bmrb_data/bmrb_nmrstar/bmse011347/bmse011347.str
bmse011348,/Users/alfred/Documents/GitHub/DDLS_project/code/get_bmrb_data/bmrb_nmrstar/bmse011348/bmse011348.str
bmse011349,/Users/alfred/Documents/GitHub/DDLS_project/code/get_bmrb_data/bmrb_nmrstar/bmse011349/bmse011349.str
bmse011350,/Users/alfred/Documents/GitHub/DDLS_project/code/get_bmrb_data/bmrb_nmrstar/bmse011350/bmse011350.str
bmse011351,/Users/alfred/Documents/GitHub/DDLS_project/code/get_bmrb_data/bmrb_nmrstar/bmse011351/bmse011351.str
bmse011352,/Users/alfred/Documents/GitHub/DDLS_project/code/get_bmrb_data/bmrb_nmrstar/bmse011352/bmse011352.str
bmse011353,/Users/alfred/Documents/GitHub/DDLS_project/code/get_bmrb_data/bmrb_nmrstar/bmse011353/bmse011353.str
bmse011354,/Users/alfred/Documents/GitHub/DDLS_project/code/get_bmrb_data/bmrb_nmrstar/bmse011354/bmse011354.str
bmse011355,/Users/alfred/Documents/GitHub/DDLS_project/code/get_bmrb_data/bmrb_nmrstar/bmse011355/bmse011355.str
bmse011356,/Users/alfred/Documents/GitHub/DDLS_project/code/get_bmrb_data/bmrb_nmrstar/bmse011356/bmse011356.str
bmse011357,/Users/alfred/Documents/GitHub/DDLS_project/code/get_bmrb_data/bmrb_nmrstar/bmse011357/bmse011357.str
bmse011358,/Users/alfred/Documents/GitHub/DDLS_project/code/get_bmrb_data/bmrb_nmrstar/bmse011358/bmse011358.str
bmse011359,/Users/alfred/Documents/GitHub/DDLS_project/code/get_bmrb_data/bmrb_nmrstar/bmse011359/bmse011359.str
bmse011360,/Users/alfred/Documents/GitHub/DDLS_project/code/get_bmrb_data/bmrb_nmrstar/bmse011360/bmse011360.str
bmse011361,/Users/alfred/Documents/GitHub/DDLS_project/code/get_bmrb_data/bmrb_nmrstar/bmse011361/bmse011361.str
bmse011362,/Users/alfred/Documents/GitHub/DDLS_project/code/get_bmrb_data/bmrb_nmrstar/bmse011362/bmse011362.str
bmse011363,/Users/alfred/Documents/GitHub/DDLS_project/code/get_bmrb_data/bmrb_nmrstar/bmse011363/bmse011363.str
bmse011364,/Users/alfred/Documents/GitHub/DDLS_project/code/get_bmrb_data/bmrb_nmrstar/bmse011364/bmse011364.str
bmse011365,/Users/alfred/Documents/GitHub/DDLS_project/code/get_bmrb_data/bmrb_nmrstar/bmse011365/bmse011365.str
bmse011366,/Users/alfred/Documents/GitHub/DDLS_project/code/get_bmrb_data/bmrb_nmrstar/bmse011366/bmse011366.str
bmse011367,/Users/alfred/Documents/GitHub/DDLS_project/code/get_bmrb_data/bmrb_nmrstar/bmse011367/bmse011367.str
bmse011368,/Users/alfred/Documents/GitHub/DDLS_project/code/get_bmrb_data/bmrb_nmrstar/bmse011368/bmse011368.str
bmse011369,/Users/alfred/Documents/GitHub/DDLS_project/code/get_bmrb_data/bmrb_nmrstar/bmse011369/bmse011369.str
bmse011370,/Users/alfred/Documents/GitHub/DDLS_project/code/get_bmrb_data/bmrb_nmrstar/bmse011370/bmse011370.str
bmse011371,/Users/alfred/Documents/GitHub/DDLS_project/code/get_bmrb_data/bmrb_nmrstar/bmse011371/bmse011371.str
bmse011372,/Users/alfred/Documents/GitHub/DDLS_project/code/get_bmrb_data/bmrb_nmrstar/bmse011372/bmse011372.str
bmse011373,/Users/alfred/Documents/GitHub/DDLS_project/code/get_bmrb_data/bmrb_nmrstar/bmse011373/bmse011373.str
bmse011374,/Users/alfred/Documents/GitHub/DDLS_project/code/get_bmrb_data/bmrb_nmrstar/bmse011374/bmse011374.str
bmse011375,/Users/alfred/Documents/GitHub/DDLS_project/code/get_bmrb_data/bmrb_nmrstar/bmse011375/bmse011375.str
bmse011376,/Users/alfred/Documents/GitHub/DDLS_project/code/get_bmrb_data/bmrb_nmrstar/bmse011376/bmse011376.str
bmse011377,/Users/alfred/Documents/GitHub/DDLS_project/code/get_bmrb_data/bmrb_nmrstar/bmse011377/bmse011377.str
bmse011378,/Users/alfred/Documents/GitHub/DDLS_project/code/get_bmrb_data/bmrb_nmrstar/bmse011378/bmse011378.str
bmse011379,/Users/alfred/Documents/GitHub/DDLS_project/code/get_bmrb_data/bmrb_nmrstar/bmse011379/bmse011379.str
bmse011380,/Users/alfred/Documents/GitHub/DDLS_project/code/get_bmrb_data/bmrb_nmrstar/bmse011380/bmse011380.str
bmse011381,/Users/alfred/Documents/GitHub/DDLS_project/code/get_bmrb_data/bmrb_nmrstar/bmse011381/bmse011381.str
bmse011382,/Users/alfred/Documents/GitHub/DDLS_project/code/get_bmrb_data/bmrb_nmrstar/bmse011382/bmse011382.str
bmse011383,/Users/alfred/Documents/GitHub/DDLS_project/code/get_bmrb_data/bmrb_nmrstar/bmse011383/bmse011383.str
bmse011384,/Users/alfred/Documents/GitHub/DDLS_project/code/get_bmrb_data/bmrb_nmrstar/bmse011384/bmse011384.str
bmse011385,/Users/alfred/Documents/GitHub/DDLS_project/code/get_bmrb_data/bmrb_nmrstar/bmse011385/bmse011385.str
bmse011386,/Users/alfred/Documents/GitHub/DDLS_project/code/get_bmrb_data/bmrb_nmrstar/bmse011386/bmse011386.str
bmse011387,/Users/alfred/Documents/GitHub/DDLS_project/code/get_bmrb_data/bmrb_nmrstar/bmse011387/bmse011387.str
bmse011388,/Users/alfred/Documents/GitHub/DDLS_project/code/get_bmrb_data/bmrb_nmrstar/bmse011388/bmse011388.str
bmse011389,/Users/alfred/Documents/GitHub/DDLS_project/code/get_bmrb_data/bmrb_nmrstar/bmse011389/bmse011389.str
bmse011390,/Users/alfred/Documents/GitHub/DDLS_project/code/get_bmrb_data/bmrb_nmrstar/bmse011390/bmse011390.str
bmse011391,/Users/alfred/Documents/GitHub/DDLS_project/code/get_bmrb_data/bmrb_nmrstar/bmse011391/bmse011391.str
bmse011392,/Users/alfred/Documents/GitHub/DDLS_project/code/get_bmrb_data/bmrb_nmrstar/bmse011392/bmse011392.str
bmse011393,/Users/alfred/Documents/GitHub/DDLS_project/code/get_bmrb_data/bmrb_nmrstar/bmse011393/bmse011393.str
bmse011394,/Users/alfred/Documents/GitHub/DDLS_project/code/get_bmrb_data/bmrb_nmrstar/bmse011394/bmse011394.str
bmse011395,/Users/alfred/Documents/GitHub/DDLS_project/code/get_bmrb_data/bmrb_nmrstar/bmse011395/bmse011395.str
bmse011396,/Users/alfred/Documents/GitHub/DDLS_project/code/get_bmrb_data/bmrb_nmrstar/bmse011396/bmse011396.str
bmse011397,/Users/alfred/Documents/GitHub/DDLS_project/code/get_bmrb_data/bmrb_nmrstar/bmse011397/bmse011397.str
bmse011398,/Users/alfred/Documents/GitHub/DDLS_project/code/get_bmrb_data/bmrb_nmrstar/bmse011398/bmse011398.str
bmse011399,/Users/alfred/Documents/GitHub/DDLS_project/code/get_bmrb_data/bmrb_nmrstar/bmse011399/bmse011399.str
bmse011400,/Users/alfred/Documents/GitHub/DDLS_project/code/get_bmrb_data/bmrb_nmrstar/bmse011400/bmse011400.str
bmse011401,/Users/alfred/Documents/GitHub/DDLS_project/code/get_bmrb_data/bmrb_nmrstar/bmse011401/bmse011401.str
bmse011402,/Users/alfred/Documents/GitHub/DDLS_project/code/get_bmrb_data/bmrb_nmrstar/bmse011402/bmse011402.str
bmse011403,/Users/alfred/Documents/GitHub/DDLS_project/code/get_bmrb_data/bmrb_nmrstar/bmse011403/bmse011403.str
bmse011404,/Users/alfred/Documents/GitHub/DDLS_project/code/get_bmrb_data/bmrb_nmrstar/bmse011404/bmse011404.str
bmse011405,/Users/alfred/Documents/GitHub/DDLS_project/code/get_bmrb_data/bmrb_nmrstar/bmse011405/bmse011405.str
bmse011406,/Users/alfred/Documents/GitHub/DDLS_project/code/get_bmrb_data/bmrb_nmrstar/bmse011406/bmse011406.str
bmse011407,/Users/alfred/Documents/GitHub/DDLS_project/code/get_bmrb_data/bmrb_nmrstar/bmse011407/bmse011407.str
bmse011408,/Users/alfred/Documents/GitHub/DDLS_project/code/get_bmrb_data/bmrb_nmrstar/bmse011408/bmse011408.str
bmse011409,/Users/alfred/Documents/GitHub/DDLS_project/code/get_bmrb_data/bmrb_nmrstar/bmse011409/bmse011409.str
bmse011410,/Users/alfred/Documents/GitHub/DDLS_project/code/get_bmrb_data/bmrb_nmrstar/bmse011410/bmse011410.str
bmse011411,/Users/alfred/Documents/GitHub/DDLS_project/code/get_bmrb_data/bmrb_nmrstar/bmse011411/bmse011411.str
bmse011412,/Users/alfred/Documents/GitHub/DDLS_project/code/get_bmrb_data/bmrb_nmrstar/bmse011412/bmse011412.str
bmse011413,/Users/alfred/Documents/GitHub/DDLS_project/code/get_bmrb_data/bmrb_nmrstar/bmse011413/bmse011413.str
bmse011414,/Users/alfred/Documents/GitHub/DDLS_project/code/get_bmrb_data/bmrb_nmrstar/bmse011414/bmse011414.str
bmse011415,/Users/alfred/Documents/GitHub/DDLS_project/code/get_bmrb_data/bmrb_nmrstar/bmse011415/bmse011415.str
bmse011416,/Users/alfred/Documents/GitHub/DDLS_project/code/get_bmrb_data/bmrb_nmrstar/bmse011416/bmse011416.str
bmse011417,/Users/alfred/Documents/GitHub/DDLS_project/code/get_bmrb_data/bmrb_nmrstar/bmse011417/bmse011417.str
bmse011418,/Users/alfred/Documents/GitHub/DDLS_project/code/get_bmrb_data/bmrb_nmrstar/bmse011418/bmse011418.str
bmse011419,/Users/alfred/Documents/GitHub/DDLS_project/code/get_bmrb_data/bmrb_nmrstar/bmse011419/bmse011419.str
bmse011420,/Users/alfred/Documents/GitHub/DDLS_project/code/get_bmrb_data/bmrb_nmrstar/bmse011420/bmse011420.str
bmse011421,/Users/alfred/Documents/GitHub/DDLS_project/code/get_bmrb_data/bmrb_nmrstar/bmse011421/bmse011421.str
bmse011422,/Users/alfred/Documents/GitHub/DDLS_project/code/get_bmrb_data/bmrb_nmrstar/bmse011422/bmse011422.str
bmse011423,/Users/alfred/Documents/GitHub/DDLS_project/code/get_bmrb_data/bmrb_nmrstar/bmse011423/bmse011423.str
bmse011424,/Users/alfred/Documents/GitHub/DDLS_project/code/get_bmrb_data/bmrb_nmrstar/bmse011424/bmse011424.str
bmse011425,/Users/alfred/Documents/GitHub/DDLS_project/code/get_bmrb_data/bmrb_nmrstar/bmse011425/bmse011425.str
bmse011426,/Users/alfred/Documents/GitHub/DDLS_project/code/get_bmrb_data/bmrb_nmrstar/bmse011426/bmse011426.str
bmse011427,/Users/alfred/Documents/GitHub/DDLS_project/code/get_bmrb_data/bmrb_nmrstar/bmse011427/bmse011427.str
bmse011428,/Users/alfred/Documents/GitHub/DDLS_project/code/get_bmrb_data/bmrb_nmrstar/bmse011428/bmse011428.str
bmse011429,/Users/alfred/Documents/GitHub/DDLS_project/code/get_bmrb_data/bmrb_nmrstar/bmse011429/bmse011429.str
bmse011430,/Users/alfred/Documents/GitHub/DDLS_project/code/get_bmrb_data/bmrb_nmrstar/bmse011430/bmse011430.str
bmse011431,/Users/alfred/Documents/GitHub/DDLS_project/code/get_bmrb_data/bmrb_nmrstar/bmse011431/bmse011431.str
bmse011432,/Users/alfred/Documents/GitHub/DDLS_project/code/get_bmrb_data/bmrb_nmrstar/bmse011432/bmse011432.str
bmse011433,/Users/alfred/Documents/GitHub/DDLS_project/code/get_bmrb_data/bmrb_nmrstar/bmse011433/bmse011433.str
bmse011434,/Users/alfred/Documents/GitHub/DDLS_project/code/get_bmrb_data/bmrb_nmrstar/bmse011434/bmse011434.str
bmse011435,/Users/alfred/Documents/GitHub/DDLS_project/code/get_bmrb_data/bmrb_nmrstar/bmse011435/bmse011435.str
bmse011436,/Users/alfred/Documents/GitHub/DDLS_project/code/get_bmrb_data/bmrb_nmrstar/bmse011436/bmse011436.str
bmse011437,/Users/alfred/Documents/GitHub/DDLS_project/code/get_bmrb_data/bmrb_nmrstar/bmse011437/bmse011437.str
bmse011438,/Users/alfred/Documents/GitHub/DDLS_project/code/get_bmrb_data/bmrb_nmrstar/bmse011438/bmse011438.str
bmse011439,/Users/alfred/Documents/GitHub/DDLS_project/code/get_bmrb_data/bmrb_nmrstar/bmse011439/bmse011439.str
bmse011440,/Users/alfred/Documents/GitHub/DDLS_project/code/get_bmrb_data/bmrb_nmrstar/bmse011440/bmse011440.str
bmse011441,/Users/alfred/Documents/GitHub/DDLS_project/code/get_bmrb_data/bmrb_nmrstar/bmse011441/bmse011441.str
bmse011442,/Users/alfred/Documents/GitHub/DDLS_project/code/get_bmrb_data/bmrb_nmrstar/bmse011442/bmse011442.str
bmse011443,/Users/alfred/Documents/GitHub/DDLS_project/code/get_bmrb_data/bmrb_nmrstar/bmse011443/bmse011443.str
bmse011444,/Users/alfred/Documents/GitHub/DDLS_project/code/get_bmrb_data/bmrb_nmrstar/bmse011444/bmse011444.str
bmse011445,/Users/alfred/Documents/GitHub/DDLS_project/code/get_bmrb_data/bmrb_nmrstar/bmse011445/bmse011445.str
bmse011446,/Users/alfred/Documents/GitHub/DDLS_project/code/get_bmrb_data/bmrb_nmrstar/bmse011446/bmse011446.str
bmse011447,/Users/alfred/Documents/GitHub/DDLS_project/code/get_bmrb_data/bmrb_nmrstar/bmse011447/bmse011447.str
bmse011448,/Users/alfred/Documents/GitHub/DDLS_project/code/get_bmrb_data/bmrb_nmrstar/bmse011448/bmse011448.str
bmse011449,/Users/alfred/Documents/GitHub/DDLS_project/code/get_bmrb_data/bmrb_nmrstar/bmse011449/bmse011449.str
bmse011450,/Users/alfred/Documents/GitHub/DDLS_project/code/get_bmrb_data/bmrb_nmrstar/bmse011450/bmse011450.str
bmse011451,/Users/alfred/Documents/GitHub/DDLS_project/code/get_bmrb_data/bmrb_nmrstar/bmse011451/bmse011451.str
bmse011452,/Users/alfred/Documents/GitHub/DDLS_project/code/get_bmrb_data/bmrb_nmrstar/bmse011452/bmse011452.str
bmse011453,/Users/alfred/Documents/GitHub/DDLS_project/code/get_bmrb_data/bmrb_nmrstar/bmse011453/bmse011453.str
bmse011454,/Users/alfred/Documents/GitHub/DDLS_project/code/get_bmrb_data/bmrb_nmrstar/bmse011454/bmse011454.str
bmse011455,/Users/alfred/Documents/GitHub/DDLS_project/code/get_bmrb_data/bmrb_nmrstar/bmse011455/bmse011455.str
bmse011456,/Users/alfred/Documents/GitHub/DDLS_project/code/get_bmrb_data/bmrb_nmrstar/bmse011456/bmse011456.str
bmse011457,/Users/alfred/Documents/GitHub/DDLS_project/code/get_bmrb_data/bmrb_nmrstar/bmse011457/bmse011457.str
bmse011458,/Users/alfred/Documents/GitHub/DDLS_project/code/get_bmrb_data/bmrb_nmrstar/bmse011458/bmse011458.str
bmse011459,/Users/alfred/Documents/GitHub/DDLS_project/code/get_bmrb_data/bmrb_nmrstar/bmse011459/bmse011459.str
bmse011460,/Users/alfred/Documents/GitHub/DDLS_project/code/get_bmrb_data/bmrb_nmrstar/bmse011460/bmse011460.str
bmse011461,/Users/alfred/Documents/GitHub/DDLS_project/code/get_bmrb_data/bmrb_nmrstar/bmse011461/bmse011461.str
bmse011462,/Users/alfred/Documents/GitHub/DDLS_project/code/get_bmrb_data/bmrb_nmrstar/bmse011462/bmse011462.str
bmse011463,/Users/alfred/Documents/GitHub/DDLS_project/code/get_bmrb_data/bmrb_nmrstar/bmse011463/bmse011463.str
bmse011464,/Users/alfred/Documents/GitHub/DDLS_project/code/get_bmrb_data/bmrb_nmrstar/bmse011464/bmse011464.str
bmse011465,/Users/alfred/Documents/GitHub/DDLS_project/code/get_bmrb_data/bmrb_nmrstar/bmse011465/bmse011465.str
bmse011466,/Users/alfred/Documents/GitHub/DDLS_project/code/get_bmrb_data/bmrb_nmrstar/bmse011466/bmse011466.str
bmse011467,/Users/alfred/Documents/GitHub/DDLS_project/code/get_bmrb_data/bmrb_nmrstar/bmse011467/bmse011467.str
bmse011468,/Users/alfred/Documents/GitHub/DDLS_project/code/get_bmrb_data/bmrb_nmrstar/bmse011468/bmse011468.str
bmse011469,/Users/alfred/Documents/GitHub/DDLS_project/code/get_bmrb_data/bmrb_nmrstar/bmse011469/bmse011469.str
bmse011470,/Users/alfred/Documents/GitHub/DDLS_project/code/get_bmrb_data/bmrb_nmrstar/bmse011470/bmse011470.str
bmse011471,/Users/alfred/Documents/GitHub/DDLS_project/code/get_bmrb_data/bmrb_nmrstar/bmse011471/bmse011471.str
bmse011472,/Users/alfred/Documents/GitHub/DDLS_project/code/get_bmrb_data/bmrb_nmrstar/bmse011472/bmse011472.str
bmse011473,/Users/alfred/Documents/GitHub/DDLS_project/code/get_bmrb_data/bmrb_nmrstar/bmse011473/bmse011473.str
bmse011474,/Users/alfred/Documents/GitHub/DDLS_project/code/get_bmrb_data/bmrb_nmrstar/bmse011474/bmse011474.str
bmse011475,/Users/alfred/Documents/GitHub/DDLS_project/code/get_bmrb_data/bmrb_nmrstar/bmse011475/bmse011475.str
bmse011476,/Users/alfred/Documents/GitHub/DDLS_project/code/get_bmrb_data/bmrb_nmrstar/bmse011476/bmse011476.str
bmse011477,/Users/alfred/Documents/GitHub/DDLS_project/code/get_bmrb_data/bmrb_nmrstar/bmse011477/bmse011477.str
bmse011478,/Users/alfred/Documents/GitHub/DDLS_project/code/get_bmrb_data/bmrb_nmrstar/bmse011478/bmse011478.str
bmse011479,/Users/alfred/Documents/GitHub/DDLS_project/code/get_bmrb_data/bmrb_nmrstar/bmse011479/bmse011479.str
bmse011480,/Users/alfred/Documents/GitHub/DDLS_project/code/get_bmrb_data/bmrb_nmrstar/bmse011480/bmse011480.str
bmse011481,/Users/alfred/Documents/GitHub/DDLS_project/code/get_bmrb_data/bmrb_nmrstar/bmse011481/bmse011481.str
bmse011482,/Users/alfred/Documents/GitHub/DDLS_project/code/get_bmrb_data/bmrb_nmrstar/bmse011482/bmse011482.str
bmse011483,/Users/alfred/Documents/GitHub/DDLS_project/code/get_bmrb_data/bmrb_nmrstar/bmse011483/bmse011483.str
bmse011484,/Users/alfred/Documents/GitHub/DDLS_project/code/get_bmrb_data/bmrb_nmrstar/bmse011484/bmse011484.str
bmse011485,/Users/alfred/Documents/GitHub/DDLS_project/code/get_bmrb_data/bmrb_nmrstar/bmse011485/bmse011485.str
bmse011486,/Users/alfred/Documents/GitHub/DDLS_project/code/get_bmrb_data/bmrb_nmrstar/bmse011486/bmse011486.str
bmse011487,/Users/alfred/Documents/GitHub/DDLS_project/code/get_bmrb_data/bmrb_nmrstar/bmse011487/bmse011487.str
bmse011488,/Users/alfred/Documents/GitHub/DDLS_project/code/get_bmrb_data/bmrb_nmrstar/bmse011488/bmse011488.str
bmse011489,/Users/alfred/Documents/GitHub/DDLS_project/code/get_bmrb_data/bmrb_nmrstar/bmse011489/bmse011489.str
bmse011490,/Users/alfred/Documents/GitHub/DDLS_project/code/get_bmrb_data/bmrb_nmrstar/bmse011490/bmse011490.str
bmse011491,/Users/alfred/Documents/GitHub/DDLS_project/code/get_bmrb_data/bmrb_nmrstar/bmse011491/bmse011491.str
bmse011492,/Users/alfred/Documents/GitHub/DDLS_project/code/get_bmrb_data/bmrb_nmrstar/bmse011492/bmse011492.str
bmse011493,/Users/alfred/Documents/GitHub/DDLS_project/code/get_bmrb_data/bmrb_nmrstar/bmse011493/bmse011493.str
bmse011494,/Users/alfred/Documents/GitHub/DDLS_project/code/get_bmrb_data/bmrb_nmrstar/bmse011494/bmse011494.str
bmse011495,/Users/alfred/Documents/GitHub/DDLS_project/code/get_bmrb_data/bmrb_nmrstar/bmse011495/bmse011495.str
bmse011496,/Users/alfred/Documents/GitHub/DDLS_project/code/get_bmrb_data/bmrb_nmrstar/bmse011496/bmse011496.str
bmse011497,/Users/alfred/Documents/GitHub/DDLS_project/code/get_bmrb_data/bmrb_nmrstar/bmse011497/bmse011497.str
bmse011498,/Users/alfred/Documents/GitHub/DDLS_project/code/get_bmrb_data/bmrb_nmrstar/bmse011498/bmse011498.str
bmse011499,/Users/alfred/Documents/GitHub/DDLS_project/code/get_bmrb_data/bmrb_nmrstar/bmse011499/bmse011499.str
bmse011500,/Users/alfred/Documents/GitHub/DDLS_project/code/get_bmrb_data/bmrb_nmrstar/bmse011500/bmse011500.str
bmse011501,/Users/alfred/Documents/GitHub/DDLS_project/code/get_bmrb_data/bmrb_nmrstar/bmse011501/bmse011501.str
bmse011502,/Users/alfred/Documents/GitHub/DDLS_project/code/get_bmrb_data/bmrb_nmrstar/bmse011502/bmse011502.str
bmse011503,/Users/alfred/Documents/GitHub/DDLS_project/code/get_bmrb_data/bmrb_nmrstar/bmse011503/bmse011503.str
bmse011504,/Users/alfred/Documents/GitHub/DDLS_project/code/get_bmrb_data/bmrb_nmrstar/bmse011504/bmse011504.str
bmse011505,/Users/alfred/Documents/GitHub/DDLS_project/code/get_bmrb_data/bmrb_nmrstar/bmse011505/bmse011505.str
bmse011506,/Users/alfred/Documents/GitHub/DDLS_project/code/get_bmrb_data/bmrb_nmrstar/bmse011506/bmse011506.str
bmse011507,/Users/alfred/Documents/GitHub/DDLS_project/code/get_bmrb_data/bmrb_nmrstar/bmse011507/bmse011507.str
bmse011508,/Users/alfred/Documents/GitHub/DDLS_project/code/get_bmrb_data/bmrb_nmrstar/bmse011508/bmse011508.str
bmse011509,/Users/alfred/Documents/GitHub/DDLS_project/code/get_bmrb_data/bmrb_nmrstar/bmse011509/bmse011509.str
bmse011510,/Users/alfred/Documents/GitHub/DDLS_project/code/get_bmrb_data/bmrb_nmrstar/bmse011510/bmse011510.str
bmse011511,/Users/alfred/Documents/GitHub/DDLS_project/code/get_bmrb_data/bmrb_nmrstar/bmse011511/bmse011511.str
bmse011512,/Users/alfred/Documents/GitHub/DDLS_project/code/get_bmrb_data/bmrb_nmrstar/bmse011512/bmse011512.str
bmse011513,/Users/alfred/Documents/GitHub/DDLS_project/code/get_bmrb_data/bmrb_nmrstar/bmse011513/bmse011513.str
bmse011514,/Users/alfred/Documents/GitHub/DDLS_project/code/get_bmrb_data/bmrb_nmrstar/bmse011514/bmse011514.str
bmse011515,/Users/alfred/Documents/GitHub/DDLS_project/code/get_bmrb_data/bmrb_nmrstar/bmse011515/bmse011515.str
bmse011516,/Users/alfred/Documents/GitHub/DDLS_project/code/get_bmrb_data/bmrb_nmrstar/bmse011516/bmse011516.str
bmse011517,/Users/alfred/Documents/GitHub/DDLS_project/code/get_bmrb_data/bmrb_nmrstar/bmse011517/bmse011517.str
bmse011518,/Users/alfred/Documents/GitHub/DDLS_project/code/get_bmrb_data/bmrb_nmrstar/bmse011518/bmse011518.str
bmse011519,/Users/alfred/Documents/GitHub/DDLS_project/code/get_bmrb_data/bmrb_nmrstar/bmse011519/bmse011519.str
bmse011520,/Users/alfred/Documents/GitHub/DDLS_project/code/get_bmrb_data/bmrb_nmrstar/bmse011520/bmse011520.str
bmse011521,/Users/alfred/Documents/GitHub/DDLS_project/code/get_bmrb_data/bmrb_nmrstar/bmse011521/bmse011521.str
bmse011522,/Users/alfred/Documents/GitHub/DDLS_project/code/get_bmrb_data/bmrb_nmrstar/bmse011522/bmse011522.str
bmse011523,/Users/alfred/Documents/GitHub/DDLS_project/code/get_bmrb_data/bmrb_nmrstar/bmse011523/bmse011523.str
bmse011524,/Users/alfred/Documents/GitHub/DDLS_project/code/get_bmrb_data/bmrb_nmrstar/bmse011524/bmse011524.str
bmse011525,/Users/alfred/Documents/GitHub/DDLS_project/code/get_bmrb_data/bmrb_nmrstar/bmse011525/bmse011525.str
bmse011526,/Users/alfred/Documents/GitHub/DDLS_project/code/get_bmrb_data/bmrb_nmrstar/bmse011526/bmse011526.str
bmse011527,/Users/alfred/Documents/GitHub/DDLS_project/code/get_bmrb_data/bmrb_nmrstar/bmse011527/bmse011527.str
bmse011528,/Users/alfred/Documents/GitHub/DDLS_project/code/get_bmrb_data/bmrb_nmrstar/bmse011528/bmse011528.str
bmse011529,/Users/alfred/Documents/GitHub/DDLS_project/code/get_bmrb_data/bmrb_nmrstar/bmse011529/bmse011529.str
bmse011530,/Users/alfred/Documents/GitHub/DDLS_project/code/get_bmrb_data/bmrb_nmrstar/bmse011530/bmse011530.str
bmse011531,/Users/alfred/Documents/GitHub/DDLS_project/code/get_bmrb_data/bmrb_nmrstar/bmse011531/bmse011531.str
bmse011532,/Users/alfred/Documents/GitHub/DDLS_project/code/get_bmrb_data/bmrb_nmrstar/bmse011532/bmse011532.str
bmse011533,/Users/alfred/Documents/GitHub/DDLS_project/code/get_bmrb_data/bmrb_nmrstar/bmse011533/bmse011533.str
bmse011534,/Users/alfred/Documents/GitHub/DDLS_project/code/get_bmrb_data/bmrb_nmrstar/bmse011534/bmse011534.str
bmse011535,/Users/alfred/Documents/GitHub/DDLS_project/code/get_bmrb_data/bmrb_nmrstar/bmse011535/bmse011535.str
bmse011536,/Users/alfred/Documents/GitHub/DDLS_project/code/get_bmrb_data/bmrb_nmrstar/bmse011536/bmse011536.str
bmse011537,/Users/alfred/Documents/GitHub/DDLS_project/code/get_bmrb_data/bmrb_nmrstar/bmse011537/bmse011537.str
bmse011538,/Users/alfred/Documents/GitHub/DDLS_project/code/get_bmrb_data/bmrb_nmrstar/bmse011538/bmse011538.str
bmse011539,/Users/alfred/Documents/GitHub/DDLS_project/code/get_bmrb_data/bmrb_nmrstar/bmse011539/bmse011539.str
bmse011540,/Users/alfred/Documents/GitHub/DDLS_project/code/get_bmrb_data/bmrb_nmrstar/bmse011540/bmse011540.str
bmse011541,/Users/alfred/Documents/GitHub/DDLS_project/code/get_bmrb_data/bmrb_nmrstar/bmse011541/bmse011541.str
bmse011542,/Users/alfred/Documents/GitHub/DDLS_project/code/get_bmrb_data/bmrb_nmrstar/bmse011542/bmse011542.str
bmse011543,/Users/alfred/Documents/GitHub/DDLS_project/code/get_bmrb_data/bmrb_nmrstar/bmse011543/bmse011543.str
bmse011544,/Users/alfred/Documents/GitHub/DDLS_project/code/get_bmrb_data/bmrb_nmrstar/bmse011544/bmse011544.str
bmse011545,/Users/alfred/Documents/GitHub/DDLS_project/code/get_bmrb_data/bmrb_nmrstar/bmse011545/bmse011545.str
bmse011546,/Users/alfred/Documents/GitHub/DDLS_project/code/get_bmrb_data/bmrb_nmrstar/bmse011546/bmse011546.str
bmse011547,/Users/alfred/Documents/GitHub/DDLS_project/code/get_bmrb_data/bmrb_nmrstar/bmse011547/bmse011547.str
bmse011548,/Users/alfred/Documents/GitHub/DDLS_project/code/get_bmrb_data/bmrb_nmrstar/bmse011548/bmse011548.str
bmse011549,/Users/alfred/Documents/GitHub/DDLS_project/code/get_bmrb_data/bmrb_nmrstar/bmse011549/bmse011549.str
bmse011550,/Users/alfred/Documents/GitHub/DDLS_project/code/get_bmrb_data/bmrb_nmrstar/bmse011550/bmse011550.str
bmse011551,/Users/alfred/Documents/GitHub/DDLS_project/code/get_bmrb_data/bmrb_nmrstar/bmse011551/bmse011551.str
bmse011552,/Users/alfred/Documents/GitHub/DDLS_project/code/get_bmrb_data/bmrb_nmrstar/bmse011552/bmse011552.str
bmse011553,/Users/alfred/Documents/GitHub/DDLS_project/code/get_bmrb_data/bmrb_nmrstar/bmse011553/bmse011553.str
bmse011554,/Users/alfred/Documents/GitHub/DDLS_project/code/get_bmrb_data/bmrb_nmrstar/bmse011554/bmse011554.str
bmse011555,/Users/alfred/Documents/GitHub/DDLS_project/code/get_bmrb_data/bmrb_nmrstar/bmse011555/bmse011555.str
bmse011556,/Users/alfred/Documents/GitHub/DDLS_project/code/get_bmrb_data/bmrb_nmrstar/bmse011556/bmse011556.str
bmse011557,/Users/alfred/Documents/GitHub/DDLS_project/code/get_bmrb_data/bmrb_nmrstar/bmse011557/bmse011557.str
bmse011558,/Users/alfred/Documents/GitHub/DDLS_project/code/get_bmrb_data/bmrb_nmrstar/bmse011558/bmse011558.str
bmse011559,/Users/alfred/Documents/GitHub/DDLS_project/code/get_bmrb_data/bmrb_nmrstar/bmse011559/bmse011559.str
bmse011560,/Users/alfred/Documents/GitHub/DDLS_project/code/get_bmrb_data/bmrb_nmrstar/bmse011560/bmse011560.str
bmse011561,/Users/alfred/Documents/GitHub/DDLS_project/code/get_bmrb_data/bmrb_nmrstar/bmse011561/bmse011561.str
bmse011562,/Users/alfred/Documents/GitHub/DDLS_project/code/get_bmrb_data/bmrb_nmrstar/bmse011562/bmse011562.str
bmse011563,/Users/alfred/Documents/GitHub/DDLS_project/code/get_bmrb_data/bmrb_nmrstar/bmse011563/bmse011563.str
bmse011564,/Users/alfred/Documents/GitHub/DDLS_project/code/get_bmrb_data/bmrb_nmrstar/bmse011564/bmse011564.str
bmse011565,/Users/alfred/Documents/GitHub/DDLS_project/code/get_bmrb_data/bmrb_nmrstar/bmse011565/bmse011565.str
bmse011566,/Users/alfred/Documents/GitHub/DDLS_project/code/get_bmrb_data/bmrb_nmrstar/bmse011566/bmse011566.str
bmse011567,/Users/alfred/Documents/GitHub/DDLS_project/code/get_bmrb_data/bmrb_nmrstar/bmse011567/bmse011567.str
bmse011568,/Users/alfred/Documents/GitHub/DDLS_project/code/get_bmrb_data/bmrb_nmrstar/bmse011568/bmse011568.str
bmse011569,/Users/alfred/Documents/GitHub/DDLS_project/code/get_bmrb_data/bmrb_nmrstar/bmse011569/bmse011569.str
bmse011570,/Users/alfred/Documents/GitHub/DDLS_project/code/get_bmrb_data/bmrb_nmrstar/bmse011570/bmse011570.str
bmse011571,/Users/alfred/Documents/GitHub/DDLS_project/code/get_bmrb_data/bmrb_nmrstar/bmse011571/bmse011571.str
bmse011572,/Users/alfred/Documents/GitHub/DDLS_project/code/get_bmrb_data/bmrb_nmrstar/bmse011572/bmse011572.str
bmse011573,/Users/alfred/Documents/GitHub/DDLS_project/code/get_bmrb_data/bmrb_nmrstar/bmse011573/bmse011573.str
bmse011574,/Users/alfred/Documents/GitHub/DDLS_project/code/get_bmrb_data/bmrb_nmrstar/bmse011574/bmse011574.str
bmse011575,/Users/alfred/Documents/GitHub/DDLS_project/code/get_bmrb_data/bmrb_nmrstar/bmse011575/bmse011575.str
bmse011576,/Users/alfred/Documents/GitHub/DDLS_project/code/get_bmrb_data/bmrb_nmrstar/bmse011576/bmse011576.str
bmse011577,/Users/alfred/Documents/GitHub/DDLS_project/code/get_bmrb_data/bmrb_nmrstar/bmse011577/bmse011577.str
bmse011578,/Users/alfred/Documents/GitHub/DDLS_project/code/get_bmrb_data/bmrb_nmrstar/bmse011578/bmse011578.str
bmse011579,/Users/alfred/Documents/GitHub/DDLS_project/code/get_bmrb_data/bmrb_nmrstar/bmse011579/bmse011579.str
bmse011580,/Users/alfred/Documents/GitHub/DDLS_project/code/get_bmrb_data/bmrb_nmrstar/bmse011580/bmse011580.str
bmse011581,/Users/alfred/Documents/GitHub/DDLS_project/code/get_bmrb_data/bmrb_nmrstar/bmse011581/bmse011581.str
bmse011582,/Users/alfred/Documents/GitHub/DDLS_project/code/get_bmrb_data/bmrb_nmrstar/bmse011582/bmse011582.str
bmse011583,/Users/alfred/Documents/GitHub/DDLS_project/code/get_bmrb_data/bmrb_nmrstar/bmse011583/bmse011583.str
bmse011584,/Users/alfred/Documents/GitHub/DDLS_project/code/get_bmrb_data/bmrb_nmrstar/bmse011584/bmse011584.str
bmse011585,/Users/alfred/Documents/GitHub/DDLS_project/code/get_bmrb_data/bmrb_nmrstar/bmse011585/bmse011585.str
bmse011586,/Users/alfred/Documents/GitHub/DDLS_project/code/get_bmrb_data/bmrb_nmrstar/bmse011586/bmse011586.str
bmse011587,/Users/alfred/Documents/GitHub/DDLS_project/code/get_bmrb_data/bmrb_nmrstar/bmse011587/bmse011587.str
bmse011588,/Users/alfred/Documents/GitHub/DDLS_project/code/get_bmrb_data/bmrb_nmrstar/bmse011588/bmse011588.str
bmse011589,/Users/alfred/Documents/GitHub/DDLS_project/code/get_bmrb_data/bmrb_nmrstar/bmse011589/bmse011589.str
bmse011590,/Users/alfred/Documents/GitHub/DDLS_project/code/get_bmrb_data/bmrb_nmrstar/bmse011590/bmse011590.str
bmse011591,/Users/alfred/Documents/GitHub/DDLS_project/code/get_bmrb_data/bmrb_nmrstar/bmse011591/bmse011591.str
bmse011592,/Users/alfred/Documents/GitHub/DDLS_project/code/get_bmrb_data/bmrb_nmrstar/bmse011592/bmse011592.str
bmse011593,/Users/alfred/Documents/GitHub/DDLS_project/code/get_bmrb_data/bmrb_nmrstar/bmse011593/bmse011593.str
bmse011594,/Users/alfred/Documents/GitHub/DDLS_project/code/get_bmrb_data/bmrb_nmrstar/bmse011594/bmse011594.str
bmse011595,/Users/alfred/Documents/GitHub/DDLS_project/code/get_bmrb_data/bmrb_nmrstar/bmse011595/bmse011595.str
bmse011596,/Users/alfred/Documents/GitHub/DDLS_project/code/get_bmrb_data/bmrb_nmrstar/bmse011596/bmse011596.str
bmse011597,/Users/alfred/Documents/GitHub/DDLS_project/code/get_bmrb_data/bmrb_nmrstar/bmse011597/bmse011597.str
bmse011598,/Users/alfred/Documents/GitHub/DDLS_project/code/get_bmrb_data/bmrb_nmrstar/bmse011598/bmse011598.str
bmse011599,/Users/alfred/Documents/GitHub/DDLS_project/code/get_bmrb_data/bmrb_nmrstar/bmse011599/bmse011599.str
bmse011600,/Users/alfred/Documents/GitHub/DDLS_project/code/get_bmrb_data/bmrb_nmrstar/bmse011600/bmse011600.str
bmse011601,/Users/alfred/Documents/GitHub/DDLS_project/code/get_bmrb_data/bmrb_nmrstar/bmse011601/bmse011601.str
bmse011602,/Users/alfred/Documents/GitHub/DDLS_project/code/get_bmrb_data/bmrb_nmrstar/bmse011602/bmse011602.str
bmse011603,/Users/alfred/Documents/GitHub/DDLS_project/code/get_bmrb_data/bmrb_nmrstar/bmse011603/bmse011603.str
bmse011604,/Users/alfred/Documents/GitHub/DDLS_project/code/get_bmrb_data/bmrb_nmrstar/bmse011604/bmse011604.str
bmse011605,/Users/alfred/Documents/GitHub/DDLS_project/code/get_bmrb_data/bmrb_nmrstar/bmse011605/bmse011605.str
bmse011606,/Users/alfred/Documents/GitHub/DDLS_project/code/get_bmrb_data/bmrb_nmrstar/bmse011606/bmse011606.str
bmse011607,/Users/alfred/Documents/GitHub/DDLS_project/code/get_bmrb_data/bmrb_nmrstar/bmse011607/bmse011607.str
bmse011608,/Users/alfred/Documents/GitHub/DDLS_project/code/get_bmrb_data/bmrb_nmrstar/bmse011608/bmse011608.str
bmse011609,/Users/alfred/Documents/GitHub/DDLS_project/code/get_bmrb_data/bmrb_nmrstar/bmse011609/bmse011609.str
bmse011610,/Users/alfred/Documents/GitHub/DDLS_project/code/get_bmrb_data/bmrb_nmrstar/bmse011610/bmse011610.str
bmse011611,/Users/alfred/Documents/GitHub/DDLS_project/code/get_bmrb_data/bmrb_nmrstar/bmse011611/bmse011611.str
bmse011612,/Users/alfred/Documents/GitHub/DDLS_project/code/get_bmrb_data/bmrb_nmrstar/bmse011612/bmse011612.str
bmse011613,/Users/alfred/Documents/GitHub/DDLS_project/code/get_bmrb_data/bmrb_nmrstar/bmse011613/bmse011613.str
bmse011614,/Users/alfred/Documents/GitHub/DDLS_project/code/get_bmrb_data/bmrb_nmrstar/bmse011614/bmse011614.str
bmse011615,/Users/alfred/Documents/GitHub/DDLS_project/code/get_bmrb_data/bmrb_nmrstar/bmse011615/bmse011615.str
bmse011616,/Users/alfred/Documents/GitHub/DDLS_project/code/get_bmrb_data/bmrb_nmrstar/bmse011616/bmse011616.str
bmse011617,/Users/alfred/Documents/GitHub/DDLS_project/code/get_bmrb_data/bmrb_nmrstar/bmse011617/bmse011617.str
bmse011618,/Users/alfred/Documents/GitHub/DDLS_project/code/get_bmrb_data/bmrb_nmrstar/bmse011618/bmse011618.str
bmse011619,/Users/alfred/Documents/GitHub/DDLS_project/code/get_bmrb_data/bmrb_nmrstar/bmse011619/bmse011619.str
bmse011620,/Users/alfred/Documents/GitHub/DDLS_project/code/get_bmrb_data/bmrb_nmrstar/bmse011620/bmse011620.str
bmse011621,/Users/alfred/Documents/GitHub/DDLS_project/code/get_bmrb_data/bmrb_nmrstar/bmse011621/bmse011621.str
bmse011622,/Users/alfred/Documents/GitHub/DDLS_project/code/get_bmrb_data/bmrb_nmrstar/bmse011622/bmse011622.str
bmse011623,/Users/alfred/Documents/GitHub/DDLS_project/code/get_bmrb_data/bmrb_nmrstar/bmse011623/bmse011623.str
bmse011624,/Users/alfred/Documents/GitHub/DDLS_project/code/get_bmrb_data/bmrb_nmrstar/bmse011624/bmse011624.str
bmse011625,/Users/alfred/Documents/GitHub/DDLS_project/code/get_bmrb_data/bmrb_nmrstar/bmse011625/bmse011625.str
bmse011626,/Users/alfred/Documents/GitHub/DDLS_project/code/get_bmrb_data/bmrb_nmrstar/bmse011626/bmse011626.str
bmse011627,/Users/alfred/Documents/GitHub/DDLS_project/code/get_bmrb_data/bmrb_nmrstar/bmse011627/bmse011627.str
bmse011628,/Users/alfred/Documents/GitHub/DDLS_project/code/get_bmrb_data/bmrb_nmrstar/bmse011628/bmse011628.str
bmse011629,/Users/alfred/Documents/GitHub/DDLS_project/code/get_bmrb_data/bmrb_nmrstar/bmse011629/bmse011629.str
bmse011630,/Users/alfred/Documents/GitHub/DDLS_project/code/get_bmrb_data/bmrb_nmrstar/bmse011630/bmse011630.str
bmse011631,/Users/alfred/Documents/GitHub/DDLS_project/code/get_bmrb_data/bmrb_nmrstar/bmse011631/bmse011631.str
bmse011632,/Users/alfred/Documents/GitHub/DDLS_project/code/get_bmrb_data/bmrb_nmrstar/bmse011632/bmse011632.str
bmse011633,/Users/alfred/Documents/GitHub/DDLS_project/code/get_bmrb_data/bmrb_nmrstar/bmse011633/bmse011633.str
bmse011634,/Users/alfred/Documents/GitHub/DDLS_project/code/get_bmrb_data/bmrb_nmrstar/bmse011634/bmse011634.str
bmse011635,/Users/alfred/Documents/GitHub/DDLS_project/code/get_bmrb_data/bmrb_nmrstar/bmse011635/bmse011635.str
bmse011636,/Users/alfred/Documents/GitHub/DDLS_project/code/get_bmrb_data/bmrb_nmrstar/bmse011636/bmse011636.str
bmse011637,/Users/alfred/Documents/GitHub/DDLS_project/code/get_bmrb_data/bmrb_nmrstar/bmse011637/bmse011637.str
bmse011638,/Users/alfred/Documents/GitHub/DDLS_project/code/get_bmrb_data/bmrb_nmrstar/bmse011638/bmse011638.str
bmse011639,/Users/alfred/Documents/GitHub/DDLS_project/code/get_bmrb_data/bmrb_nmrstar/bmse011639/bmse011639.str
bmse011640,/Users/alfred/Documents/GitHub/DDLS_project/code/get_bmrb_data/bmrb_nmrstar/bmse011640/bmse011640.str
bmse011641,/Users/alfred/Documents/GitHub/DDLS_project/code/get_bmrb_data/bmrb_nmrstar/bmse011641/bmse011641.str
bmse011642,/Users/alfred/Documents/GitHub/DDLS_project/code/get_bmrb_data/bmrb_nmrstar/bmse011642/bmse011642.str
bmse011643,/Users/alfred/Documents/GitHub/DDLS_project/code/get_bmrb_data/bmrb_nmrstar/bmse011643/bmse011643.str
bmse011644,/Users/alfred/Documents/GitHub/DDLS_project/code/get_bmrb_data/bmrb_nmrstar/bmse011644/bmse011644.str
bmse011645,/Users/alfred/Documents/GitHub/DDLS_project/code/get_bmrb_data/bmrb_nmrstar/bmse011645/bmse011645.str
bmse011646,/Users/alfred/Documents/GitHub/DDLS_project/code/get_bmrb_data/bmrb_nmrstar/bmse011646/bmse011646.str
bmse011647,/Users/alfred/Documents/GitHub/DDLS_project/code/get_bmrb_data/bmrb_nmrstar/bmse011647/bmse011647.str
bmse011648,/Users/alfred/Documents/GitHub/DDLS_project/code/get_bmrb_data/bmrb_nmrstar/bmse011648/bmse011648.str
bmse011649,/Users/alfred/Documents/GitHub/DDLS_project/code/get_bmrb_data/bmrb_nmrstar/bmse011649/bmse011649.str
bmse011650,/Users/alfred/Documents/GitHub/DDLS_project/code/get_bmrb_data/bmrb_nmrstar/bmse011650/bmse011650.str
bmse011651,/Users/alfred/Documents/GitHub/DDLS_project/code/get_bmrb_data/bmrb_nmrstar/bmse011651/bmse011651.str
bmse011652,/Users/alfred/Documents/GitHub/DDLS_project/code/get_bmrb_data/bmrb_nmrstar/bmse011652/bmse011652.str
bmse011653,/Users/alfred/Documents/GitHub/DDLS_project/code/get_bmrb_data/bmrb_nmrstar/bmse011653/bmse011653.str
bmse011654,/Users/alfred/Documents/GitHub/DDLS_project/code/get_bmrb_data/bmrb_nmrstar/bmse011654/bmse011654.str
bmse011655,/Users/alfred/Documents/GitHub/DDLS_project/code/get_bmrb_data/bmrb_nmrstar/bmse011655/bmse011655.str
bmse011656,/Users/alfred/Documents/GitHub/DDLS_project/code/get_bmrb_data/bmrb_nmrstar/bmse011656/bmse011656.str
bmse011657,/Users/alfred/Documents/GitHub/DDLS_project/code/get_bmrb_data/bmrb_nmrstar/bmse011657/bmse011657.str
bmse011658,/Users/alfred/Documents/GitHub/DDLS_project/code/get_bmrb_data/bmrb_nmrstar/bmse011658/bmse011658.str
bmse011659,/Users/alfred/Documents/GitHub/DDLS_project/code/get_bmrb_data/bmrb_nmrstar/bmse011659/bmse011659.str
bmse011660,/Users/alfred/Documents/GitHub/DDLS_project/code/get_bmrb_data/bmrb_nmrstar/bmse011660/bmse011660.str
bmse011661,/Users/alfred/Documents/GitHub/DDLS_project/code/get_bmrb_data/bmrb_nmrstar/bmse011661/bmse011661.str
bmse011662,/Users/alfred/Documents/GitHub/DDLS_project/code/get_bmrb_data/bmrb_nmrstar/bmse011662/bmse011662.str
bmse011663,/Users/alfred/Documents/GitHub/DDLS_project/code/get_bmrb_data/bmrb_nmrstar/bmse011663/bmse011663.str
bmse011664,/Users/alfred/Documents/GitHub/DDLS_project/code/get_bmrb_data/bmrb_nmrstar/bmse011664/bmse011664.str
bmse011665,/Users/alfred/Documents/GitHub/DDLS_project/code/get_bmrb_data/bmrb_nmrstar/bmse011665/bmse011665.str
bmse011666,/Users/alfred/Documents/GitHub/DDLS_project/code/get_bmrb_data/bmrb_nmrstar/bmse011666/bmse011666.str
bmse011667,/Users/alfred/Documents/GitHub/DDLS_project/code/get_bmrb_data/bmrb_nmrstar/bmse011667/bmse011667.str
bmse011668,/Users/alfred/Documents/GitHub/DDLS_project/code/get_bmrb_data/bmrb_nmrstar/bmse011668/bmse011668.str
bmse011669,/Users/alfred/Documents/GitHub/DDLS_project/code/get_bmrb_data/bmrb_nmrstar/bmse011669/bmse011669.str
bmse011670,/Users/alfred/Documents/GitHub/DDLS_project/code/get_bmrb_data/bmrb_nmrstar/bmse011670/bmse011670.str
bmse011671,/Users/alfred/Documents/GitHub/DDLS_project/code/get_bmrb_data/bmrb_nmrstar/bmse011671/bmse011671.str
bmse011672,/Users/alfred/Documents/GitHub/DDLS_project/code/get_bmrb_data/bmrb_nmrstar/bmse011672/bmse011672.str
bmse011673,/Users/alfred/Documents/GitHub/DDLS_project/code/get_bmrb_data/bmrb_nmrstar/bmse011673/bmse011673.str
bmse011674,/Users/alfred/Documents/GitHub/DDLS_project/code/get_bmrb_data/bmrb_nmrstar/bmse011674/bmse011674.str
bmse011675,/Users/alfred/Documents/GitHub/DDLS_project/code/get_bmrb_data/bmrb_nmrstar/bmse011675/bmse011675.str
bmse011676,/Users/alfred/Documents/GitHub/DDLS_project/code/get_bmrb_data/bmrb_nmrstar/bmse011676/bmse011676.str
bmse011677,/Users/alfred/Documents/GitHub/DDLS_project/code/get_bmrb_data/bmrb_nmrstar/bmse011677/bmse011677.str
bmse011678,/Users/alfred/Documents/GitHub/DDLS_project/code/get_bmrb_data/bmrb_nmrstar/bmse011678/bmse011678.str
bmse011679,/Users/alfred/Documents/GitHub/DDLS_project/code/get_bmrb_data/bmrb_nmrstar/bmse011679/bmse011679.str
bmse011680,/Users/alfred/Documents/GitHub/DDLS_project/code/get_bmrb_data/bmrb_nmrstar/bmse011680/bmse011680.str
bmse011681,/Users/alfred/Documents/GitHub/DDLS_project/code/get_bmrb_data/bmrb_nmrstar/bmse011681/bmse011681.str
bmse011682,/Users/alfred/Documents/GitHub/DDLS_project/code/get_bmrb_data/bmrb_nmrstar/bmse011682/bmse011682.str
bmse011683,/Users/alfred/Documents/GitHub/DDLS_project/code/get_bmrb_data/bmrb_nmrstar/bmse011683/bmse011683.str
bmse011684,/Users/alfred/Documents/GitHub/DDLS_project/code/get_bmrb_data/bmrb_nmrstar/bmse011684/bmse011684.str
bmse011685,/Users/alfred/Documents/GitHub/DDLS_project/code/get_bmrb_data/bmrb_nmrstar/bmse011685/bmse011685.str
bmse011686,/Users/alfred/Documents/GitHub/DDLS_project/code/get_bmrb_data/bmrb_nmrstar/bmse011686/bmse011686.str
bmse011687,/Users/alfred/Documents/GitHub/DDLS_project/code/get_bmrb_data/bmrb_nmrstar/bmse011687/bmse011687.str
bmse011688,/Users/alfred/Documents/GitHub/DDLS_project/code/get_bmrb_data/bmrb_nmrstar/bmse011688/bmse011688.str
bmse011689,/Users/alfred/Documents/GitHub/DDLS_project/code/get_bmrb_data/bmrb_nmrstar/bmse011689/bmse011689.str
bmse011690,/Users/alfred/Documents/GitHub/DDLS_project/code/get_bmrb_data/bmrb_nmrstar/bmse011690/bmse011690.str
bmse011691,/Users/alfred/Documents/GitHub/DDLS_project/code/get_bmrb_data/bmrb_nmrstar/bmse011691/bmse011691.str
bmse011692,/Users/alfred/Documents/GitHub/DDLS_project/code/get_bmrb_data/bmrb_nmrstar/bmse011692/bmse011692.str
bmse011693,/Users/alfred/Documents/GitHub/DDLS_project/code/get_bmrb_data/bmrb_nmrstar/bmse011693/bmse011693.str
bmse011694,/Users/alfred/Documents/GitHub/DDLS_project/code/get_bmrb_data/bmrb_nmrstar/bmse011694/bmse011694.str
bmse011695,/Users/alfred/Documents/GitHub/DDLS_project/code/get_bmrb_data/bmrb_nmrstar/bmse011695/bmse011695.str
bmse011696,/Users/alfred/Documents/GitHub/DDLS_project/code/get_bmrb_data/bmrb_nmrstar/bmse011696/bmse011696.str
bmse011697,/Users/alfred/Documents/GitHub/DDLS_project/code/get_bmrb_data/bmrb_nmrstar/bmse011697/bmse011697.str
bmse011698,/Users/alfred/Documents/GitHub/DDLS_project/code/get_bmrb_data/bmrb_nmrstar/bmse011698/bmse011698.str
bmse011699,/Users/alfred/Documents/GitHub/DDLS_project/code/get_bmrb_data/bmrb_nmrstar/bmse011699/bmse011699.str
bmse011700,/Users/alfred/Documents/GitHub/DDLS_project/code/get_bmrb_data/bmrb_nmrstar/bmse011700/bmse011700.str
bmse011701,/Users/alfred/Documents/GitHub/DDLS_project/code/get_bmrb_data/bmrb_nmrstar/bmse011701/bmse011701.str
bmse011702,/Users/alfred/Documents/GitHub/DDLS_project/code/get_bmrb_data/bmrb_nmrstar/bmse011702/bmse011702.str
bmse011703,/Users/alfred/Documents/GitHub/DDLS_project/code/get_bmrb_data/bmrb_nmrstar/bmse011703/bmse011703.str
bmse011704,/Users/alfred/Documents/GitHub/DDLS_project/code/get_bmrb_data/bmrb_nmrstar/bmse011704/bmse011704.str
bmse011705,/Users/alfred/Documents/GitHub/DDLS_project/code/get_bmrb_data/bmrb_nmrstar/bmse011705/bmse011705.str
bmse011706,/Users/alfred/Documents/GitHub/DDLS_project/code/get_bmrb_data/bmrb_nmrstar/bmse011706/bmse011706.str
bmse011707,/Users/alfred/Documents/GitHub/DDLS_project/code/get_bmrb_data/bmrb_nmrstar/bmse011707/bmse011707.str
bmse011708,/Users/alfred/Documents/GitHub/DDLS_project/code/get_bmrb_data/bmrb_nmrstar/bmse011708/bmse011708.str
bmse011709,/Users/alfred/Documents/GitHub/DDLS_project/code/get_bmrb_data/bmrb_nmrstar/bmse011709/bmse011709.str
bmse011710,/Users/alfred/Documents/GitHub/DDLS_project/code/get_bmrb_data/bmrb_nmrstar/bmse011710/bmse011710.str
bmse011711,/Users/alfred/Documents/GitHub/DDLS_project/code/get_bmrb_data/bmrb_nmrstar/bmse011711/bmse011711.str
bmse011712,/Users/alfred/Documents/GitHub/DDLS_project/code/get_bmrb_data/bmrb_nmrstar/bmse011712/bmse011712.str
bmse011713,/Users/alfred/Documents/GitHub/DDLS_project/code/get_bmrb_data/bmrb_nmrstar/bmse011713/bmse011713.str
bmse011714,/Users/alfred/Documents/GitHub/DDLS_project/code/get_bmrb_data/bmrb_nmrstar/bmse011714/bmse011714.str
bmse011715,/Users/alfred/Documents/GitHub/DDLS_project/code/get_bmrb_data/bmrb_nmrstar/bmse011715/bmse011715.str
bmse011716,/Users/alfred/Documents/GitHub/DDLS_project/code/get_bmrb_data/bmrb_nmrstar/bmse011716/bmse011716.str
bmse011717,/Users/alfred/Documents/GitHub/DDLS_project/code/get_bmrb_data/bmrb_nmrstar/bmse011717/bmse011717.str
bmse011718,/Users/alfred/Documents/GitHub/DDLS_project/code/get_bmrb_data/bmrb_nmrstar/bmse011718/bmse011718.str
bmse011719,/Users/alfred/Documents/GitHub/DDLS_project/code/get_bmrb_data/bmrb_nmrstar/bmse011719/bmse011719.str
bmse011720,/Users/alfred/Documents/GitHub/DDLS_project/code/get_bmrb_data/bmrb_nmrstar/bmse011720/bmse011720.str
bmse011721,/Users/alfred/Documents/GitHub/DDLS_project/code/get_bmrb_data/bmrb_nmrstar/bmse011721/bmse011721.str
bmse011722,/Users/alfred/Documents/GitHub/DDLS_project/code/get_bmrb_data/bmrb_nmrstar/bmse011722/bmse011722.str
bmse011723,/Users/alfred/Documents/GitHub/DDLS_project/code/get_bmrb_data/bmrb_nmrstar/bmse011723/bmse011723.str
bmse011724,/Users/alfred/Documents/GitHub/DDLS_project/code/get_bmrb_data/bmrb_nmrstar/bmse011724/bmse011724.str
bmse011725,/Users/alfred/Documents/GitHub/DDLS_project/code/get_bmrb_data/bmrb_nmrstar/bmse011725/bmse011725.str
bmse011726,/Users/alfred/Documents/GitHub/DDLS_project/code/get_bmrb_data/bmrb_nmrstar/bmse011726/bmse011726.str
bmse011727,/Users/alfred/Documents/GitHub/DDLS_project/code/get_bmrb_data/bmrb_nmrstar/bmse011727/bmse011727.str
bmse011728,/Users/alfred/Documents/GitHub/DDLS_project/code/get_bmrb_data/bmrb_nmrstar/bmse011728/bmse011728.str
bmse011729,/Users/alfred/Documents/GitHub/DDLS_project/code/get_bmrb_data/bmrb_nmrstar/bmse011729/bmse011729.str
bmse011730,/Users/alfred/Documents/GitHub/DDLS_project/code/get_bmrb_data/bmrb_nmrstar/bmse011730/bmse011730.str
bmse011731,/Users/alfred/Documents/GitHub/DDLS_project/code/get_bmrb_data/bmrb_nmrstar/bmse011731/bmse011731.str
bmse011732,/Users/alfred/Documents/GitHub/DDLS_project/code/get_bmrb_data/bmrb_nmrstar/bmse011732/bmse011732.str
bmse011733,/Users/alfred/Documents/GitHub/DDLS_project/code/get_bmrb_data/bmrb_nmrstar/bmse011733/bmse011733.str
bmse011734,/Users/alfred/Documents/GitHub/DDLS_project/code/get_bmrb_data/bmrb_nmrstar/bmse011734/bmse011734.str
bmse011735,/Users/alfred/Documents/GitHub/DDLS_project/code/get_bmrb_data/bmrb_nmrstar/bmse011735/bmse011735.str
bmse011736,/Users/alfred/Documents/GitHub/DDLS_project/code/get_bmrb_data/bmrb_nmrstar/bmse011736/bmse011736.str
bmse011737,/Users/alfred/Documents/GitHub/DDLS_project/code/get_bmrb_data/bmrb_nmrstar/bmse011737/bmse011737.str
bmse011738,/Users/alfred/Documents/GitHub/DDLS_project/code/get_bmrb_data/bmrb_nmrstar/bmse011738/bmse011738.str
bmse011739,/Users/alfred/Documents/GitHub/DDLS_project/code/get_bmrb_data/bmrb_nmrstar/bmse011739/bmse011739.str
bmse011740,/Users/alfred/Documents/GitHub/DDLS_project/code/get_bmrb_data/bmrb_nmrstar/bmse011740/bmse011740.str
bmse011741,/Users/alfred/Documents/GitHub/DDLS_project/code/get_bmrb_data/bmrb_nmrstar/bmse011741/bmse011741.str
bmse011742,/Users/alfred/Documents/GitHub/DDLS_project/code/get_bmrb_data/bmrb_nmrstar/bmse011742/bmse011742.str
bmse011743,/Users/alfred/Documents/GitHub/DDLS_project/code/get_bmrb_data/bmrb_nmrstar/bmse011743/bmse011743.str
bmse011744,/Users/alfred/Documents/GitHub/DDLS_project/code/get_bmrb_data/bmrb_nmrstar/bmse011744/bmse011744.str
bmse011745,/Users/alfred/Documents/GitHub/DDLS_project/code/get_bmrb_data/bmrb_nmrstar/bmse011745/bmse011745.str
bmse011746,/Users/alfred/Documents/GitHub/DDLS_project/code/get_bmrb_data/bmrb_nmrstar/bmse011746/bmse011746.str
bmse011747,/Users/alfred/Documents/GitHub/DDLS_project/code/get_bmrb_data/bmrb_nmrstar/bmse011747/bmse011747.str
bmse011748,/Users/alfred/Documents/GitHub/DDLS_project/code/get_bmrb_data/bmrb_nmrstar/bmse011748/bmse011748.str
bmse011749,/Users/alfred/Documents/GitHub/DDLS_project/code/get_bmrb_data/bmrb_nmrstar/bmse011749/bmse011749.str
bmse011750,/Users/alfred/Documents/GitHub/DDLS_project/code/get_bmrb_data/bmrb_nmrstar/bmse011750/bmse011750.str
bmse011751,/Users/alfred/Documents/GitHub/DDLS_project/code/get_bmrb_data/bmrb_nmrstar/bmse011751/bmse011751.str
bmse011752,/Users/alfred/Documents/GitHub/DDLS_project/code/get_bmrb_data/bmrb_nmrstar/bmse011752/bmse011752.str
bmse011753,/Users/alfred/Documents/GitHub/DDLS_project/code/get_bmrb_data/bmrb_nmrstar/bmse011753/bmse011753.str
bmse011754,/Users/alfred/Documents/GitHub/DDLS_project/code/get_bmrb_data/bmrb_nmrstar/bmse011754/bmse011754.str
bmse011755,/Users/alfred/Documents/GitHub/DDLS_project/code/get_bmrb_data/bmrb_nmrstar/bmse011755/bmse011755.str
bmse011756,/Users/alfred/Documents/GitHub/DDLS_project/code/get_bmrb_data/bmrb_nmrstar/bmse011756/bmse011756.str
bmse011757,/Users/alfred/Documents/GitHub/DDLS_project/code/get_bmrb_data/bmrb_nmrstar/bmse011757/bmse011757.str
bmse011758,/Users/alfred/Documents/GitHub/DDLS_project/code/get_bmrb_data/bmrb_nmrstar/bmse011758/bmse011758.str
bmse011759,/Users/alfred/Documents/GitHub/DDLS_project/code/get_bmrb_data/bmrb_nmrstar/bmse011759/bmse011759.str
bmse011760,/Users/alfred/Documents/GitHub/DDLS_project/code/get_bmrb_data/bmrb_nmrstar/bmse011760/bmse011760.str
bmse011761,/Users/alfred/Documents/GitHub/DDLS_project/code/get_bmrb_data/bmrb_nmrstar/bmse011761/bmse011761.str
bmse011762,/Users/alfred/Documents/GitHub/DDLS_project/code/get_bmrb_data/bmrb_nmrstar/bmse011762/bmse011762.str
bmse011763,/Users/alfred/Documents/GitHub/DDLS_project/code/get_bmrb_data/bmrb_nmrstar/bmse011763/bmse011763.str
bmse011764,/Users/alfred/Documents/GitHub/DDLS_project/code/get_bmrb_data/bmrb_nmrstar/bmse011764/bmse011764.str
bmse011765,/Users/alfred/Documents/GitHub/DDLS_project/code/get_bmrb_data/bmrb_nmrstar/bmse011765/bmse011765.str
bmse011766,/Users/alfred/Documents/GitHub/DDLS_project/code/get_bmrb_data/bmrb_nmrstar/bmse011766/bmse011766.str
bmse011767,/Users/alfred/Documents/GitHub/DDLS_project/code/get_bmrb_data/bmrb_nmrstar/bmse011767/bmse011767.str
bmse011768,/Users/alfred/Documents/GitHub/DDLS_project/code/get_bmrb_data/bmrb_nmrstar/bmse011768/bmse011768.str
bmse011769,/Users/alfred/Documents/GitHub/DDLS_project/code/get_bmrb_data/bmrb_nmrstar/bmse011769/bmse011769.str
bmse011770,/Users/alfred/Documents/GitHub/DDLS_project/code/get_bmrb_data/bmrb_nmrstar/bmse011770/bmse011770.str
bmse011771,/Users/alfred/Documents/GitHub/DDLS_project/code/get_bmrb_data/bmrb_nmrstar/bmse011771/bmse011771.str
bmse011772,/Users/alfred/Documents/GitHub/DDLS_project/code/get_bmrb_data/bmrb_nmrstar/bmse011772/bmse011772.str
bmse011773,/Users/alfred/Documents/GitHub/DDLS_project/code/get_bmrb_data/bmrb_nmrstar/bmse011773/bmse011773.str
bmse011774,/Users/alfred/Documents/GitHub/DDLS_project/code/get_bmrb_data/bmrb_nmrstar/bmse011774/bmse011774.str
bmse011775,/Users/alfred/Documents/GitHub/DDLS_project/code/get_bmrb_data/bmrb_nmrstar/bmse011775/bmse011775.str
bmse011776,/Users/alfred/Documents/GitHub/DDLS_project/code/get_bmrb_data/bmrb_nmrstar/bmse011776/bmse011776.str
bmse011777,/Users/alfred/Documents/GitHub/DDLS_project/code/get_bmrb_data/bmrb_nmrstar/bmse011777/bmse011777.str
bmse011778,/Users/alfred/Documents/GitHub/DDLS_project/code/get_bmrb_data/bmrb_nmrstar/bmse011778/bmse011778.str
bmse011779,/Users/alfred/Documents/GitHub/DDLS_project/code/get_bmrb_data/bmrb_nmrstar/bmse011779/bmse011779.str
bmse011780,/Users/alfred/Documents/GitHub/DDLS_project/code/get_bmrb_data/bmrb_nmrstar/bmse011780/bmse011780.str
bmse011781,/Users/alfred/Documents/GitHub/DDLS_project/code/get_bmrb_data/bmrb_nmrstar/bmse011781/bmse011781.str
bmse011782,/Users/alfred/Documents/GitHub/DDLS_project/code/get_bmrb_data/bmrb_nmrstar/bmse011782/bmse011782.str
bmse011783,/Users/alfred/Documents/GitHub/DDLS_project/code/get_bmrb_data/bmrb_nmrstar/bmse011783/bmse011783.str
bmse011784,/Users/alfred/Documents/GitHub/DDLS_project/code/get_bmrb_data/bmrb_nmrstar/bmse011784/bmse011784.str
bmse011785,/Users/alfred/Documents/GitHub/DDLS_project/code/get_bmrb_data/bmrb_nmrstar/bmse011785/bmse011785.str
bmse011786,/Users/alfred/Documents/GitHub/DDLS_project/code/get_bmrb_data/bmrb_nmrstar/bmse011786/bmse011786.str
bmse011787,/Users/alfred/Documents/GitHub/DDLS_project/code/get_bmrb_data/bmrb_nmrstar/bmse011787/bmse011787.str
bmse011788,/Users/alfred/Documents/GitHub/DDLS_project/code/get_bmrb_data/bmrb_nmrstar/bmse011788/bmse011788.str
bmse011789,/Users/alfred/Documents/GitHub/DDLS_project/code/get_bmrb_data/bmrb_nmrstar/bmse011789/bmse011789.str
bmse011790,/Users/alfred/Documents/GitHub/DDLS_project/code/get_bmrb_data/bmrb_nmrstar/bmse011790/bmse011790.str
bmse011791,/Users/alfred/Documents/GitHub/DDLS_project/code/get_bmrb_data/bmrb_nmrstar/bmse011791/bmse011791.str
bmse011792,/Users/alfred/Documents/GitHub/DDLS_project/code/get_bmrb_data/bmrb_nmrstar/bmse011792/bmse011792.str
bmse011793,/Users/alfred/Documents/GitHub/DDLS_project/code/get_bmrb_data/bmrb_nmrstar/bmse011793/bmse011793.str
bmse011794,/Users/alfred/Documents/GitHub/DDLS_project/code/get_bmrb_data/bmrb_nmrstar/bmse011794/bmse011794.str
bmse011795,/Users/alfred/Documents/GitHub/DDLS_project/code/get_bmrb_data/bmrb_nmrstar/bmse011795/bmse011795.str
bmse011796,/Users/alfred/Documents/GitHub/DDLS_project/code/get_bmrb_data/bmrb_nmrstar/bmse011796/bmse011796.str
bmse011797,/Users/alfred/Documents/GitHub/DDLS_project/code/get_bmrb_data/bmrb_nmrstar/bmse011797/bmse011797.str
bmse011798,/Users/alfred/Documents/GitHub/DDLS_project/code/get_bmrb_data/bmrb_nmrstar/bmse011798/bmse011798.str
bmse011799,/Users/alfred/Documents/GitHub/DDLS_project/code/get_bmrb_data/bmrb_nmrstar/bmse011799/bmse011799.str
bmse011800,/Users/alfred/Documents/GitHub/DDLS_project/code/get_bmrb_data/bmrb_nmrstar/bmse011800/bmse011800.str
bmse011801,/Users/alfred/Documents/GitHub/DDLS_project/code/get_bmrb_data/bmrb_nmrstar/bmse011801/bmse011801.str
bmse011802,/Users/alfred/Documents/GitHub/DDLS_project/code/get_bmrb_data/bmrb_nmrstar/bmse011802/bmse011802.str
bmse011803,/Users/alfred/Documents/GitHub/DDLS_project/code/get_bmrb_data/bmrb_nmrstar/bmse011803/bmse011803.str
bmse011804,/Users/alfred/Documents/GitHub/DDLS_project/code/get_bmrb_data/bmrb_nmrstar/bmse011804/bmse011804.str
bmse011805,/Users/alfred/Documents/GitHub/DDLS_project/code/get_bmrb_data/bmrb_nmrstar/bmse011805/bmse011805.str
bmse011806,/Users/alfred/Documents/GitHub/DDLS_project/code/get_bmrb_data/bmrb_nmrstar/bmse011806/bmse011806.str
bmse011807,/Users/alfred/Documents/GitHub/DDLS_project/code/get_bmrb_data/bmrb_nmrstar/bmse011807/bmse011807.str
bmse011808,/Users/alfred/Documents/GitHub/DDLS_project/code/get_bmrb_data/bmrb_nmrstar/bmse011808/bmse011808.str
bmse011809,/Users/alfred/Documents/GitHub/DDLS_project/code/get_bmrb_data/bmrb_nmrstar/bmse011809/bmse011809.str
bmse011810,/Users/alfred/Documents/GitHub/DDLS_project/code/get_bmrb_data/bmrb_nmrstar/bmse011810/bmse011810.str
bmse011811,/Users/alfred/Documents/GitHub/DDLS_project/code/get_bmrb_data/bmrb_nmrstar/bmse011811/bmse011811.str
bmse011812,/Users/alfred/Documents/GitHub/DDLS_project/code/get_bmrb_data/bmrb_nmrstar/bmse011812/bmse011812.str
bmse011813,/Users/alfred/Documents/GitHub/DDLS_project/code/get_bmrb_data/bmrb_nmrstar/bmse011813/bmse011813.str
bmse011814,/Users/alfred/Documents/GitHub/DDLS_project/code/get_bmrb_data/bmrb_nmrstar/bmse011814/bmse011814.str
bmse011815,/Users/alfred/Documents/GitHub/DDLS_project/code/get_bmrb_data/bmrb_nmrstar/bmse011815/bmse011815.str
bmse011816,/Users/alfred/Documents/GitHub/DDLS_project/code/get_bmrb_data/bmrb_nmrstar/bmse011816/bmse011816.str
bmse011817,/Users/alfred/Documents/GitHub/DDLS_project/code/get_bmrb_data/bmrb_nmrstar/bmse011817/bmse011817.str
bmse011818,/Users/alfred/Documents/GitHub/DDLS_project/code/get_bmrb_data/bmrb_nmrstar/bmse011818/bmse011818.str
bmse011819,/Users/alfred/Documents/GitHub/DDLS_project/code/get_bmrb_data/bmrb_nmrstar/bmse011819/bmse011819.str
bmse011820,/Users/alfred/Documents/GitHub/DDLS_project/code/get_bmrb_data/bmrb_nmrstar/bmse011820/bmse011820.str
bmse011821,/Users/alfred/Documents/GitHub/DDLS_project/code/get_bmrb_data/bmrb_nmrstar/bmse011821/bmse011821.str
bmse011822,/Users/alfred/Documents/GitHub/DDLS_project/code/get_bmrb_data/bmrb_nmrstar/bmse011822/bmse011822.str
bmse011823,/Users/alfred/Documents/GitHub/DDLS_project/code/get_bmrb_data/bmrb_nmrstar/bmse011823/bmse011823.str
bmse011824,/Users/alfred/Documents/GitHub/DDLS_project/code/get_bmrb_data/bmrb_nmrstar/bmse011824/bmse011824.str
bmse011825,/Users/alfred/Documents/GitHub/DDLS_project/code/get_bmrb_data/bmrb_nmrstar/bmse011825/bmse011825.str
bmse011826,/Users/alfred/Documents/GitHub/DDLS_project/code/get_bmrb_data/bmrb_nmrstar/bmse011826/bmse011826.str
bmse011827,/Users/alfred/Documents/GitHub/DDLS_project/code/get_bmrb_data/bmrb_nmrstar/bmse011827/bmse011827.str
bmse011828,/Users/alfred/Documents/GitHub/DDLS_project/code/get_bmrb_data/bmrb_nmrstar/bmse011828/bmse011828.str
bmse011829,/Users/alfred/Documents/GitHub/DDLS_project/code/get_bmrb_data/bmrb_nmrstar/bmse011829/bmse011829.str
bmse011830,/Users/alfred/Documents/GitHub/DDLS_project/code/get_bmrb_data/bmrb_nmrstar/bmse011830/bmse011830.str
bmse011831,/Users/alfred/Documents/GitHub/DDLS_project/code/get_bmrb_data/bmrb_nmrstar/bmse011831/bmse011831.str
bmse011832,/Users/alfred/Documents/GitHub/DDLS_project/code/get_bmrb_data/bmrb_nmrstar/bmse011832/bmse011832.str
bmse011833,/Users/alfred/Documents/GitHub/DDLS_project/code/get_bmrb_data/bmrb_nmrstar/bmse011833/bmse011833.str
bmse011834,/Users/alfred/Documents/GitHub/DDLS_project/code/get_bmrb_data/bmrb_nmrstar/bmse011834/bmse011834.str
bmse011835,/Users/alfred/Documents/GitHub/DDLS_project/code/get_bmrb_data/bmrb_nmrstar/bmse011835/bmse011835.str
bmse011836,/Users/alfred/Documents/GitHub/DDLS_project/code/get_bmrb_data/bmrb_nmrstar/bmse011836/bmse011836.str
bmse011837,/Users/alfred/Documents/GitHub/DDLS_project/code/get_bmrb_data/bmrb_nmrstar/bmse011837/bmse011837.str
bmse011838,/Users/alfred/Documents/GitHub/DDLS_project/code/get_bmrb_data/bmrb_nmrstar/bmse011838/bmse011838.str
bmse011839,/Users/alfred/Documents/GitHub/DDLS_project/code/get_bmrb_data/bmrb_nmrstar/bmse011839/bmse011839.str
bmse011840,/Users/alfred/Documents/GitHub/DDLS_project/code/get_bmrb_data/bmrb_nmrstar/bmse011840/bmse011840.str
bmse011841,/Users/alfred/Documents/GitHub/DDLS_project/code/get_bmrb_data/bmrb_nmrstar/bmse011841/bmse011841.str
bmse011842,/Users/alfred/Documents/GitHub/DDLS_project/code/get_bmrb_data/bmrb_nmrstar/bmse011842/bmse011842.str
bmse011843,/Users/alfred/Documents/GitHub/DDLS_project/code/get_bmrb_data/bmrb_nmrstar/bmse011843/bmse011843.str
bmse011844,/Users/alfred/Documents/GitHub/DDLS_project/code/get_bmrb_data/bmrb_nmrstar/bmse011844/bmse011844.str
bmse011845,/Users/alfred/Documents/GitHub/DDLS_project/code/get_bmrb_data/bmrb_nmrstar/bmse011845/bmse011845.str
bmse011846,/Users/alfred/Documents/GitHub/DDLS_project/code/get_bmrb_data/bmrb_nmrstar/bmse011846/bmse011846.str
bmse011847,/Users/alfred/Documents/GitHub/DDLS_project/code/get_bmrb_data/bmrb_nmrstar/bmse011847/bmse011847.str
bmse011848,/Users/alfred/Documents/GitHub/DDLS_project/code/get_bmrb_data/bmrb_nmrstar/bmse011848/bmse011848.str
bmse011849,/Users/alfred/Documents/GitHub/DDLS_project/code/get_bmrb_data/bmrb_nmrstar/bmse011849/bmse011849.str
bmse011850,/Users/alfred/Documents/GitHub/DDLS_project/code/get_bmrb_data/bmrb_nmrstar/bmse011850/bmse011850.str
bmse011851,/Users/alfred/Documents/GitHub/DDLS_project/code/get_bmrb_data/bmrb_nmrstar/bmse011851/bmse011851.str
bmse011852,/Users/alfred/Documents/GitHub/DDLS_project/code/get_bmrb_data/bmrb_nmrstar/bmse011852/bmse011852.str
bmse011853,/Users/alfred/Documents/GitHub/DDLS_project/code/get_bmrb_data/bmrb_nmrstar/bmse011853/bmse011853.str
bmse011854,/Users/alfred/Documents/GitHub/DDLS_project/code/get_bmrb_data/bmrb_nmrstar/bmse011854/bmse011854.str
bmse011855,/Users/alfred/Documents/GitHub/DDLS_project/code/get_bmrb_data/bmrb_nmrstar/bmse011855/bmse011855.str
bmse011856,/Users/alfred/Documents/GitHub/DDLS_project/code/get_bmrb_data/bmrb_nmrstar/bmse011856/bmse011856.str
bmse011857,/Users/alfred/Documents/GitHub/DDLS_project/code/get_bmrb_data/bmrb_nmrstar/bmse011857/bmse011857.str
bmse011858,/Users/alfred/Documents/GitHub/DDLS_project/code/get_bmrb_data/bmrb_nmrstar/bmse011858/bmse011858.str
bmse011859,/Users/alfred/Documents/GitHub/DDLS_project/code/get_bmrb_data/bmrb_nmrstar/bmse011859/bmse011859.str
bmse011860,/Users/alfred/Documents/GitHub/DDLS_project/code/get_bmrb_data/bmrb_nmrstar/bmse011860/bmse011860.str
bmse011861,/Users/alfred/Documents/GitHub/DDLS_project/code/get_bmrb_data/bmrb_nmrstar/bmse011861/bmse011861.str
bmse011862,/Users/alfred/Documents/GitHub/DDLS_project/code/get_bmrb_data/bmrb_nmrstar/bmse011862/bmse011862.str
bmse011863,/Users/alfred/Documents/GitHub/DDLS_project/code/get_bmrb_data/bmrb_nmrstar/bmse011863/bmse011863.str
bmse011864,/Users/alfred/Documents/GitHub/DDLS_project/code/get_bmrb_data/bmrb_nmrstar/bmse011864/bmse011864.str
bmse011865,/Users/alfred/Documents/GitHub/DDLS_project/code/get_bmrb_data/bmrb_nmrstar/bmse011865/bmse011865.str
bmse011866,/Users/alfred/Documents/GitHub/DDLS_project/code/get_bmrb_data/bmrb_nmrstar/bmse011866/bmse011866.str
bmse011867,/Users/alfred/Documents/GitHub/DDLS_project/code/get_bmrb_data/bmrb_nmrstar/bmse011867/bmse011867.str
bmse011868,/Users/alfred/Documents/GitHub/DDLS_project/code/get_bmrb_data/bmrb_nmrstar/bmse011868/bmse011868.str
bmse011869,/Users/alfred/Documents/GitHub/DDLS_project/code/get_bmrb_data/bmrb_nmrstar/bmse011869/bmse011869.str
bmse011870,/Users/alfred/Documents/GitHub/DDLS_project/code/get_bmrb_data/bmrb_nmrstar/bmse011870/bmse011870.str
bmse011871,/Users/alfred/Documents/GitHub/DDLS_project/code/get_bmrb_data/bmrb_nmrstar/bmse011871/bmse011871.str
bmse011872,/Users/alfred/Documents/GitHub/DDLS_project/code/get_bmrb_data/bmrb_nmrstar/bmse011872/bmse011872.str
bmse011873,/Users/alfred/Documents/GitHub/DDLS_project/code/get_bmrb_data/bmrb_nmrstar/bmse011873/bmse011873.str
bmse011874,/Users/alfred/Documents/GitHub/DDLS_project/code/get_bmrb_data/bmrb_nmrstar/bmse011874/bmse011874.str
bmse011875,/Users/alfred/Documents/GitHub/DDLS_project/code/get_bmrb_data/bmrb_nmrstar/bmse011875/bmse011875.str
bmse011876,/Users/alfred/Documents/GitHub/DDLS_project/code/get_bmrb_data/bmrb_nmrstar/bmse011876/bmse011876.str
bmse011877,/Users/alfred/Documents/GitHub/DDLS_project/code/get_bmrb_data/bmrb_nmrstar/bmse011877/bmse011877.str
bmse011878,/Users/alfred/Documents/GitHub/DDLS_project/code/get_bmrb_data/bmrb_nmrstar/bmse011878/bmse011878.str
bmse011879,/Users/alfred/Documents/GitHub/DDLS_project/code/get_bmrb_data/bmrb_nmrstar/bmse011879/bmse011879.str
bmse011880,/Users/alfred/Documents/GitHub/DDLS_project/code/get_bmrb_data/bmrb_nmrstar/bmse011880/bmse011880.str
bmse011881,/Users/alfred/Documents/GitHub/DDLS_project/code/get_bmrb_data/bmrb_nmrstar/bmse011881/bmse011881.str
bmse011882,/Users/alfred/Documents/GitHub/DDLS_project/code/get_bmrb_data/bmrb_nmrstar/bmse011882/bmse011882.str
bmse011883,/Users/alfred/Documents/GitHub/DDLS_project/code/get_bmrb_data/bmrb_nmrstar/bmse011883/bmse011883.str
bmse011884,/Users/alfred/Documents/GitHub/DDLS_project/code/get_bmrb_data/bmrb_nmrstar/bmse011884/bmse011884.str
bmse011885,/Users/alfred/Documents/GitHub/DDLS_project/code/get_bmrb_data/bmrb_nmrstar/bmse011885/bmse011885.str
bmse011886,/Users/alfred/Documents/GitHub/DDLS_project/code/get_bmrb_data/bmrb_nmrstar/bmse011886/bmse011886.str
bmse011887,/Users/alfred/Documents/GitHub/DDLS_project/code/get_bmrb_data/bmrb_nmrstar/bmse011887/bmse011887.str
bmse011888,/Users/alfred/Documents/GitHub/DDLS_project/code/get_bmrb_data/bmrb_nmrstar/bmse011888/bmse011888.str
bmse011889,/Users/alfred/Documents/GitHub/DDLS_project/code/get_bmrb_data/bmrb_nmrstar/bmse011889/bmse011889.str
bmse011890,/Users/alfred/Documents/GitHub/DDLS_project/code/get_bmrb_data/bmrb_nmrstar/bmse011890/bmse011890.str
bmse011891,/Users/alfred/Documents/GitHub/DDLS_project/code/get_bmrb_data/bmrb_nmrstar/bmse011891/bmse011891.str
bmse011892,/Users/alfred/Documents/GitHub/DDLS_project/code/get_bmrb_data/bmrb_nmrstar/bmse011892/bmse011892.str
bmse011893,/Users/alfred/Documents/GitHub/DDLS_project/code/get_bmrb_data/bmrb_nmrstar/bmse011893/bmse011893.str
bmse011894,/Users/alfred/Documents/GitHub/DDLS_project/code/get_bmrb_data/bmrb_nmrstar/bmse011894/bmse011894.str
bmse011895,/Users/alfred/Documents/GitHub/DDLS_project/code/get_bmrb_data/bmrb_nmrstar/bmse011895/bmse011895.str
bmse011896,/Users/alfred/Documents/GitHub/DDLS_project/code/get_bmrb_data/bmrb_nmrstar/bmse011896/bmse011896.str
bmse011897,/Users/alfred/Documents/GitHub/DDLS_project/code/get_bmrb_data/bmrb_nmrstar/bmse011897/bmse011897.str
bmse011898,/Users/alfred/Documents/GitHub/DDLS_project/code/get_bmrb_data/bmrb_nmrstar/bmse011898/bmse011898.str
bmse011899,/Users/alfred/Documents/GitHub/DDLS_project/code/get_bmrb_data/bmrb_nmrstar/bmse011899/bmse011899.str
bmse011900,/Users/alfred/Documents/GitHub/DDLS_project/code/get_bmrb_data/bmrb_nmrstar/bmse011900/bmse011900.str
bmse011901,/Users/alfred/Documents/GitHub/DDLS_project/code/get_bmrb_data/bmrb_nmrstar/bmse011901/bmse011901.str
bmse011902,/Users/alfred/Documents/GitHub/DDLS_project/code/get_bmrb_data/bmrb_nmrstar/bmse011902/bmse011902.str
bmse011903,/Users/alfred/Documents/GitHub/DDLS_project/code/get_bmrb_data/bmrb_nmrstar/bmse011903/bmse011903.str
bmse011904,/Users/alfred/Documents/GitHub/DDLS_project/code/get_bmrb_data/bmrb_nmrstar/bmse011904/bmse011904.str
bmse011905,/Users/alfred/Documents/GitHub/DDLS_project/code/get_bmrb_data/bmrb_nmrstar/bmse011905/bmse011905.str
bmse011906,/Users/alfred/Documents/GitHub/DDLS_project/code/get_bmrb_data/bmrb_nmrstar/bmse011906/bmse011906.str
bmse011907,/Users/alfred/Documents/GitHub/DDLS_project/code/get_bmrb_data/bmrb_nmrstar/bmse011907/bmse011907.str
bmse011908,/Users/alfred/Documents/GitHub/DDLS_project/code/get_bmrb_data/bmrb_nmrstar/bmse011908/bmse011908.str
bmse011909,/Users/alfred/Documents/GitHub/DDLS_project/code/get_bmrb_data/bmrb_nmrstar/bmse011909/bmse011909.str
bmse011910,/Users/alfred/Documents/GitHub/DDLS_project/code/get_bmrb_data/bmrb_nmrstar/bmse011910/bmse011910.str
bmse011911,/Users/alfred/Documents/GitHub/DDLS_project/code/get_bmrb_data/bmrb_nmrstar/bmse011911/bmse011911.str
bmse011912,/Users/alfred/Documents/GitHub/DDLS_project/code/get_bmrb_data/bmrb_nmrstar/bmse011912/bmse011912.str
bmse011913,/Users/alfred/Documents/GitHub/DDLS_project/code/get_bmrb_data/bmrb_nmrstar/bmse011913/bmse011913.str
bmse011914,/Users/alfred/Documents/GitHub/DDLS_project/code/get_bmrb_data/bmrb_nmrstar/bmse011914/bmse011914.str
bmse011915,/Users/alfred/Documents/GitHub/DDLS_project/code/get_bmrb_data/bmrb_nmrstar/bmse011915/bmse011915.str
bmse011916,/Users/alfred/Documents/GitHub/DDLS_project/code/get_bmrb_data/bmrb_nmrstar/bmse011916/bmse011916.str
bmse011917,/Users/alfred/Documents/GitHub/DDLS_project/code/get_bmrb_data/bmrb_nmrstar/bmse011917/bmse011917.str
bmse011918,/Users/alfred/Documents/GitHub/DDLS_project/code/get_bmrb_data/bmrb_nmrstar/bmse011918/bmse011918.str
bmse011919,/Users/alfred/Documents/GitHub/DDLS_project/code/get_bmrb_data/bmrb_nmrstar/bmse011919/bmse011919.str
bmse011920,/Users/alfred/Documents/GitHub/DDLS_project/code/get_bmrb_data/bmrb_nmrstar/bmse011920/bmse011920.str
bmse011921,/Users/alfred/Documents/GitHub/DDLS_project/code/get_bmrb_data/bmrb_nmrstar/bmse011921/bmse011921.str
bmse011922,/Users/alfred/Documents/GitHub/DDLS_project/code/get_bmrb_data/bmrb_nmrstar/bmse011922/bmse011922.str
bmse011923,/Users/alfred/Documents/GitHub/DDLS_project/code/get_bmrb_data/bmrb_nmrstar/bmse011923/bmse011923.str
bmse011924,/Users/alfred/Documents/GitHub/DDLS_project/code/get_bmrb_data/bmrb_nmrstar/bmse011924/bmse011924.str
bmse011925,/Users/alfred/Documents/GitHub/DDLS_project/code/get_bmrb_data/bmrb_nmrstar/bmse011925/bmse011925.str
bmse011926,/Users/alfred/Documents/GitHub/DDLS_project/code/get_bmrb_data/bmrb_nmrstar/bmse011926/bmse011926.str
bmse011927,/Users/alfred/Documents/GitHub/DDLS_project/code/get_bmrb_data/bmrb_nmrstar/bmse011927/bmse011927.str
bmse011928,/Users/alfred/Documents/GitHub/DDLS_project/code/get_bmrb_data/bmrb_nmrstar/bmse011928/bmse011928.str
bmse011929,/Users/alfred/Documents/GitHub/DDLS_project/code/get_bmrb_data/bmrb_nmrstar/bmse011929/bmse011929.str
bmse011930,/Users/alfred/Documents/GitHub/DDLS_project/code/get_bmrb_data/bmrb_nmrstar/bmse011930/bmse011930.str
bmse011931,/Users/alfred/Documents/GitHub/DDLS_project/code/get_bmrb_data/bmrb_nmrstar/bmse011931/bmse011931.str
bmse011932,/Users/alfred/Documents/GitHub/DDLS_project/code/get_bmrb_data/bmrb_nmrstar/bmse011932/bmse011932.str
bmse011933,/Users/alfred/Documents/GitHub/DDLS_project/code/get_bmrb_data/bmrb_nmrstar/bmse011933/bmse011933.str
bmse011934,/Users/alfred/Documents/GitHub/DDLS_project/code/get_bmrb_data/bmrb_nmrstar/bmse011934/bmse011934.str
bmse011935,/Users/alfred/Documents/GitHub/DDLS_project/code/get_bmrb_data/bmrb_nmrstar/bmse011935/bmse011935.str
bmse011936,/Users/alfred/Documents/GitHub/DDLS_project/code/get_bmrb_data/bmrb_nmrstar/bmse011936/bmse011936.str
bmse011937,/Users/alfred/Documents/GitHub/DDLS_project/code/get_bmrb_data/bmrb_nmrstar/bmse011937/bmse011937.str
bmse011938,/Users/alfred/Documents/GitHub/DDLS_project/code/get_bmrb_data/bmrb_nmrstar/bmse011938/bmse011938.str
bmse011939,/Users/alfred/Documents/GitHub/DDLS_project/code/get_bmrb_data/bmrb_nmrstar/bmse011939/bmse011939.str
bmse011940,/Users/alfred/Documents/GitHub/DDLS_project/code/get_bmrb_data/bmrb_nmrstar/bmse011940/bmse011940.str
bmse011941,/Users/alfred/Documents/GitHub/DDLS_project/code/get_bmrb_data/bmrb_nmrstar/bmse011941/bmse011941.str
bmse011942,/Users/alfred/Documents/GitHub/DDLS_project/code/get_bmrb_data/bmrb_nmrstar/bmse011942/bmse011942.str
bmse011943,/Users/alfred/Documents/GitHub/DDLS_project/code/get_bmrb_data/bmrb_nmrstar/bmse011943/bmse011943.str
bmse011944,/Users/alfred/Documents/GitHub/DDLS_project/code/get_bmrb_data/bmrb_nmrstar/bmse011944/bmse011944.str
bmse011945,/Users/alfred/Documents/GitHub/DDLS_project/code/get_bmrb_data/bmrb_nmrstar/bmse011945/bmse011945.str
bmse011946,/Users/alfred/Documents/GitHub/DDLS_project/code/get_bmrb_data/bmrb_nmrstar/bmse011946/bmse011946.str
bmse011947,/Users/alfred/Documents/GitHub/DDLS_project/code/get_bmrb_data/bmrb_nmrstar/bmse011947/bmse011947.str
bmse011948,/Users/alfred/Documents/GitHub/DDLS_project/code/get_bmrb_data/bmrb_nmrstar/bmse011948/bmse011948.str
bmse011949,/Users/alfred/Documents/GitHub/DDLS_project/code/get_bmrb_data/bmrb_nmrstar/bmse011949/bmse011949.str
bmse011950,/Users/alfred/Documents/GitHub/DDLS_project/code/get_bmrb_data/bmrb_nmrstar/bmse011950/bmse011950.str
bmse011951,/Users/alfred/Documents/GitHub/DDLS_project/code/get_bmrb_data/bmrb_nmrstar/bmse011951/bmse011951.str
bmse011952,/Users/alfred/Documents/GitHub/DDLS_project/code/get_bmrb_data/bmrb_nmrstar/bmse011952/bmse011952.str
bmse011953,/Users/alfred/Documents/GitHub/DDLS_project/code/get_bmrb_data/bmrb_nmrstar/bmse011953/bmse011953.str
bmse011954,/Users/alfred/Documents/GitHub/DDLS_project/code/get_bmrb_data/bmrb_nmrstar/bmse011954/bmse011954.str
bmse011955,/Users/alfred/Documents/GitHub/DDLS_project/code/get_bmrb_data/bmrb_nmrstar/bmse011955/bmse011955.str
bmse011956,/Users/alfred/Documents/GitHub/DDLS_project/code/get_bmrb_data/bmrb_nmrstar/bmse011956/bmse011956.str
bmse011957,/Users/alfred/Documents/GitHub/DDLS_project/code/get_bmrb_data/bmrb_nmrstar/bmse011957/bmse011957.str
bmse011958,/Users/alfred/Documents/GitHub/DDLS_project/code/get_bmrb_data/bmrb_nmrstar/bmse011958/bmse011958.str
bmse011959,/Users/alfred/Documents/GitHub/DDLS_project/code/get_bmrb_data/bmrb_nmrstar/bmse011959/bmse011959.str
bmse011960,/Users/alfred/Documents/GitHub/DDLS_project/code/get_bmrb_data/bmrb_nmrstar/bmse011960/bmse011960.str
bmse011961,/Users/alfred/Documents/GitHub/DDLS_project/code/get_bmrb_data/bmrb_nmrstar/bmse011961/bmse011961.str
bmse011962,/Users/alfred/Documents/GitHub/DDLS_project/code/get_bmrb_data/bmrb_nmrstar/bmse011962/bmse011962.str
bmse011963,/Users/alfred/Documents/GitHub/DDLS_project/code/get_bmrb_data/bmrb_nmrstar/bmse011963/bmse011963.str
bmse011964,/Users/alfred/Documents/GitHub/DDLS_project/code/get_bmrb_data/bmrb_nmrstar/bmse011964/bmse011964.str
bmse011965,/Users/alfred/Documents/GitHub/DDLS_project/code/get_bmrb_data/bmrb_nmrstar/bmse011965/bmse011965.str
bmse011966,/Users/alfred/Documents/GitHub/DDLS_project/code/get_bmrb_data/bmrb_nmrstar/bmse011966/bmse011966.str
bmse011967,/Users/alfred/Documents/GitHub/DDLS_project/code/get_bmrb_data/bmrb_nmrstar/bmse011967/bmse011967.str
bmse011968,/Users/alfred/Documents/GitHub/DDLS_project/code/get_bmrb_data/bmrb_nmrstar/bmse011968/bmse011968.str
bmse011969,/Users/alfred/Documents/GitHub/DDLS_project/code/get_bmrb_data/bmrb_nmrstar/bmse011969/bmse011969.str
bmse011970,/Users/alfred/Documents/GitHub/DDLS_project/code/get_bmrb_data/bmrb_nmrstar/bmse011970/bmse011970.str
bmse011971,/Users/alfred/Documents/GitHub/DDLS_project/code/get_bmrb_data/bmrb_nmrstar/bmse011971/bmse011971.str
bmse011972,/Users/alfred/Documents/GitHub/DDLS_project/code/get_bmrb_data/bmrb_nmrstar/bmse011972/bmse011972.str
bmse011973,/Users/alfred/Documents/GitHub/DDLS_project/code/get_bmrb_data/bmrb_nmrstar/bmse011973/bmse011973.str
bmse011974,/Users/alfred/Documents/GitHub/DDLS_project/code/get_bmrb_data/bmrb_nmrstar/bmse011974/bmse011974.str
bmse011975,/Users/alfred/Documents/GitHub/DDLS_project/code/get_bmrb_data/bmrb_nmrstar/bmse011975/bmse011975.str
bmse011976,/Users/alfred/Documents/GitHub/DDLS_project/code/get_bmrb_data/bmrb_nmrstar/bmse011976/bmse011976.str
bmse011977,/Users/alfred/Documents/GitHub/DDLS_project/code/get_bmrb_data/bmrb_nmrstar/bmse011977/bmse011977.str
bmse011978,/Users/alfred/Documents/GitHub/DDLS_project/code/get_bmrb_data/bmrb_nmrstar/bmse011978/bmse011978.str
bmse011979,/Users/alfred/Documents/GitHub/DDLS_project/code/get_bmrb_data/bmrb_nmrstar/bmse011979/bmse011979.str
bmse011980,/Users/alfred/Documents/GitHub/DDLS_project/code/get_bmrb_data/bmrb_nmrstar/bmse011980/bmse011980.str
bmse011981,/Users/alfred/Documents/GitHub/DDLS_project/code/get_bmrb_data/bmrb_nmrstar/bmse011981/bmse011981.str
bmse011982,/Users/alfred/Documents/GitHub/DDLS_project/code/get_bmrb_data/bmrb_nmrstar/bmse011982/bmse011982.str
bmse011983,/Users/alfred/Documents/GitHub/DDLS_project/code/get_bmrb_data/bmrb_nmrstar/bmse011983/bmse011983.str
bmse011984,/Users/alfred/Documents/GitHub/DDLS_project/code/get_bmrb_data/bmrb_nmrstar/bmse011984/bmse011984.str
bmse011985,/Users/alfred/Documents/GitHub/DDLS_project/code/get_bmrb_data/bmrb_nmrstar/bmse011985/bmse011985.str
bmse011986,/Users/alfred/Documents/GitHub/DDLS_project/code/get_bmrb_data/bmrb_nmrstar/bmse011986/bmse011986.str
bmse011987,/Users/alfred/Documents/GitHub/DDLS_project/code/get_bmrb_data/bmrb_nmrstar/bmse011987/bmse011987.str
bmse011988,/Users/alfred/Documents/GitHub/DDLS_project/code/get_bmrb_data/bmrb_nmrstar/bmse011988/bmse011988.str
bmse011989,/Users/alfred/Documents/GitHub/DDLS_project/code/get_bmrb_data/bmrb_nmrstar/bmse011989/bmse011989.str
bmse011990,/Users/alfred/Documents/GitHub/DDLS_project/code/get_bmrb_data/bmrb_nmrstar/bmse011990/bmse011990.str
bmse011991,/Users/alfred/Documents/GitHub/DDLS_project/code/get_bmrb_data/bmrb_nmrstar/bmse011991/bmse011991.str
bmse011992,/Users/alfred/Documents/GitHub/DDLS_project/code/get_bmrb_data/bmrb_nmrstar/bmse011992/bmse011992.str
bmse011993,/Users/alfred/Documents/GitHub/DDLS_project/code/get_bmrb_data/bmrb_nmrstar/bmse011993/bmse011993.str
bmse011994,/Users/alfred/Documents/GitHub/DDLS_project/code/get_bmrb_data/bmrb_nmrstar/bmse011994/bmse011994.str
bmse011995,/Users/alfred/Documents/GitHub/DDLS_project/code/get_bmrb_data/bmrb_nmrstar/bmse011995/bmse011995.str
bmse011996,/Users/alfred/Documents/GitHub/DDLS_project/code/get_bmrb_data/bmrb_nmrstar/bmse011996/bmse011996.str
bmse011997,/Users/alfred/Documents/GitHub/DDLS_project/code/get_bmrb_data/bmrb_nmrstar/bmse011997/bmse011997.str
bmse011998,/Users/alfred/Documents/GitHub/DDLS_project/code/get_bmrb_data/bmrb_nmrstar/bmse011998/bmse011998.str
bmse011999,/Users/alfred/Documents/GitHub/DDLS_project/code/get_bmrb_data/bmrb_nmrstar/bmse011999/bmse011999.str
bmse012000,/Users/alfred/Documents/GitHub/DDLS_project/code/get_bmrb_data/bmrb_nmrstar/bmse012000/bmse012000.str
bmse012001,/Users/alfred/Documents/GitHub/DDLS_project/code/get_bmrb_data/bmrb_nmrstar/bmse012001/bmse012001.str
bmse012002,/Users/alfred/Documents/GitHub/DDLS_project/code/get_bmrb_data/bmrb_nmrstar/bmse012002/bmse012002.str
bmse012003,/Users/alfred/Documents/GitHub/DDLS_project/code/get_bmrb_data/bmrb_nmrstar/bmse012003/bmse012003.str
bmse012004,/Users/alfred/Documents/GitHub/DDLS_project/code/get_bmrb_data/bmrb_nmrstar/bmse012004/bmse012004.str
bmse012005,/Users/alfred/Documents/GitHub/DDLS_project/code/get_bmrb_data/bmrb_nmrstar/bmse012005/bmse012005.str
bmse012006,/Users/alfred/Documents/GitHub/DDLS_project/code/get_bmrb_data/bmrb_nmrstar/bmse012006/bmse012006.str
bmse012007,/Users/alfred/Documents/GitHub/DDLS_project/code/get_bmrb_data/bmrb_nmrstar/bmse012007/bmse012007.str
bmse012008,/Users/alfred/Documents/GitHub/DDLS_project/code/get_bmrb_data/bmrb_nmrstar/bmse012008/bmse012008.str
bmse012009,/Users/alfred/Documents/GitHub/DDLS_project/code/get_bmrb_data/bmrb_nmrstar/bmse012009/bmse012009.str
bmse012010,/Users/alfred/Documents/GitHub/DDLS_project/code/get_bmrb_data/bmrb_nmrstar/bmse012010/bmse012010.str
bmse012011,/Users/alfred/Documents/GitHub/DDLS_project/code/get_bmrb_data/bmrb_nmrstar/bmse012011/bmse012011.str
bmse012012,/Users/alfred/Documents/GitHub/DDLS_project/code/get_bmrb_data/bmrb_nmrstar/bmse012012/bmse012012.str
bmse012013,/Users/alfred/Documents/GitHub/DDLS_project/code/get_bmrb_data/bmrb_nmrstar/bmse012013/bmse012013.str
bmse012014,/Users/alfred/Documents/GitHub/DDLS_project/code/get_bmrb_data/bmrb_nmrstar/bmse012014/bmse012014.str
bmse012015,/Users/alfred/Documents/GitHub/DDLS_project/code/get_bmrb_data/bmrb_nmrstar/bmse012015/bmse012015.str
bmse012016,/Users/alfred/Documents/GitHub/DDLS_project/code/get_bmrb_data/bmrb_nmrstar/bmse012016/bmse012016.str
bmse012017,/Users/alfred/Documents/GitHub/DDLS_project/code/get_bmrb_data/bmrb_nmrstar/bmse012017/bmse012017.str
bmse012018,/Users/alfred/Documents/GitHub/DDLS_project/code/get_bmrb_data/bmrb_nmrstar/bmse012018/bmse012018.str
bmse012019,/Users/alfred/Documents/GitHub/DDLS_project/code/get_bmrb_data/bmrb_nmrstar/bmse012019/bmse012019.str
bmse012020,/Users/alfred/Documents/GitHub/DDLS_project/code/get_bmrb_data/bmrb_nmrstar/bmse012020/bmse012020.str
bmse012021,/Users/alfred/Documents/GitHub/DDLS_project/code/get_bmrb_data/bmrb_nmrstar/bmse012021/bmse012021.str
bmse012022,/Users/alfred/Documents/GitHub/DDLS_project/code/get_bmrb_data/bmrb_nmrstar/bmse012022/bmse012022.str
bmse012023,/Users/alfred/Documents/GitHub/DDLS_project/code/get_bmrb_data/bmrb_nmrstar/bmse012023/bmse012023.str
bmse012024,/Users/alfred/Documents/GitHub/DDLS_project/code/get_bmrb_data/bmrb_nmrstar/bmse012024/bmse012024.str
bmse012025,/Users/alfred/Documents/GitHub/DDLS_project/code/get_bmrb_data/bmrb_nmrstar/bmse012025/bmse012025.str
bmse012026,/Users/alfred/Documents/GitHub/DDLS_project/code/get_bmrb_data/bmrb_nmrstar/bmse012026/bmse012026.str
bmse012027,/Users/alfred/Documents/GitHub/DDLS_project/code/get_bmrb_data/bmrb_nmrstar/bmse012027/bmse012027.str
bmse012028,/Users/alfred/Documents/GitHub/DDLS_project/code/get_bmrb_data/bmrb_nmrstar/bmse012028/bmse012028.str
bmse012029,/Users/alfred/Documents/GitHub/DDLS_project/code/get_bmrb_data/bmrb_nmrstar/bmse012029/bmse012029.str
bmse012030,/Users/alfred/Documents/GitHub/DDLS_project/code/get_bmrb_data/bmrb_nmrstar/bmse012030/bmse012030.str
bmse012031,/Users/alfred/Documents/GitHub/DDLS_project/code/get_bmrb_data/bmrb_nmrstar/bmse012031/bmse012031.str
bmse012032,/Users/alfred/Documents/GitHub/DDLS_project/code/get_bmrb_data/bmrb_nmrstar/bmse012032/bmse012032.str
bmse012033,/Users/alfred/Documents/GitHub/DDLS_project/code/get_bmrb_data/bmrb_nmrstar/bmse012033/bmse012033.str
bmse012034,/Users/alfred/Documents/GitHub/DDLS_project/code/get_bmrb_data/bmrb_nmrstar/bmse012034/bmse012034.str
bmse012035,/Users/alfred/Documents/GitHub/DDLS_project/code/get_bmrb_data/bmrb_nmrstar/bmse012035/bmse012035.str
bmse012036,/Users/alfred/Documents/GitHub/DDLS_project/code/get_bmrb_data/bmrb_nmrstar/bmse012036/bmse012036.str
bmse012037,/Users/alfred/Documents/GitHub/DDLS_project/code/get_bmrb_data/bmrb_nmrstar/bmse012037/bmse012037.str
bmse012038,/Users/alfred/Documents/GitHub/DDLS_project/code/get_bmrb_data/bmrb_nmrstar/bmse012038/bmse012038.str
bmse012039,/Users/alfred/Documents/GitHub/DDLS_project/code/get_bmrb_data/bmrb_nmrstar/bmse012039/bmse012039.str
bmse012040,/Users/alfred/Documents/GitHub/DDLS_project/code/get_bmrb_data/bmrb_nmrstar/bmse012040/bmse012040.str
bmse012041,/Users/alfred/Documents/GitHub/DDLS_project/code/get_bmrb_data/bmrb_nmrstar/bmse012041/bmse012041.str
bmse012042,/Users/alfred/Documents/GitHub/DDLS_project/code/get_bmrb_data/bmrb_nmrstar/bmse012042/bmse012042.str
bmse012043,/Users/alfred/Documents/GitHub/DDLS_project/code/get_bmrb_data/bmrb_nmrstar/bmse012043/bmse012043.str
bmse012044,/Users/alfred/Documents/GitHub/DDLS_project/code/get_bmrb_data/bmrb_nmrstar/bmse012044/bmse012044.str
bmse012045,/Users/alfred/Documents/GitHub/DDLS_project/code/get_bmrb_data/bmrb_nmrstar/bmse012045/bmse012045.str
bmse012046,/Users/alfred/Documents/GitHub/DDLS_project/code/get_bmrb_data/bmrb_nmrstar/bmse012046/bmse012046.str
bmse012047,/Users/alfred/Documents/GitHub/DDLS_project/code/get_bmrb_data/bmrb_nmrstar/bmse012047/bmse012047.str
bmse012048,/Users/alfred/Documents/GitHub/DDLS_project/code/get_bmrb_data/bmrb_nmrstar/bmse012048/bmse012048.str
bmse012049,/Users/alfred/Documents/GitHub/DDLS_project/code/get_bmrb_data/bmrb_nmrstar/bmse012049/bmse012049.str
bmse012050,/Users/alfred/Documents/GitHub/DDLS_project/code/get_bmrb_data/bmrb_nmrstar/bmse012050/bmse012050.str
bmse012051,/Users/alfred/Documents/GitHub/DDLS_project/code/get_bmrb_data/bmrb_nmrstar/bmse012051/bmse012051.str
bmse012052,/Users/alfred/Documents/GitHub/DDLS_project/code/get_bmrb_data/bmrb_nmrstar/bmse012052/bmse012052.str
bmse012053,/Users/alfred/Documents/GitHub/DDLS_project/code/get_bmrb_data/bmrb_nmrstar/bmse012053/bmse012053.str
bmse012054,/Users/alfred/Documents/GitHub/DDLS_project/code/get_bmrb_data/bmrb_nmrstar/bmse012054/bmse012054.str
bmse012055,/Users/alfred/Documents/GitHub/DDLS_project/code/get_bmrb_data/bmrb_nmrstar/bmse012055/bmse012055.str
bmse012056,/Users/alfred/Documents/GitHub/DDLS_project/code/get_bmrb_data/bmrb_nmrstar/bmse012056/bmse012056.str
bmse012057,/Users/alfred/Documents/GitHub/DDLS_project/code/get_bmrb_data/bmrb_nmrstar/bmse012057/bmse012057.str
bmse012058,/Users/alfred/Documents/GitHub/DDLS_project/code/get_bmrb_data/bmrb_nmrstar/bmse012058/bmse012058.str
bmse012059,/Users/alfred/Documents/GitHub/DDLS_project/code/get_bmrb_data/bmrb_nmrstar/bmse012059/bmse012059.str
bmse012060,/Users/alfred/Documents/GitHub/DDLS_project/code/get_bmrb_data/bmrb_nmrstar/bmse012060/bmse012060.str
bmse012061,/Users/alfred/Documents/GitHub/DDLS_project/code/get_bmrb_data/bmrb_nmrstar/bmse012061/bmse012061.str
bmse012062,/Users/alfred/Documents/GitHub/DDLS_project/code/get_bmrb_data/bmrb_nmrstar/bmse012062/bmse012062.str
bmse012063,/Users/alfred/Documents/GitHub/DDLS_project/code/get_bmrb_data/bmrb_nmrstar/bmse012063/bmse012063.str
bmse012064,/Users/alfred/Documents/GitHub/DDLS_project/code/get_bmrb_data/bmrb_nmrstar/bmse012064/bmse012064.str
bmse012065,/Users/alfred/Documents/GitHub/DDLS_project/code/get_bmrb_data/bmrb_nmrstar/bmse012065/bmse012065.str
bmse012066,/Users/alfred/Documents/GitHub/DDLS_project/code/get_bmrb_data/bmrb_nmrstar/bmse012066/bmse012066.str
bmse012067,/Users/alfred/Documents/GitHub/DDLS_project/code/get_bmrb_data/bmrb_nmrstar/bmse012067/bmse012067.str
bmse012068,/Users/alfred/Documents/GitHub/DDLS_project/code/get_bmrb_data/bmrb_nmrstar/bmse012068/bmse012068.str
bmse012069,/Users/alfred/Documents/GitHub/DDLS_project/code/get_bmrb_data/bmrb_nmrstar/bmse012069/bmse012069.str
bmse012070,/Users/alfred/Documents/GitHub/DDLS_project/code/get_bmrb_data/bmrb_nmrstar/bmse012070/bmse012070.str
bmse012071,/Users/alfred/Documents/GitHub/DDLS_project/code/get_bmrb_data/bmrb_nmrstar/bmse012071/bmse012071.str
bmse012072,/Users/alfred/Documents/GitHub/DDLS_project/code/get_bmrb_data/bmrb_nmrstar/bmse012072/bmse012072.str
bmse012073,/Users/alfred/Documents/GitHub/DDLS_project/code/get_bmrb_data/bmrb_nmrstar/bmse012073/bmse012073.str
bmse012074,/Users/alfred/Documents/GitHub/DDLS_project/code/get_bmrb_data/bmrb_nmrstar/bmse012074/bmse012074.str
bmse012075,/Users/alfred/Documents/GitHub/DDLS_project/code/get_bmrb_data/bmrb_nmrstar/bmse012075/bmse012075.str
bmse012076,/Users/alfred/Documents/GitHub/DDLS_project/code/get_bmrb_data/bmrb_nmrstar/bmse012076/bmse012076.str
bmse012077,/Users/alfred/Documents/GitHub/DDLS_project/code/get_bmrb_data/bmrb_nmrstar/bmse012077/bmse012077.str
bmse012078,/Users/alfred/Documents/GitHub/DDLS_project/code/get_bmrb_data/bmrb_nmrstar/bmse012078/bmse012078.str
bmse012079,/Users/alfred/Documents/GitHub/DDLS_project/code/get_bmrb_data/bmrb_nmrstar/bmse012079/bmse012079.str
bmse012080,/Users/alfred/Documents/GitHub/DDLS_project/code/get_bmrb_data/bmrb_nmrstar/bmse012080/bmse012080.str
bmse012081,/Users/alfred/Documents/GitHub/DDLS_project/code/get_bmrb_data/bmrb_nmrstar/bmse012081/bmse012081.str
bmse012082,/Users/alfred/Documents/GitHub/DDLS_project/code/get_bmrb_data/bmrb_nmrstar/bmse012082/bmse012082.str
bmse012083,/Users/alfred/Documents/GitHub/DDLS_project/code/get_bmrb_data/bmrb_nmrstar/bmse012083/bmse012083.str
bmse012084,/Users/alfred/Documents/GitHub/DDLS_project/code/get_bmrb_data/bmrb_nmrstar/bmse012084/bmse012084.str
bmse012085,/Users/alfred/Documents/GitHub/DDLS_project/code/get_bmrb_data/bmrb_nmrstar/bmse012085/bmse012085.str
bmse012086,/Users/alfred/Documents/GitHub/DDLS_project/code/get_bmrb_data/bmrb_nmrstar/bmse012086/bmse012086.str
bmse012087,/Users/alfred/Documents/GitHub/DDLS_project/code/get_bmrb_data/bmrb_nmrstar/bmse012087/bmse012087.str
bmse012088,/Users/alfred/Documents/GitHub/DDLS_project/code/get_bmrb_data/bmrb_nmrstar/bmse012088/bmse012088.str
bmse012089,/Users/alfred/Documents/GitHub/DDLS_project/code/get_bmrb_data/bmrb_nmrstar/bmse012089/bmse012089.str
bmse012090,/Users/alfred/Documents/GitHub/DDLS_project/code/get_bmrb_data/bmrb_nmrstar/bmse012090/bmse012090.str
bmse012091,/Users/alfred/Documents/GitHub/DDLS_project/code/get_bmrb_data/bmrb_nmrstar/bmse012091/bmse012091.str
bmse012092,/Users/alfred/Documents/GitHub/DDLS_project/code/get_bmrb_data/bmrb_nmrstar/bmse012092/bmse012092.str
bmse012093,/Users/alfred/Documents/GitHub/DDLS_project/code/get_bmrb_data/bmrb_nmrstar/bmse012093/bmse012093.str
bmse012094,/Users/alfred/Documents/GitHub/DDLS_project/code/get_bmrb_data/bmrb_nmrstar/bmse012094/bmse012094.str
bmse012095,/Users/alfred/Documents/GitHub/DDLS_project/code/get_bmrb_data/bmrb_nmrstar/bmse012095/bmse012095.str
bmse012096,/Users/alfred/Documents/GitHub/DDLS_project/code/get_bmrb_data/bmrb_nmrstar/bmse012096/bmse012096.str
bmse012097,/Users/alfred/Documents/GitHub/DDLS_project/code/get_bmrb_data/bmrb_nmrstar/bmse012097/bmse012097.str
bmse012098,/Users/alfred/Documents/GitHub/DDLS_project/code/get_bmrb_data/bmrb_nmrstar/bmse012098/bmse012098.str
bmse012099,/Users/alfred/Documents/GitHub/DDLS_project/code/get_bmrb_data/bmrb_nmrstar/bmse012099/bmse012099.str
bmse012100,/Users/alfred/Documents/GitHub/DDLS_project/code/get_bmrb_data/bmrb_nmrstar/bmse012100/bmse012100.str
bmse012101,/Users/alfred/Documents/GitHub/DDLS_project/code/get_bmrb_data/bmrb_nmrstar/bmse012101/bmse012101.str
bmse012102,/Users/alfred/Documents/GitHub/DDLS_project/code/get_bmrb_data/bmrb_nmrstar/bmse012102/bmse012102.str
bmse012103,/Users/alfred/Documents/GitHub/DDLS_project/code/get_bmrb_data/bmrb_nmrstar/bmse012103/bmse012103.str
bmse012104,/Users/alfred/Documents/GitHub/DDLS_project/code/get_bmrb_data/bmrb_nmrstar/bmse012104/bmse012104.str
bmse012105,/Users/alfred/Documents/GitHub/DDLS_project/code/get_bmrb_data/bmrb_nmrstar/bmse012105/bmse012105.str
bmse012106,/Users/alfred/Documents/GitHub/DDLS_project/code/get_bmrb_data/bmrb_nmrstar/bmse012106/bmse012106.str
bmse012107,/Users/alfred/Documents/GitHub/DDLS_project/code/get_bmrb_data/bmrb_nmrstar/bmse012107/bmse012107.str
bmse012108,/Users/alfred/Documents/GitHub/DDLS_project/code/get_bmrb_data/bmrb_nmrstar/bmse012108/bmse012108.str
bmse012109,/Users/alfred/Documents/GitHub/DDLS_project/code/get_bmrb_data/bmrb_nmrstar/bmse012109/bmse012109.str
bmse012110,/Users/alfred/Documents/GitHub/DDLS_project/code/get_bmrb_data/bmrb_nmrstar/bmse012110/bmse012110.str
bmse012111,/Users/alfred/Documents/GitHub/DDLS_project/code/get_bmrb_data/bmrb_nmrstar/bmse012111/bmse012111.str
bmse012112,/Users/alfred/Documents/GitHub/DDLS_project/code/get_bmrb_data/bmrb_nmrstar/bmse012112/bmse012112.str
bmse012113,/Users/alfred/Documents/GitHub/DDLS_project/code/get_bmrb_data/bmrb_nmrstar/bmse012113/bmse012113.str
bmse012114,/Users/alfred/Documents/GitHub/DDLS_project/code/get_bmrb_data/bmrb_nmrstar/bmse012114/bmse012114.str
bmse012115,/Users/alfred/Documents/GitHub/DDLS_project/code/get_bmrb_data/bmrb_nmrstar/bmse012115/bmse012115.str
bmse012116,/Users/alfred/Documents/GitHub/DDLS_project/code/get_bmrb_data/bmrb_nmrstar/bmse012116/bmse012116.str
bmse012117,/Users/alfred/Documents/GitHub/DDLS_project/code/get_bmrb_data/bmrb_nmrstar/bmse012117/bmse012117.str
bmse012118,/Users/alfred/Documents/GitHub/DDLS_project/code/get_bmrb_data/bmrb_nmrstar/bmse012118/bmse012118.str
bmse012119,/Users/alfred/Documents/GitHub/DDLS_project/code/get_bmrb_data/bmrb_nmrstar/bmse012119/bmse012119.str
bmse012120,/Users/alfred/Documents/GitHub/DDLS_project/code/get_bmrb_data/bmrb_nmrstar/bmse012120/bmse012120.str
bmse012121,/Users/alfred/Documents/GitHub/DDLS_project/code/get_bmrb_data/bmrb_nmrstar/bmse012121/bmse012121.str
bmse012122,/Users/alfred/Documents/GitHub/DDLS_project/code/get_bmrb_data/bmrb_nmrstar/bmse012122/bmse012122.str
bmse012123,/Users/alfred/Documents/GitHub/DDLS_project/code/get_bmrb_data/bmrb_nmrstar/bmse012123/bmse012123.str
bmse012124,/Users/alfred/Documents/GitHub/DDLS_project/code/get_bmrb_data/bmrb_nmrstar/bmse012124/bmse012124.str
bmse012125,/Users/alfred/Documents/GitHub/DDLS_project/code/get_bmrb_data/bmrb_nmrstar/bmse012125/bmse012125.str
bmse012126,/Users/alfred/Documents/GitHub/DDLS_project/code/get_bmrb_data/bmrb_nmrstar/bmse012126/bmse012126.str
bmse012127,/Users/alfred/Documents/GitHub/DDLS_project/code/get_bmrb_data/bmrb_nmrstar/bmse012127/bmse012127.str
bmse012128,/Users/alfred/Documents/GitHub/DDLS_project/code/get_bmrb_data/bmrb_nmrstar/bmse012128/bmse012128.str
bmse012129,/Users/alfred/Documents/GitHub/DDLS_project/code/get_bmrb_data/bmrb_nmrstar/bmse012129/bmse012129.str
bmse012130,/Users/alfred/Documents/GitHub/DDLS_project/code/get_bmrb_data/bmrb_nmrstar/bmse012130/bmse012130.str
bmse012131,/Users/alfred/Documents/GitHub/DDLS_project/code/get_bmrb_data/bmrb_nmrstar/bmse012131/bmse012131.str
bmse012132,/Users/alfred/Documents/GitHub/DDLS_project/code/get_bmrb_data/bmrb_nmrstar/bmse012132/bmse012132.str
bmse012133,/Users/alfred/Documents/GitHub/DDLS_project/code/get_bmrb_data/bmrb_nmrstar/bmse012133/bmse012133.str
bmse012134,/Users/alfred/Documents/GitHub/DDLS_project/code/get_bmrb_data/bmrb_nmrstar/bmse012134/bmse012134.str
bmse012135,/Users/alfred/Documents/GitHub/DDLS_project/code/get_bmrb_data/bmrb_nmrstar/bmse012135/bmse012135.str
bmse012136,/Users/alfred/Documents/GitHub/DDLS_project/code/get_bmrb_data/bmrb_nmrstar/bmse012136/bmse012136.str
bmse012137,/Users/alfred/Documents/GitHub/DDLS_project/code/get_bmrb_data/bmrb_nmrstar/bmse012137/bmse012137.str
bmse012138,/Users/alfred/Documents/GitHub/DDLS_project/code/get_bmrb_data/bmrb_nmrstar/bmse012138/bmse012138.str
bmse012139,/Users/alfred/Documents/GitHub/DDLS_project/code/get_bmrb_data/bmrb_nmrstar/bmse012139/bmse012139.str
bmse012140,/Users/alfred/Documents/GitHub/DDLS_project/code/get_bmrb_data/bmrb_nmrstar/bmse012140/bmse012140.str
bmse012141,/Users/alfred/Documents/GitHub/DDLS_project/code/get_bmrb_data/bmrb_nmrstar/bmse012141/bmse012141.str
bmse012142,/Users/alfred/Documents/GitHub/DDLS_project/code/get_bmrb_data/bmrb_nmrstar/bmse012142/bmse012142.str
bmse012143,/Users/alfred/Documents/GitHub/DDLS_project/code/get_bmrb_data/bmrb_nmrstar/bmse012143/bmse012143.str
bmse012144,/Users/alfred/Documents/GitHub/DDLS_project/code/get_bmrb_data/bmrb_nmrstar/bmse012144/bmse012144.str
bmse012145,/Users/alfred/Documents/GitHub/DDLS_project/code/get_bmrb_data/bmrb_nmrstar/bmse012145/bmse012145.str
bmse012146,/Users/alfred/Documents/GitHub/DDLS_project/code/get_bmrb_data/bmrb_nmrstar/bmse012146/bmse012146.str
bmse012147,/Users/alfred/Documents/GitHub/DDLS_project/code/get_bmrb_data/bmrb_nmrstar/bmse012147/bmse012147.str
bmse012148,/Users/alfred/Documents/GitHub/DDLS_project/code/get_bmrb_data/bmrb_nmrstar/bmse012148/bmse012148.str
bmse012149,/Users/alfred/Documents/GitHub/DDLS_project/code/get_bmrb_data/bmrb_nmrstar/bmse012149/bmse012149.str
bmse012150,/Users/alfred/Documents/GitHub/DDLS_project/code/get_bmrb_data/bmrb_nmrstar/bmse012150/bmse012150.str
bmse012151,/Users/alfred/Documents/GitHub/DDLS_project/code/get_bmrb_data/bmrb_nmrstar/bmse012151/bmse012151.str
bmse012152,/Users/alfred/Documents/GitHub/DDLS_project/code/get_bmrb_data/bmrb_nmrstar/bmse012152/bmse012152.str
bmse012153,/Users/alfred/Documents/GitHub/DDLS_project/code/get_bmrb_data/bmrb_nmrstar/bmse012153/bmse012153.str
bmse012154,/Users/alfred/Documents/GitHub/DDLS_project/code/get_bmrb_data/bmrb_nmrstar/bmse012154/bmse012154.str
bmse012155,/Users/alfred/Documents/GitHub/DDLS_project/code/get_bmrb_data/bmrb_nmrstar/bmse012155/bmse012155.str
bmse012156,/Users/alfred/Documents/GitHub/DDLS_project/code/get_bmrb_data/bmrb_nmrstar/bmse012156/bmse012156.str
bmse012157,/Users/alfred/Documents/GitHub/DDLS_project/code/get_bmrb_data/bmrb_nmrstar/bmse012157/bmse012157.str
bmse012158,/Users/alfred/Documents/GitHub/DDLS_project/code/get_bmrb_data/bmrb_nmrstar/bmse012158/bmse012158.str
bmse012159,/Users/alfred/Documents/GitHub/DDLS_project/code/get_bmrb_data/bmrb_nmrstar/bmse012159/bmse012159.str
bmse012160,/Users/alfred/Documents/GitHub/DDLS_project/code/get_bmrb_data/bmrb_nmrstar/bmse012160/bmse012160.str
bmse012161,/Users/alfred/Documents/GitHub/DDLS_project/code/get_bmrb_data/bmrb_nmrstar/bmse012161/bmse012161.str
bmse012162,/Users/alfred/Documents/GitHub/DDLS_project/code/get_bmrb_data/bmrb_nmrstar/bmse012162/bmse012162.str
bmse012163,/Users/alfred/Documents/GitHub/DDLS_project/code/get_bmrb_data/bmrb_nmrstar/bmse012163/bmse012163.str
bmse012164,/Users/alfred/Documents/GitHub/DDLS_project/code/get_bmrb_data/bmrb_nmrstar/bmse012164/bmse012164.str
bmse012165,/Users/alfred/Documents/GitHub/DDLS_project/code/get_bmrb_data/bmrb_nmrstar/bmse012165/bmse012165.str
bmse012166,/Users/alfred/Documents/GitHub/DDLS_project/code/get_bmrb_data/bmrb_nmrstar/bmse012166/bmse012166.str
bmse012167,/Users/alfred/Documents/GitHub/DDLS_project/code/get_bmrb_data/bmrb_nmrstar/bmse012167/bmse012167.str
bmse012168,/Users/alfred/Documents/GitHub/DDLS_project/code/get_bmrb_data/bmrb_nmrstar/bmse012168/bmse012168.str
bmse012169,/Users/alfred/Documents/GitHub/DDLS_project/code/get_bmrb_data/bmrb_nmrstar/bmse012169/bmse012169.str
bmse012170,/Users/alfred/Documents/GitHub/DDLS_project/code/get_bmrb_data/bmrb_nmrstar/bmse012170/bmse012170.str
bmse012171,/Users/alfred/Documents/GitHub/DDLS_project/code/get_bmrb_data/bmrb_nmrstar/bmse012171/bmse012171.str
bmse012172,/Users/alfred/Documents/GitHub/DDLS_project/code/get_bmrb_data/bmrb_nmrstar/bmse012172/bmse012172.str
bmse012173,/Users/alfred/Documents/GitHub/DDLS_project/code/get_bmrb_data/bmrb_nmrstar/bmse012173/bmse012173.str
bmse012174,/Users/alfred/Documents/GitHub/DDLS_project/code/get_bmrb_data/bmrb_nmrstar/bmse012174/bmse012174.str
bmse012175,/Users/alfred/Documents/GitHub/DDLS_project/code/get_bmrb_data/bmrb_nmrstar/bmse012175/bmse012175.str
bmse012176,/Users/alfred/Documents/GitHub/DDLS_project/code/get_bmrb_data/bmrb_nmrstar/bmse012176/bmse012176.str
bmse012177,/Users/alfred/Documents/GitHub/DDLS_project/code/get_bmrb_data/bmrb_nmrstar/bmse012177/bmse012177.str
bmse012178,/Users/alfred/Documents/GitHub/DDLS_project/code/get_bmrb_data/bmrb_nmrstar/bmse012178/bmse012178.str
bmse012179,/Users/alfred/Documents/GitHub/DDLS_project/code/get_bmrb_data/bmrb_nmrstar/bmse012179/bmse012179.str
bmse012180,/Users/alfred/Documents/GitHub/DDLS_project/code/get_bmrb_data/bmrb_nmrstar/bmse012180/bmse012180.str
bmse012181,/Users/alfred/Documents/GitHub/DDLS_project/code/get_bmrb_data/bmrb_nmrstar/bmse012181/bmse012181.str
bmse012182,/Users/alfred/Documents/GitHub/DDLS_project/code/get_bmrb_data/bmrb_nmrstar/bmse012182/bmse012182.str
bmse012183,/Users/alfred/Documents/GitHub/DDLS_project/code/get_bmrb_data/bmrb_nmrstar/bmse012183/bmse012183.str
bmse012184,/Users/alfred/Documents/GitHub/DDLS_project/code/get_bmrb_data/bmrb_nmrstar/bmse012184/bmse012184.str
bmse012185,/Users/alfred/Documents/GitHub/DDLS_project/code/get_bmrb_data/bmrb_nmrstar/bmse012185/bmse012185.str
bmse012186,/Users/alfred/Documents/GitHub/DDLS_project/code/get_bmrb_data/bmrb_nmrstar/bmse012186/bmse012186.str
bmse012187,/Users/alfred/Documents/GitHub/DDLS_project/code/get_bmrb_data/bmrb_nmrstar/bmse012187/bmse012187.str
bmse012188,/Users/alfred/Documents/GitHub/DDLS_project/code/get_bmrb_data/bmrb_nmrstar/bmse012188/bmse012188.str
bmse012189,/Users/alfred/Documents/GitHub/DDLS_project/code/get_bmrb_data/bmrb_nmrstar/bmse012189/bmse012189.str
bmse012190,/Users/alfred/Documents/GitHub/DDLS_project/code/get_bmrb_data/bmrb_nmrstar/bmse012190/bmse012190.str
bmse012191,/Users/alfred/Documents/GitHub/DDLS_project/code/get_bmrb_data/bmrb_nmrstar/bmse012191/bmse012191.str
bmse012192,/Users/alfred/Documents/GitHub/DDLS_project/code/get_bmrb_data/bmrb_nmrstar/bmse012192/bmse012192.str
bmse012193,/Users/alfred/Documents/GitHub/DDLS_project/code/get_bmrb_data/bmrb_nmrstar/bmse012193/bmse012193.str
bmse012194,/Users/alfred/Documents/GitHub/DDLS_project/code/get_bmrb_data/bmrb_nmrstar/bmse012194/bmse012194.str
bmse012195,/Users/alfred/Documents/GitHub/DDLS_project/code/get_bmrb_data/bmrb_nmrstar/bmse012195/bmse012195.str
bmse012196,/Users/alfred/Documents/GitHub/DDLS_project/code/get_bmrb_data/bmrb_nmrstar/bmse012196/bmse012196.str
bmse012197,/Users/alfred/Documents/GitHub/DDLS_project/code/get_bmrb_data/bmrb_nmrstar/bmse012197/bmse012197.str
bmse012198,/Users/alfred/Documents/GitHub/DDLS_project/code/get_bmrb_data/bmrb_nmrstar/bmse012198/bmse012198.str
bmse012199,/Users/alfred/Documents/GitHub/DDLS_project/code/get_bmrb_data/bmrb_nmrstar/bmse012199/bmse012199.str
bmse012200,/Users/alfred/Documents/GitHub/DDLS_project/code/get_bmrb_data/bmrb_nmrstar/bmse012200/bmse012200.str
bmse012201,/Users/alfred/Documents/GitHub/DDLS_project/code/get_bmrb_data/bmrb_nmrstar/bmse012201/bmse012201.str
bmse012202,/Users/alfred/Documents/GitHub/DDLS_project/code/get_bmrb_data/bmrb_nmrstar/bmse012202/bmse012202.str
bmse012203,/Users/alfred/Documents/GitHub/DDLS_project/code/get_bmrb_data/bmrb_nmrstar/bmse012203/bmse012203.str
bmse012204,/Users/alfred/Documents/GitHub/DDLS_project/code/get_bmrb_data/bmrb_nmrstar/bmse012204/bmse012204.str
bmse012205,/Users/alfred/Documents/GitHub/DDLS_project/code/get_bmrb_data/bmrb_nmrstar/bmse012205/bmse012205.str
bmse012206,/Users/alfred/Documents/GitHub/DDLS_project/code/get_bmrb_data/bmrb_nmrstar/bmse012206/bmse012206.str
bmse012207,/Users/alfred/Documents/GitHub/DDLS_project/code/get_bmrb_data/bmrb_nmrstar/bmse012207/bmse012207.str
bmse012208,/Users/alfred/Documents/GitHub/DDLS_project/code/get_bmrb_data/bmrb_nmrstar/bmse012208/bmse012208.str
bmse012209,/Users/alfred/Documents/GitHub/DDLS_project/code/get_bmrb_data/bmrb_nmrstar/bmse012209/bmse012209.str
bmse012210,/Users/alfred/Documents/GitHub/DDLS_project/code/get_bmrb_data/bmrb_nmrstar/bmse012210/bmse012210.str
bmse012211,/Users/alfred/Documents/GitHub/DDLS_project/code/get_bmrb_data/bmrb_nmrstar/bmse012211/bmse012211.str
bmse012212,/Users/alfred/Documents/GitHub/DDLS_project/code/get_bmrb_data/bmrb_nmrstar/bmse012212/bmse012212.str
bmse012213,/Users/alfred/Documents/GitHub/DDLS_project/code/get_bmrb_data/bmrb_nmrstar/bmse012213/bmse012213.str
bmse012214,/Users/alfred/Documents/GitHub/DDLS_project/code/get_bmrb_data/bmrb_nmrstar/bmse012214/bmse012214.str
bmse012215,/Users/alfred/Documents/GitHub/DDLS_project/code/get_bmrb_data/bmrb_nmrstar/bmse012215/bmse012215.str
bmse012216,/Users/alfred/Documents/GitHub/DDLS_project/code/get_bmrb_data/bmrb_nmrstar/bmse012216/bmse012216.str
bmse012217,/Users/alfred/Documents/GitHub/DDLS_project/code/get_bmrb_data/bmrb_nmrstar/bmse012217/bmse012217.str
bmse012218,/Users/alfred/Documents/GitHub/DDLS_project/code/get_bmrb_data/bmrb_nmrstar/bmse012218/bmse012218.str
bmse012219,/Users/alfred/Documents/GitHub/DDLS_project/code/get_bmrb_data/bmrb_nmrstar/bmse012219/bmse012219.str
bmse012220,/Users/alfred/Documents/GitHub/DDLS_project/code/get_bmrb_data/bmrb_nmrstar/bmse012220/bmse012220.str
bmse012221,/Users/alfred/Documents/GitHub/DDLS_project/code/get_bmrb_data/bmrb_nmrstar/bmse012221/bmse012221.str
bmse012222,/Users/alfred/Documents/GitHub/DDLS_project/code/get_bmrb_data/bmrb_nmrstar/bmse012222/bmse012222.str
bmse012223,/Users/alfred/Documents/GitHub/DDLS_project/code/get_bmrb_data/bmrb_nmrstar/bmse012223/bmse012223.str
bmse012224,/Users/alfred/Documents/GitHub/DDLS_project/code/get_bmrb_data/bmrb_nmrstar/bmse012224/bmse012224.str
bmse012225,/Users/alfred/Documents/GitHub/DDLS_project/code/get_bmrb_data/bmrb_nmrstar/bmse012225/bmse012225.str
bmse012226,/Users/alfred/Documents/GitHub/DDLS_project/code/get_bmrb_data/bmrb_nmrstar/bmse012226/bmse012226.str
bmse012227,/Users/alfred/Documents/GitHub/DDLS_project/code/get_bmrb_data/bmrb_nmrstar/bmse012227/bmse012227.str
bmse012228,/Users/alfred/Documents/GitHub/DDLS_project/code/get_bmrb_data/bmrb_nmrstar/bmse012228/bmse012228.str
bmse012229,/Users/alfred/Documents/GitHub/DDLS_project/code/get_bmrb_data/bmrb_nmrstar/bmse012229/bmse012229.str
bmse012230,/Users/alfred/Documents/GitHub/DDLS_project/code/get_bmrb_data/bmrb_nmrstar/bmse012230/bmse012230.str
bmse012231,/Users/alfred/Documents/GitHub/DDLS_project/code/get_bmrb_data/bmrb_nmrstar/bmse012231/bmse012231.str
bmse012232,/Users/alfred/Documents/GitHub/DDLS_project/code/get_bmrb_data/bmrb_nmrstar/bmse012232/bmse012232.str
bmse012233,/Users/alfred/Documents/GitHub/DDLS_project/code/get_bmrb_data/bmrb_nmrstar/bmse012233/bmse012233.str
bmse012234,/Users/alfred/Documents/GitHub/DDLS_project/code/get_bmrb_data/bmrb_nmrstar/bmse012234/bmse012234.str
bmse012235,/Users/alfred/Documents/GitHub/DDLS_project/code/get_bmrb_data/bmrb_nmrstar/bmse012235/bmse012235.str
bmse012236,/Users/alfred/Documents/GitHub/DDLS_project/code/get_bmrb_data/bmrb_nmrstar/bmse012236/bmse012236.str
bmse012237,/Users/alfred/Documents/GitHub/DDLS_project/code/get_bmrb_data/bmrb_nmrstar/bmse012237/bmse012237.str
bmse012238,/Users/alfred/Documents/GitHub/DDLS_project/code/get_bmrb_data/bmrb_nmrstar/bmse012238/bmse012238.str
bmse012239,/Users/alfred/Documents/GitHub/DDLS_project/code/get_bmrb_data/bmrb_nmrstar/bmse012239/bmse012239.str
bmse012240,/Users/alfred/Documents/GitHub/DDLS_project/code/get_bmrb_data/bmrb_nmrstar/bmse012240/bmse012240.str
bmse012241,/Users/alfred/Documents/GitHub/DDLS_project/code/get_bmrb_data/bmrb_nmrstar/bmse012241/bmse012241.str
bmse012242,/Users/alfred/Documents/GitHub/DDLS_project/code/get_bmrb_data/bmrb_nmrstar/bmse012242/bmse012242.str
bmse012243,/Users/alfred/Documents/GitHub/DDLS_project/code/get_bmrb_data/bmrb_nmrstar/bmse012243/bmse012243.str
bmse012244,/Users/alfred/Documents/GitHub/DDLS_project/code/get_bmrb_data/bmrb_nmrstar/bmse012244/bmse012244.str
bmse012245,/Users/alfred/Documents/GitHub/DDLS_project/code/get_bmrb_data/bmrb_nmrstar/bmse012245/bmse012245.str
bmse012246,/Users/alfred/Documents/GitHub/DDLS_project/code/get_bmrb_data/bmrb_nmrstar/bmse012246/bmse012246.str
bmse012247,/Users/alfred/Documents/GitHub/DDLS_project/code/get_bmrb_data/bmrb_nmrstar/bmse012247/bmse012247.str
bmse012248,/Users/alfred/Documents/GitHub/DDLS_project/code/get_bmrb_data/bmrb_nmrstar/bmse012248/bmse012248.str
bmse012249,/Users/alfred/Documents/GitHub/DDLS_project/code/get_bmrb_data/bmrb_nmrstar/bmse012249/bmse012249.str
bmse012250,/Users/alfred/Documents/GitHub/DDLS_project/code/get_bmrb_data/bmrb_nmrstar/bmse012250/bmse012250.str
bmse012251,/Users/alfred/Documents/GitHub/DDLS_project/code/get_bmrb_data/bmrb_nmrstar/bmse012251/bmse012251.str
bmse012252,/Users/alfred/Documents/GitHub/DDLS_project/code/get_bmrb_data/bmrb_nmrstar/bmse012252/bmse012252.str
bmse012253,/Users/alfred/Documents/GitHub/DDLS_project/code/get_bmrb_data/bmrb_nmrstar/bmse012253/bmse012253.str
bmse012254,/Users/alfred/Documents/GitHub/DDLS_project/code/get_bmrb_data/bmrb_nmrstar/bmse012254/bmse012254.str
bmse012255,/Users/alfred/Documents/GitHub/DDLS_project/code/get_bmrb_data/bmrb_nmrstar/bmse012255/bmse012255.str
bmse012256,/Users/alfred/Documents/GitHub/DDLS_project/code/get_bmrb_data/bmrb_nmrstar/bmse012256/bmse012256.str
bmse012257,/Users/alfred/Documents/GitHub/DDLS_project/code/get_bmrb_data/bmrb_nmrstar/bmse012257/bmse012257.str
bmse012258,/Users/alfred/Documents/GitHub/DDLS_project/code/get_bmrb_data/bmrb_nmrstar/bmse012258/bmse012258.str
bmse012259,/Users/alfred/Documents/GitHub/DDLS_project/code/get_bmrb_data/bmrb_nmrstar/bmse012259/bmse012259.str
bmse012260,/Users/alfred/Documents/GitHub/DDLS_project/code/get_bmrb_data/bmrb_nmrstar/bmse012260/bmse012260.str
bmse012261,/Users/alfred/Documents/GitHub/DDLS_project/code/get_bmrb_data/bmrb_nmrstar/bmse012261/bmse012261.str
bmse012262,/Users/alfred/Documents/GitHub/DDLS_project/code/get_bmrb_data/bmrb_nmrstar/bmse012262/bmse012262.str
bmse012263,/Users/alfred/Documents/GitHub/DDLS_project/code/get_bmrb_data/bmrb_nmrstar/bmse012263/bmse012263.str
bmse012264,/Users/alfred/Documents/GitHub/DDLS_project/code/get_bmrb_data/bmrb_nmrstar/bmse012264/bmse012264.str
bmse012265,/Users/alfred/Documents/GitHub/DDLS_project/code/get_bmrb_data/bmrb_nmrstar/bmse012265/bmse012265.str
bmse012266,/Users/alfred/Documents/GitHub/DDLS_project/code/get_bmrb_data/bmrb_nmrstar/bmse012266/bmse012266.str
bmse012267,/Users/alfred/Documents/GitHub/DDLS_project/code/get_bmrb_data/bmrb_nmrstar/bmse012267/bmse012267.str
bmse012268,/Users/alfred/Documents/GitHub/DDLS_project/code/get_bmrb_data/bmrb_nmrstar/bmse012268/bmse012268.str
bmse012269,/Users/alfred/Documents/GitHub/DDLS_project/code/get_bmrb_data/bmrb_nmrstar/bmse012269/bmse012269.str
bmse012270,/Users/alfred/Documents/GitHub/DDLS_project/code/get_bmrb_data/bmrb_nmrstar/bmse012270/bmse012270.str
bmse012271,/Users/alfred/Documents/GitHub/DDLS_project/code/get_bmrb_data/bmrb_nmrstar/bmse012271/bmse012271.str
bmse012272,/Users/alfred/Documents/GitHub/DDLS_project/code/get_bmrb_data/bmrb_nmrstar/bmse012272/bmse012272.str
bmse012273,/Users/alfred/Documents/GitHub/DDLS_project/code/get_bmrb_data/bmrb_nmrstar/bmse012273/bmse012273.str
bmse012274,/Users/alfred/Documents/GitHub/DDLS_project/code/get_bmrb_data/bmrb_nmrstar/bmse012274/bmse012274.str
bmse012275,/Users/alfred/Documents/GitHub/DDLS_project/code/get_bmrb_data/bmrb_nmrstar/bmse012275/bmse012275.str
bmse012276,/Users/alfred/Documents/GitHub/DDLS_project/code/get_bmrb_data/bmrb_nmrstar/bmse012276/bmse012276.str
bmse012277,/Users/alfred/Documents/GitHub/DDLS_project/code/get_bmrb_data/bmrb_nmrstar/bmse012277/bmse012277.str
bmse012278,/Users/alfred/Documents/GitHub/DDLS_project/code/get_bmrb_data/bmrb_nmrstar/bmse012278/bmse012278.str
bmse012279,/Users/alfred/Documents/GitHub/DDLS_project/code/get_bmrb_data/bmrb_nmrstar/bmse012279/bmse012279.str
bmse012280,/Users/alfred/Documents/GitHub/DDLS_project/code/get_bmrb_data/bmrb_nmrstar/bmse012280/bmse012280.str
bmse012281,/Users/alfred/Documents/GitHub/DDLS_project/code/get_bmrb_data/bmrb_nmrstar/bmse012281/bmse012281.str
bmse012282,/Users/alfred/Documents/GitHub/DDLS_project/code/get_bmrb_data/bmrb_nmrstar/bmse012282/bmse012282.str
bmse012283,/Users/alfred/Documents/GitHub/DDLS_project/code/get_bmrb_data/bmrb_nmrstar/bmse012283/bmse012283.str
bmse012284,/Users/alfred/Documents/GitHub/DDLS_project/code/get_bmrb_data/bmrb_nmrstar/bmse012284/bmse012284.str
bmse012285,/Users/alfred/Documents/GitHub/DDLS_project/code/get_bmrb_data/bmrb_nmrstar/bmse012285/bmse012285.str
bmse012286,/Users/alfred/Documents/GitHub/DDLS_project/code/get_bmrb_data/bmrb_nmrstar/bmse012286/bmse012286.str
bmse012287,/Users/alfred/Documents/GitHub/DDLS_project/code/get_bmrb_data/bmrb_nmrstar/bmse012287/bmse012287.str
bmse012288,/Users/alfred/Documents/GitHub/DDLS_project/code/get_bmrb_data/bmrb_nmrstar/bmse012288/bmse012288.str
bmse012289,/Users/alfred/Documents/GitHub/DDLS_project/code/get_bmrb_data/bmrb_nmrstar/bmse012289/bmse012289.str
bmse012290,/Users/alfred/Documents/GitHub/DDLS_project/code/get_bmrb_data/bmrb_nmrstar/bmse012290/bmse012290.str
bmse012291,/Users/alfred/Documents/GitHub/DDLS_project/code/get_bmrb_data/bmrb_nmrstar/bmse012291/bmse012291.str
bmse012292,/Users/alfred/Documents/GitHub/DDLS_project/code/get_bmrb_data/bmrb_nmrstar/bmse012292/bmse012292.str
bmse012293,/Users/alfred/Documents/GitHub/DDLS_project/code/get_bmrb_data/bmrb_nmrstar/bmse012293/bmse012293.str
bmse012294,/Users/alfred/Documents/GitHub/DDLS_project/code/get_bmrb_data/bmrb_nmrstar/bmse012294/bmse012294.str
bmse012295,/Users/alfred/Documents/GitHub/DDLS_project/code/get_bmrb_data/bmrb_nmrstar/bmse012295/bmse012295.str
bmse012296,/Users/alfred/Documents/GitHub/DDLS_project/code/get_bmrb_data/bmrb_nmrstar/bmse012296/bmse012296.str
bmse012297,/Users/alfred/Documents/GitHub/DDLS_project/code/get_bmrb_data/bmrb_nmrstar/bmse012297/bmse012297.str
bmse012298,/Users/alfred/Documents/GitHub/DDLS_project/code/get_bmrb_data/bmrb_nmrstar/bmse012298/bmse012298.str
bmse012299,/Users/alfred/Documents/GitHub/DDLS_project/code/get_bmrb_data/bmrb_nmrstar/bmse012299/bmse012299.str
bmse012300,/Users/alfred/Documents/GitHub/DDLS_project/code/get_bmrb_data/bmrb_nmrstar/bmse012300/bmse012300.str
bmse012301,/Users/alfred/Documents/GitHub/DDLS_project/code/get_bmrb_data/bmrb_nmrstar/bmse012301/bmse012301.str
bmse012302,/Users/alfred/Documents/GitHub/DDLS_project/code/get_bmrb_data/bmrb_nmrstar/bmse012302/bmse012302.str
bmse012303,/Users/alfred/Documents/GitHub/DDLS_project/code/get_bmrb_data/bmrb_nmrstar/bmse012303/bmse012303.str
bmse012304,/Users/alfred/Documents/GitHub/DDLS_project/code/get_bmrb_data/bmrb_nmrstar/bmse012304/bmse012304.str
bmse012305,/Users/alfred/Documents/GitHub/DDLS_project/code/get_bmrb_data/bmrb_nmrstar/bmse012305/bmse012305.str
bmse012306,/Users/alfred/Documents/GitHub/DDLS_project/code/get_bmrb_data/bmrb_nmrstar/bmse012306/bmse012306.str
bmse012307,/Users/alfred/Documents/GitHub/DDLS_project/code/get_bmrb_data/bmrb_nmrstar/bmse012307/bmse012307.str
bmse012308,/Users/alfred/Documents/GitHub/DDLS_project/code/get_bmrb_data/bmrb_nmrstar/bmse012308/bmse012308.str
bmse012309,/Users/alfred/Documents/GitHub/DDLS_project/code/get_bmrb_data/bmrb_nmrstar/bmse012309/bmse012309.str
bmse012310,/Users/alfred/Documents/GitHub/DDLS_project/code/get_bmrb_data/bmrb_nmrstar/bmse012310/bmse012310.str
bmse012311,/Users/alfred/Documents/GitHub/DDLS_project/code/get_bmrb_data/bmrb_nmrstar/bmse012311/bmse012311.str
bmse012312,/Users/alfred/Documents/GitHub/DDLS_project/code/get_bmrb_data/bmrb_nmrstar/bmse012312/bmse012312.str
bmse012313,/Users/alfred/Documents/GitHub/DDLS_project/code/get_bmrb_data/bmrb_nmrstar/bmse012313/bmse012313.str
bmse012314,/Users/alfred/Documents/GitHub/DDLS_project/code/get_bmrb_data/bmrb_nmrstar/bmse012314/bmse012314.str
bmse012315,/Users/alfred/Documents/GitHub/DDLS_project/code/get_bmrb_data/bmrb_nmrstar/bmse012315/bmse012315.str
bmse012316,/Users/alfred/Documents/GitHub/DDLS_project/code/get_bmrb_data/bmrb_nmrstar/bmse012316/bmse012316.str
bmse012317,/Users/alfred/Documents/GitHub/DDLS_project/code/get_bmrb_data/bmrb_nmrstar/bmse012317/bmse012317.str
bmse012318,/Users/alfred/Documents/GitHub/DDLS_project/code/get_bmrb_data/bmrb_nmrstar/bmse012318/bmse012318.str
bmse012319,/Users/alfred/Documents/GitHub/DDLS_project/code/get_bmrb_data/bmrb_nmrstar/bmse012319/bmse012319.str
bmse012320,/Users/alfred/Documents/GitHub/DDLS_project/code/get_bmrb_data/bmrb_nmrstar/bmse012320/bmse012320.str
bmse012321,/Users/alfred/Documents/GitHub/DDLS_project/code/get_bmrb_data/bmrb_nmrstar/bmse012321/bmse012321.str
bmse012322,/Users/alfred/Documents/GitHub/DDLS_project/code/get_bmrb_data/bmrb_nmrstar/bmse012322/bmse012322.str
bmse012323,/Users/alfred/Documents/GitHub/DDLS_project/code/get_bmrb_data/bmrb_nmrstar/bmse012323/bmse012323.str
bmse012324,/Users/alfred/Documents/GitHub/DDLS_project/code/get_bmrb_data/bmrb_nmrstar/bmse012324/bmse012324.str
bmse012325,/Users/alfred/Documents/GitHub/DDLS_project/code/get_bmrb_data/bmrb_nmrstar/bmse012325/bmse012325.str
bmse012326,/Users/alfred/Documents/GitHub/DDLS_project/code/get_bmrb_data/bmrb_nmrstar/bmse012326/bmse012326.str
bmse012327,/Users/alfred/Documents/GitHub/DDLS_project/code/get_bmrb_data/bmrb_nmrstar/bmse012327/bmse012327.str
bmse012328,/Users/alfred/Documents/GitHub/DDLS_project/code/get_bmrb_data/bmrb_nmrstar/bmse012328/bmse012328.str
bmse012329,/Users/alfred/Documents/GitHub/DDLS_project/code/get_bmrb_data/bmrb_nmrstar/bmse012329/bmse012329.str
bmse012330,/Users/alfred/Documents/GitHub/DDLS_project/code/get_bmrb_data/bmrb_nmrstar/bmse012330/bmse012330.str
bmse012331,/Users/alfred/Documents/GitHub/DDLS_project/code/get_bmrb_data/bmrb_nmrstar/bmse012331/bmse012331.str
bmse012332,/Users/alfred/Documents/GitHub/DDLS_project/code/get_bmrb_data/bmrb_nmrstar/bmse012332/bmse012332.str
bmse012333,/Users/alfred/Documents/GitHub/DDLS_project/code/get_bmrb_data/bmrb_nmrstar/bmse012333/bmse012333.str
bmse012334,/Users/alfred/Documents/GitHub/DDLS_project/code/get_bmrb_data/bmrb_nmrstar/bmse012334/bmse012334.str
bmse012335,/Users/alfred/Documents/GitHub/DDLS_project/code/get_bmrb_data/bmrb_nmrstar/bmse012335/bmse012335.str
bmse012336,/Users/alfred/Documents/GitHub/DDLS_project/code/get_bmrb_data/bmrb_nmrstar/bmse012336/bmse012336.str
bmse012337,/Users/alfred/Documents/GitHub/DDLS_project/code/get_bmrb_data/bmrb_nmrstar/bmse012337/bmse012337.str
bmse012338,/Users/alfred/Documents/GitHub/DDLS_project/code/get_bmrb_data/bmrb_nmrstar/bmse012338/bmse012338.str
bmse012339,/Users/alfred/Documents/GitHub/DDLS_project/code/get_bmrb_data/bmrb_nmrstar/bmse012339/bmse012339.str
bmse012340,/Users/alfred/Documents/GitHub/DDLS_project/code/get_bmrb_data/bmrb_nmrstar/bmse012340/bmse012340.str
bmse012341,/Users/alfred/Documents/GitHub/DDLS_project/code/get_bmrb_data/bmrb_nmrstar/bmse012341/bmse012341.str
bmse012342,/Users/alfred/Documents/GitHub/DDLS_project/code/get_bmrb_data/bmrb_nmrstar/bmse012342/bmse012342.str
bmse012343,/Users/alfred/Documents/GitHub/DDLS_project/code/get_bmrb_data/bmrb_nmrstar/bmse012343/bmse012343.str
bmse012344,/Users/alfred/Documents/GitHub/DDLS_project/code/get_bmrb_data/bmrb_nmrstar/bmse012344/bmse012344.str
bmse012345,/Users/alfred/Documents/GitHub/DDLS_project/code/get_bmrb_data/bmrb_nmrstar/bmse012345/bmse012345.str
bmse012346,/Users/alfred/Documents/GitHub/DDLS_project/code/get_bmrb_data/bmrb_nmrstar/bmse012346/bmse012346.str
bmse012347,/Users/alfred/Documents/GitHub/DDLS_project/code/get_bmrb_data/bmrb_nmrstar/bmse012347/bmse012347.str
bmse012348,/Users/alfred/Documents/GitHub/DDLS_project/code/get_bmrb_data/bmrb_nmrstar/bmse012348/bmse012348.str
bmse012349,/Users/alfred/Documents/GitHub/DDLS_project/code/get_bmrb_data/bmrb_nmrstar/bmse012349/bmse012349.str
bmse012350,/Users/alfred/Documents/GitHub/DDLS_project/code/get_bmrb_data/bmrb_nmrstar/bmse012350/bmse012350.str
bmse012351,/Users/alfred/Documents/GitHub/DDLS_project/code/get_bmrb_data/bmrb_nmrstar/bmse012351/bmse012351.str
bmse012352,/Users/alfred/Documents/GitHub/DDLS_project/code/get_bmrb_data/bmrb_nmrstar/bmse012352/bmse012352.str
bmse012353,/Users/alfred/Documents/GitHub/DDLS_project/code/get_bmrb_data/bmrb_nmrstar/bmse012353/bmse012353.str
bmse012354,/Users/alfred/Documents/GitHub/DDLS_project/code/get_bmrb_data/bmrb_nmrstar/bmse012354/bmse012354.str
bmse012355,/Users/alfred/Documents/GitHub/DDLS_project/code/get_bmrb_data/bmrb_nmrstar/bmse012355/bmse012355.str
bmse012356,/Users/alfred/Documents/GitHub/DDLS_project/code/get_bmrb_data/bmrb_nmrstar/bmse012356/bmse012356.str
bmse012357,/Users/alfred/Documents/GitHub/DDLS_project/code/get_bmrb_data/bmrb_nmrstar/bmse012357/bmse012357.str
bmse012358,/Users/alfred/Documents/GitHub/DDLS_project/code/get_bmrb_data/bmrb_nmrstar/bmse012358/bmse012358.str
bmse012359,/Users/alfred/Documents/GitHub/DDLS_project/code/get_bmrb_data/bmrb_nmrstar/bmse012359/bmse012359.str
bmse012360,/Users/alfred/Documents/GitHub/DDLS_project/code/get_bmrb_data/bmrb_nmrstar/bmse012360/bmse012360.str
bmse012361,/Users/alfred/Documents/GitHub/DDLS_project/code/get_bmrb_data/bmrb_nmrstar/bmse012361/bmse012361.str
bmse012362,/Users/alfred/Documents/GitHub/DDLS_project/code/get_bmrb_data/bmrb_nmrstar/bmse012362/bmse012362.str
bmse012363,/Users/alfred/Documents/GitHub/DDLS_project/code/get_bmrb_data/bmrb_nmrstar/bmse012363/bmse012363.str
bmse012364,/Users/alfred/Documents/GitHub/DDLS_project/code/get_bmrb_data/bmrb_nmrstar/bmse012364/bmse012364.str
bmse012365,/Users/alfred/Documents/GitHub/DDLS_project/code/get_bmrb_data/bmrb_nmrstar/bmse012365/bmse012365.str
bmse012366,/Users/alfred/Documents/GitHub/DDLS_project/code/get_bmrb_data/bmrb_nmrstar/bmse012366/bmse012366.str
bmse012367,/Users/alfred/Documents/GitHub/DDLS_project/code/get_bmrb_data/bmrb_nmrstar/bmse012367/bmse012367.str
bmse012368,/Users/alfred/Documents/GitHub/DDLS_project/code/get_bmrb_data/bmrb_nmrstar/bmse012368/bmse012368.str
bmse012369,/Users/alfred/Documents/GitHub/DDLS_project/code/get_bmrb_data/bmrb_nmrstar/bmse012369/bmse012369.str
bmse012370,/Users/alfred/Documents/GitHub/DDLS_project/code/get_bmrb_data/bmrb_nmrstar/bmse012370/bmse012370.str
bmse012371,/Users/alfred/Documents/GitHub/DDLS_project/code/get_bmrb_data/bmrb_nmrstar/bmse012371/bmse012371.str
bmse012372,/Users/alfred/Documents/GitHub/DDLS_project/code/get_bmrb_data/bmrb_nmrstar/bmse012372/bmse012372.str
bmse012373,/Users/alfred/Documents/GitHub/DDLS_project/code/get_bmrb_data/bmrb_nmrstar/bmse012373/bmse012373.str
bmse012374,/Users/alfred/Documents/GitHub/DDLS_project/code/get_bmrb_data/bmrb_nmrstar/bmse012374/bmse012374.str
bmse012375,/Users/alfred/Documents/GitHub/DDLS_project/code/get_bmrb_data/bmrb_nmrstar/bmse012375/bmse012375.str
bmse012376,/Users/alfred/Documents/GitHub/DDLS_project/code/get_bmrb_data/bmrb_nmrstar/bmse012376/bmse012376.str
bmse012377,/Users/alfred/Documents/GitHub/DDLS_project/code/get_bmrb_data/bmrb_nmrstar/bmse012377/bmse012377.str
bmse012378,/Users/alfred/Documents/GitHub/DDLS_project/code/get_bmrb_data/bmrb_nmrstar/bmse012378/bmse012378.str
bmse012379,/Users/alfred/Documents/GitHub/DDLS_project/code/get_bmrb_data/bmrb_nmrstar/bmse012379/bmse012379.str
bmse012380,/Users/alfred/Documents/GitHub/DDLS_project/code/get_bmrb_data/bmrb_nmrstar/bmse012380/bmse012380.str
bmse012381,/Users/alfred/Documents/GitHub/DDLS_project/code/get_bmrb_data/bmrb_nmrstar/bmse012381/bmse012381.str
bmse012382,/Users/alfred/Documents/GitHub/DDLS_project/code/get_bmrb_data/bmrb_nmrstar/bmse012382/bmse012382.str
bmse012383,/Users/alfred/Documents/GitHub/DDLS_project/code/get_bmrb_data/bmrb_nmrstar/bmse012383/bmse012383.str
bmse012384,/Users/alfred/Documents/GitHub/DDLS_project/code/get_bmrb_data/bmrb_nmrstar/bmse012384/bmse012384.str
bmse012385,/Users/alfred/Documents/GitHub/DDLS_project/code/get_bmrb_data/bmrb_nmrstar/bmse012385/bmse012385.str
bmse012386,/Users/alfred/Documents/GitHub/DDLS_project/code/get_bmrb_data/bmrb_nmrstar/bmse012386/bmse012386.str
bmse012387,/Users/alfred/Documents/GitHub/DDLS_project/code/get_bmrb_data/bmrb_nmrstar/bmse012387/bmse012387.str
bmse012388,/Users/alfred/Documents/GitHub/DDLS_project/code/get_bmrb_data/bmrb_nmrstar/bmse012388/bmse012388.str
bmse012389,/Users/alfred/Documents/GitHub/DDLS_project/code/get_bmrb_data/bmrb_nmrstar/bmse012389/bmse012389.str
bmse012390,/Users/alfred/Documents/GitHub/DDLS_project/code/get_bmrb_data/bmrb_nmrstar/bmse012390/bmse012390.str
bmse012391,/Users/alfred/Documents/GitHub/DDLS_project/code/get_bmrb_data/bmrb_nmrstar/bmse012391/bmse012391.str
bmse012392,/Users/alfred/Documents/GitHub/DDLS_project/code/get_bmrb_data/bmrb_nmrstar/bmse012392/bmse012392.str
bmse012393,/Users/alfred/Documents/GitHub/DDLS_project/code/get_bmrb_data/bmrb_nmrstar/bmse012393/bmse012393.str
bmse012394,/Users/alfred/Documents/GitHub/DDLS_project/code/get_bmrb_data/bmrb_nmrstar/bmse012394/bmse012394.str
bmse012395,/Users/alfred/Documents/GitHub/DDLS_project/code/get_bmrb_data/bmrb_nmrstar/bmse012395/bmse012395.str
bmse012396,/Users/alfred/Documents/GitHub/DDLS_project/code/get_bmrb_data/bmrb_nmrstar/bmse012396/bmse012396.str
bmse012397,/Users/alfred/Documents/GitHub/DDLS_project/code/get_bmrb_data/bmrb_nmrstar/bmse012397/bmse012397.str
bmse012398,/Users/alfred/Documents/GitHub/DDLS_project/code/get_bmrb_data/bmrb_nmrstar/bmse012398/bmse012398.str
bmse012399,/Users/alfred/Documents/GitHub/DDLS_project/code/get_bmrb_data/bmrb_nmrstar/bmse012399/bmse012399.str
bmse012400,/Users/alfred/Documents/GitHub/DDLS_project/code/get_bmrb_data/bmrb_nmrstar/bmse012400/bmse012400.str
bmse012401,/Users/alfred/Documents/GitHub/DDLS_project/code/get_bmrb_data/bmrb_nmrstar/bmse012401/bmse012401.str
bmse012402,/Users/alfred/Documents/GitHub/DDLS_project/code/get_bmrb_data/bmrb_nmrstar/bmse012402/bmse012402.str
bmse012403,/Users/alfred/Documents/GitHub/DDLS_project/code/get_bmrb_data/bmrb_nmrstar/bmse012403/bmse012403.str
bmse012404,/Users/alfred/Documents/GitHub/DDLS_project/code/get_bmrb_data/bmrb_nmrstar/bmse012404/bmse012404.str
bmse012405,/Users/alfred/Documents/GitHub/DDLS_project/code/get_bmrb_data/bmrb_nmrstar/bmse012405/bmse012405.str
bmse012406,/Users/alfred/Documents/GitHub/DDLS_project/code/get_bmrb_data/bmrb_nmrstar/bmse012406/bmse012406.str
bmse012407,/Users/alfred/Documents/GitHub/DDLS_project/code/get_bmrb_data/bmrb_nmrstar/bmse012407/bmse012407.str
bmse012408,/Users/alfred/Documents/GitHub/DDLS_project/code/get_bmrb_data/bmrb_nmrstar/bmse012408/bmse012408.str
bmse012409,/Users/alfred/Documents/GitHub/DDLS_project/code/get_bmrb_data/bmrb_nmrstar/bmse012409/bmse012409.str
bmse012410,/Users/alfred/Documents/GitHub/DDLS_project/code/get_bmrb_data/bmrb_nmrstar/bmse012410/bmse012410.str
bmse012411,/Users/alfred/Documents/GitHub/DDLS_project/code/get_bmrb_data/bmrb_nmrstar/bmse012411/bmse012411.str
bmse012412,/Users/alfred/Documents/GitHub/DDLS_project/code/get_bmrb_data/bmrb_nmrstar/bmse012412/bmse012412.str
bmse012413,/Users/alfred/Documents/GitHub/DDLS_project/code/get_bmrb_data/bmrb_nmrstar/bmse012413/bmse012413.str
bmse012414,/Users/alfred/Documents/GitHub/DDLS_project/code/get_bmrb_data/bmrb_nmrstar/bmse012414/bmse012414.str
bmse012415,/Users/alfred/Documents/GitHub/DDLS_project/code/get_bmrb_data/bmrb_nmrstar/bmse012415/bmse012415.str
bmse012416,/Users/alfred/Documents/GitHub/DDLS_project/code/get_bmrb_data/bmrb_nmrstar/bmse012416/bmse012416.str
bmse012417,/Users/alfred/Documents/GitHub/DDLS_project/code/get_bmrb_data/bmrb_nmrstar/bmse012417/bmse012417.str
bmse012418,/Users/alfred/Documents/GitHub/DDLS_project/code/get_bmrb_data/bmrb_nmrstar/bmse012418/bmse012418.str
bmse012419,/Users/alfred/Documents/GitHub/DDLS_project/code/get_bmrb_data/bmrb_nmrstar/bmse012419/bmse012419.str
bmse012420,/Users/alfred/Documents/GitHub/DDLS_project/code/get_bmrb_data/bmrb_nmrstar/bmse012420/bmse012420.str
bmse012421,/Users/alfred/Documents/GitHub/DDLS_project/code/get_bmrb_data/bmrb_nmrstar/bmse012421/bmse012421.str
bmse012422,/Users/alfred/Documents/GitHub/DDLS_project/code/get_bmrb_data/bmrb_nmrstar/bmse012422/bmse012422.str
bmse012423,/Users/alfred/Documents/GitHub/DDLS_project/code/get_bmrb_data/bmrb_nmrstar/bmse012423/bmse012423.str
bmse012424,/Users/alfred/Documents/GitHub/DDLS_project/code/get_bmrb_data/bmrb_nmrstar/bmse012424/bmse012424.str
bmse012425,/Users/alfred/Documents/GitHub/DDLS_project/code/get_bmrb_data/bmrb_nmrstar/bmse012425/bmse012425.str
bmse012426,/Users/alfred/Documents/GitHub/DDLS_project/code/get_bmrb_data/bmrb_nmrstar/bmse012426/bmse012426.str
bmse012427,/Users/alfred/Documents/GitHub/DDLS_project/code/get_bmrb_data/bmrb_nmrstar/bmse012427/bmse012427.str
bmse012428,/Users/alfred/Documents/GitHub/DDLS_project/code/get_bmrb_data/bmrb_nmrstar/bmse012428/bmse012428.str
bmse012429,/Users/alfred/Documents/GitHub/DDLS_project/code/get_bmrb_data/bmrb_nmrstar/bmse012429/bmse012429.str
bmse012430,/Users/alfred/Documents/GitHub/DDLS_project/code/get_bmrb_data/bmrb_nmrstar/bmse012430/bmse012430.str
bmse012431,/Users/alfred/Documents/GitHub/DDLS_project/code/get_bmrb_data/bmrb_nmrstar/bmse012431/bmse012431.str
bmse012432,/Users/alfred/Documents/GitHub/DDLS_project/code/get_bmrb_data/bmrb_nmrstar/bmse012432/bmse012432.str
bmse012433,/Users/alfred/Documents/GitHub/DDLS_project/code/get_bmrb_data/bmrb_nmrstar/bmse012433/bmse012433.str
bmse012434,/Users/alfred/Documents/GitHub/DDLS_project/code/get_bmrb_data/bmrb_nmrstar/bmse012434/bmse012434.str
bmse012435,/Users/alfred/Documents/GitHub/DDLS_project/code/get_bmrb_data/bmrb_nmrstar/bmse012435/bmse012435.str
bmse012436,/Users/alfred/Documents/GitHub/DDLS_project/code/get_bmrb_data/bmrb_nmrstar/bmse012436/bmse012436.str
bmse012437,/Users/alfred/Documents/GitHub/DDLS_project/code/get_bmrb_data/bmrb_nmrstar/bmse012437/bmse012437.str
bmse012438,/Users/alfred/Documents/GitHub/DDLS_project/code/get_bmrb_data/bmrb_nmrstar/bmse012438/bmse012438.str
bmse012439,/Users/alfred/Documents/GitHub/DDLS_project/code/get_bmrb_data/bmrb_nmrstar/bmse012439/bmse012439.str
bmse012440,/Users/alfred/Documents/GitHub/DDLS_project/code/get_bmrb_data/bmrb_nmrstar/bmse012440/bmse012440.str
bmse012441,/Users/alfred/Documents/GitHub/DDLS_project/code/get_bmrb_data/bmrb_nmrstar/bmse012441/bmse012441.str
bmse012442,/Users/alfred/Documents/GitHub/DDLS_project/code/get_bmrb_data/bmrb_nmrstar/bmse012442/bmse012442.str
bmse012443,/Users/alfred/Documents/GitHub/DDLS_project/code/get_bmrb_data/bmrb_nmrstar/bmse012443/bmse012443.str
bmse012444,/Users/alfred/Documents/GitHub/DDLS_project/code/get_bmrb_data/bmrb_nmrstar/bmse012444/bmse012444.str
bmse012445,/Users/alfred/Documents/GitHub/DDLS_project/code/get_bmrb_data/bmrb_nmrstar/bmse012445/bmse012445.str
bmse012446,/Users/alfred/Documents/GitHub/DDLS_project/code/get_bmrb_data/bmrb_nmrstar/bmse012446/bmse012446.str
bmse012447,/Users/alfred/Documents/GitHub/DDLS_project/code/get_bmrb_data/bmrb_nmrstar/bmse012447/bmse012447.str
bmse012448,/Users/alfred/Documents/GitHub/DDLS_project/code/get_bmrb_data/bmrb_nmrstar/bmse012448/bmse012448.str
bmse012449,/Users/alfred/Documents/GitHub/DDLS_project/code/get_bmrb_data/bmrb_nmrstar/bmse012449/bmse012449.str
bmse012450,/Users/alfred/Documents/GitHub/DDLS_project/code/get_bmrb_data/bmrb_nmrstar/bmse012450/bmse012450.str
bmse012451,/Users/alfred/Documents/GitHub/DDLS_project/code/get_bmrb_data/bmrb_nmrstar/bmse012451/bmse012451.str
bmse012452,/Users/alfred/Documents/GitHub/DDLS_project/code/get_bmrb_data/bmrb_nmrstar/bmse012452/bmse012452.str
bmse012453,/Users/alfred/Documents/GitHub/DDLS_project/code/get_bmrb_data/bmrb_nmrstar/bmse012453/bmse012453.str
bmse012454,/Users/alfred/Documents/GitHub/DDLS_project/code/get_bmrb_data/bmrb_nmrstar/bmse012454/bmse012454.str
bmse012455,/Users/alfred/Documents/GitHub/DDLS_project/code/get_bmrb_data/bmrb_nmrstar/bmse012455/bmse012455.str
bmse012456,/Users/alfred/Documents/GitHub/DDLS_project/code/get_bmrb_data/bmrb_nmrstar/bmse012456/bmse012456.str
bmse012457,/Users/alfred/Documents/GitHub/DDLS_project/code/get_bmrb_data/bmrb_nmrstar/bmse012457/bmse012457.str
bmse012458,/Users/alfred/Documents/GitHub/DDLS_project/code/get_bmrb_data/bmrb_nmrstar/bmse012458/bmse012458.str
bmse012459,/Users/alfred/Documents/GitHub/DDLS_project/code/get_bmrb_data/bmrb_nmrstar/bmse012459/bmse012459.str
bmse012460,/Users/alfred/Documents/GitHub/DDLS_project/code/get_bmrb_data/bmrb_nmrstar/bmse012460/bmse012460.str
bmse012461,/Users/alfred/Documents/GitHub/DDLS_project/code/get_bmrb_data/bmrb_nmrstar/bmse012461/bmse012461.str
bmse012462,/Users/alfred/Documents/GitHub/DDLS_project/code/get_bmrb_data/bmrb_nmrstar/bmse012462/bmse012462.str
bmse012463,/Users/alfred/Documents/GitHub/DDLS_project/code/get_bmrb_data/bmrb_nmrstar/bmse012463/bmse012463.str
bmse012464,/Users/alfred/Documents/GitHub/DDLS_project/code/get_bmrb_data/bmrb_nmrstar/bmse012464/bmse012464.str
bmse012465,/Users/alfred/Documents/GitHub/DDLS_project/code/get_bmrb_data/bmrb_nmrstar/bmse012465/bmse012465.str
bmse012466,/Users/alfred/Documents/GitHub/DDLS_project/code/get_bmrb_data/bmrb_nmrstar/bmse012466/bmse012466.str
bmse012467,/Users/alfred/Documents/GitHub/DDLS_project/code/get_bmrb_data/bmrb_nmrstar/bmse012467/bmse012467.str
bmse012468,/Users/alfred/Documents/GitHub/DDLS_project/code/get_bmrb_data/bmrb_nmrstar/bmse012468/bmse012468.str
bmse012469,/Users/alfred/Documents/GitHub/DDLS_project/code/get_bmrb_data/bmrb_nmrstar/bmse012469/bmse012469.str
bmse012470,/Users/alfred/Documents/GitHub/DDLS_project/code/get_bmrb_data/bmrb_nmrstar/bmse012470/bmse012470.str
bmse012471,/Users/alfred/Documents/GitHub/DDLS_project/code/get_bmrb_data/bmrb_nmrstar/bmse012471/bmse012471.str
bmse012472,/Users/alfred/Documents/GitHub/DDLS_project/code/get_bmrb_data/bmrb_nmrstar/bmse012472/bmse012472.str
bmse012473,/Users/alfred/Documents/GitHub/DDLS_project/code/get_bmrb_data/bmrb_nmrstar/bmse012473/bmse012473.str
bmse012474,/Users/alfred/Documents/GitHub/DDLS_project/code/get_bmrb_data/bmrb_nmrstar/bmse012474/bmse012474.str
bmse012475,/Users/alfred/Documents/GitHub/DDLS_project/code/get_bmrb_data/bmrb_nmrstar/bmse012475/bmse012475.str
bmse012476,/Users/alfred/Documents/GitHub/DDLS_project/code/get_bmrb_data/bmrb_nmrstar/bmse012476/bmse012476.str
bmse012477,/Users/alfred/Documents/GitHub/DDLS_project/code/get_bmrb_data/bmrb_nmrstar/bmse012477/bmse012477.str
bmse012478,/Users/alfred/Documents/GitHub/DDLS_project/code/get_bmrb_data/bmrb_nmrstar/bmse012478/bmse012478.str
bmse012479,/Users/alfred/Documents/GitHub/DDLS_project/code/get_bmrb_data/bmrb_nmrstar/bmse012479/bmse012479.str
bmse012480,/Users/alfred/Documents/GitHub/DDLS_project/code/get_bmrb_data/bmrb_nmrstar/bmse012480/bmse012480.str
bmse012481,/Users/alfred/Documents/GitHub/DDLS_project/code/get_bmrb_data/bmrb_nmrstar/bmse012481/bmse012481.str
bmse012482,/Users/alfred/Documents/GitHub/DDLS_project/code/get_bmrb_data/bmrb_nmrstar/bmse012482/bmse012482.str
bmse012483,/Users/alfred/Documents/GitHub/DDLS_project/code/get_bmrb_data/bmrb_nmrstar/bmse012483/bmse012483.str
bmse012484,/Users/alfred/Documents/GitHub/DDLS_project/code/get_bmrb_data/bmrb_nmrstar/bmse012484/bmse012484.str
bmse012485,/Users/alfred/Documents/GitHub/DDLS_project/code/get_bmrb_data/bmrb_nmrstar/bmse012485/bmse012485.str
bmse012486,/Users/alfred/Documents/GitHub/DDLS_project/code/get_bmrb_data/bmrb_nmrstar/bmse012486/bmse012486.str
bmse012487,/Users/alfred/Documents/GitHub/DDLS_project/code/get_bmrb_data/bmrb_nmrstar/bmse012487/bmse012487.str
bmse012488,/Users/alfred/Documents/GitHub/DDLS_project/code/get_bmrb_data/bmrb_nmrstar/bmse012488/bmse012488.str
bmse012489,/Users/alfred/Documents/GitHub/DDLS_project/code/get_bmrb_data/bmrb_nmrstar/bmse012489/bmse012489.str
bmse012490,/Users/alfred/Documents/GitHub/DDLS_project/code/get_bmrb_data/bmrb_nmrstar/bmse012490/bmse012490.str
bmse012491,/Users/alfred/Documents/GitHub/DDLS_project/code/get_bmrb_data/bmrb_nmrstar/bmse012491/bmse012491.str
bmse012492,/Users/alfred/Documents/GitHub/DDLS_project/code/get_bmrb_data/bmrb_nmrstar/bmse012492/bmse012492.str
bmse012493,/Users/alfred/Documents/GitHub/DDLS_project/code/get_bmrb_data/bmrb_nmrstar/bmse012493/bmse012493.str
bmse012494,/Users/alfred/Documents/GitHub/DDLS_project/code/get_bmrb_data/bmrb_nmrstar/bmse012494/bmse012494.str
bmse012495,/Users/alfred/Documents/GitHub/DDLS_project/code/get_bmrb_data/bmrb_nmrstar/bmse012495/bmse012495.str
bmse012496,/Users/alfred/Documents/GitHub/DDLS_project/code/get_bmrb_data/bmrb_nmrstar/bmse012496/bmse012496.str
bmse012497,/Users/alfred/Documents/GitHub/DDLS_project/code/get_bmrb_data/bmrb_nmrstar/bmse012497/bmse012497.str
bmse012498,/Users/alfred/Documents/GitHub/DDLS_project/code/get_bmrb_data/bmrb_nmrstar/bmse012498/bmse012498.str
bmse012499,/Users/alfred/Documents/GitHub/DDLS_project/code/get_bmrb_data/bmrb_nmrstar/bmse012499/bmse012499.str
bmse012500,/Users/alfred/Documents/GitHub/DDLS_project/code/get_bmrb_data/bmrb_nmrstar/bmse012500/bmse012500.str
bmse012501,/Users/alfred/Documents/GitHub/DDLS_project/code/get_bmrb_data/bmrb_nmrstar/bmse012501/bmse012501.str
bmse012502,/Users/alfred/Documents/GitHub/DDLS_project/code/get_bmrb_data/bmrb_nmrstar/bmse012502/bmse012502.str
bmse012503,/Users/alfred/Documents/GitHub/DDLS_project/code/get_bmrb_data/bmrb_nmrstar/bmse012503/bmse012503.str
bmse012504,/Users/alfred/Documents/GitHub/DDLS_project/code/get_bmrb_data/bmrb_nmrstar/bmse012504/bmse012504.str
bmse012505,/Users/alfred/Documents/GitHub/DDLS_project/code/get_bmrb_data/bmrb_nmrstar/bmse012505/bmse012505.str
bmse012506,/Users/alfred/Documents/GitHub/DDLS_project/code/get_bmrb_data/bmrb_nmrstar/bmse012506/bmse012506.str
bmse012507,/Users/alfred/Documents/GitHub/DDLS_project/code/get_bmrb_data/bmrb_nmrstar/bmse012507/bmse012507.str
bmse012508,/Users/alfred/Documents/GitHub/DDLS_project/code/get_bmrb_data/bmrb_nmrstar/bmse012508/bmse012508.str
bmse012509,/Users/alfred/Documents/GitHub/DDLS_project/code/get_bmrb_data/bmrb_nmrstar/bmse012509/bmse012509.str
bmse012510,/Users/alfred/Documents/GitHub/DDLS_project/code/get_bmrb_data/bmrb_nmrstar/bmse012510/bmse012510.str
bmse012511,/Users/alfred/Documents/GitHub/DDLS_project/code/get_bmrb_data/bmrb_nmrstar/bmse012511/bmse012511.str
bmse012512,/Users/alfred/Documents/GitHub/DDLS_project/code/get_bmrb_data/bmrb_nmrstar/bmse012512/bmse012512.str
bmse012513,/Users/alfred/Documents/GitHub/DDLS_project/code/get_bmrb_data/bmrb_nmrstar/bmse012513/bmse012513.str
bmse012514,/Users/alfred/Documents/GitHub/DDLS_project/code/get_bmrb_data/bmrb_nmrstar/bmse012514/bmse012514.str
bmse012515,/Users/alfred/Documents/GitHub/DDLS_project/code/get_bmrb_data/bmrb_nmrstar/bmse012515/bmse012515.str
bmse012516,/Users/alfred/Documents/GitHub/DDLS_project/code/get_bmrb_data/bmrb_nmrstar/bmse012516/bmse012516.str
bmse012517,/Users/alfred/Documents/GitHub/DDLS_project/code/get_bmrb_data/bmrb_nmrstar/bmse012517/bmse012517.str
bmse012518,/Users/alfred/Documents/GitHub/DDLS_project/code/get_bmrb_data/bmrb_nmrstar/bmse012518/bmse012518.str
bmse012519,/Users/alfred/Documents/GitHub/DDLS_project/code/get_bmrb_data/bmrb_nmrstar/bmse012519/bmse012519.str
bmse012520,/Users/alfred/Documents/GitHub/DDLS_project/code/get_bmrb_data/bmrb_nmrstar/bmse012520/bmse012520.str
bmse012521,/Users/alfred/Documents/GitHub/DDLS_project/code/get_bmrb_data/bmrb_nmrstar/bmse012521/bmse012521.str
bmse012522,/Users/alfred/Documents/GitHub/DDLS_project/code/get_bmrb_data/bmrb_nmrstar/bmse012522/bmse012522.str
bmse012523,/Users/alfred/Documents/GitHub/DDLS_project/code/get_bmrb_data/bmrb_nmrstar/bmse012523/bmse012523.str
bmse012524,/Users/alfred/Documents/GitHub/DDLS_project/code/get_bmrb_data/bmrb_nmrstar/bmse012524/bmse012524.str
bmse012525,/Users/alfred/Documents/GitHub/DDLS_project/code/get_bmrb_data/bmrb_nmrstar/bmse012525/bmse012525.str
bmse012526,/Users/alfred/Documents/GitHub/DDLS_project/code/get_bmrb_data/bmrb_nmrstar/bmse012526/bmse012526.str
bmse012527,/Users/alfred/Documents/GitHub/DDLS_project/code/get_bmrb_data/bmrb_nmrstar/bmse012527/bmse012527.str
bmse012528,/Users/alfred/Documents/GitHub/DDLS_project/code/get_bmrb_data/bmrb_nmrstar/bmse012528/bmse012528.str
bmse012529,/Users/alfred/Documents/GitHub/DDLS_project/code/get_bmrb_data/bmrb_nmrstar/bmse012529/bmse012529.str
bmse012530,/Users/alfred/Documents/GitHub/DDLS_project/code/get_bmrb_data/bmrb_nmrstar/bmse012530/bmse012530.str
bmse012531,/Users/alfred/Documents/GitHub/DDLS_project/code/get_bmrb_data/bmrb_nmrstar/bmse012531/bmse012531.str
bmse012532,/Users/alfred/Documents/GitHub/DDLS_project/code/get_bmrb_data/bmrb_nmrstar/bmse012532/bmse012532.str
bmse012533,/Users/alfred/Documents/GitHub/DDLS_project/code/get_bmrb_data/bmrb_nmrstar/bmse012533/bmse012533.str
bmse012534,/Users/alfred/Documents/GitHub/DDLS_project/code/get_bmrb_data/bmrb_nmrstar/bmse012534/bmse012534.str
bmse012535,/Users/alfred/Documents/GitHub/DDLS_project/code/get_bmrb_data/bmrb_nmrstar/bmse012535/bmse012535.str
bmse012536,/Users/alfred/Documents/GitHub/DDLS_project/code/get_bmrb_data/bmrb_nmrstar/bmse012536/bmse012536.str
bmse012537,/Users/alfred/Documents/GitHub/DDLS_project/code/get_bmrb_data/bmrb_nmrstar/bmse012537/bmse012537.str
bmse012538,/Users/alfred/Documents/GitHub/DDLS_project/code/get_bmrb_data/bmrb_nmrstar/bmse012538/bmse012538.str
bmse012539,/Users/alfred/Documents/GitHub/DDLS_project/code/get_bmrb_data/bmrb_nmrstar/bmse012539/bmse012539.str
bmse012540,/Users/alfred/Documents/GitHub/DDLS_project/code/get_bmrb_data/bmrb_nmrstar/bmse012540/bmse012540.str
bmse012541,/Users/alfred/Documents/GitHub/DDLS_project/code/get_bmrb_data/bmrb_nmrstar/bmse012541/bmse012541.str
bmse012542,/Users/alfred/Documents/GitHub/DDLS_project/code/get_bmrb_data/bmrb_nmrstar/bmse012542/bmse012542.str
bmse012543,/Users/alfred/Documents/GitHub/DDLS_project/code/get_bmrb_data/bmrb_nmrstar/bmse012543/bmse012543.str
bmse012544,/Users/alfred/Documents/GitHub/DDLS_project/code/get_bmrb_data/bmrb_nmrstar/bmse012544/bmse012544.str
bmse012545,/Users/alfred/Documents/GitHub/DDLS_project/code/get_bmrb_data/bmrb_nmrstar/bmse012545/bmse012545.str
bmse012546,/Users/alfred/Documents/GitHub/DDLS_project/code/get_bmrb_data/bmrb_nmrstar/bmse012546/bmse012546.str
bmse012547,/Users/alfred/Documents/GitHub/DDLS_project/code/get_bmrb_data/bmrb_nmrstar/bmse012547/bmse012547.str
bmse012548,/Users/alfred/Documents/GitHub/DDLS_project/code/get_bmrb_data/bmrb_nmrstar/bmse012548/bmse012548.str
bmse012549,/Users/alfred/Documents/GitHub/DDLS_project/code/get_bmrb_data/bmrb_nmrstar/bmse012549/bmse012549.str
bmse012550,/Users/alfred/Documents/GitHub/DDLS_project/code/get_bmrb_data/bmrb_nmrstar/bmse012550/bmse012550.str
bmse012551,/Users/alfred/Documents/GitHub/DDLS_project/code/get_bmrb_data/bmrb_nmrstar/bmse012551/bmse012551.str
bmse012552,/Users/alfred/Documents/GitHub/DDLS_project/code/get_bmrb_data/bmrb_nmrstar/bmse012552/bmse012552.str
bmse012553,/Users/alfred/Documents/GitHub/DDLS_project/code/get_bmrb_data/bmrb_nmrstar/bmse012553/bmse012553.str
bmse012554,/Users/alfred/Documents/GitHub/DDLS_project/code/get_bmrb_data/bmrb_nmrstar/bmse012554/bmse012554.str
bmse012555,/Users/alfred/Documents/GitHub/DDLS_project/code/get_bmrb_data/bmrb_nmrstar/bmse012555/bmse012555.str
bmse012556,/Users/alfred/Documents/GitHub/DDLS_project/code/get_bmrb_data/bmrb_nmrstar/bmse012556/bmse012556.str
bmse012557,/Users/alfred/Documents/GitHub/DDLS_project/code/get_bmrb_data/bmrb_nmrstar/bmse012557/bmse012557.str
bmse012558,/Users/alfred/Documents/GitHub/DDLS_project/code/get_bmrb_data/bmrb_nmrstar/bmse012558/bmse012558.str
bmse012559,/Users/alfred/Documents/GitHub/DDLS_project/code/get_bmrb_data/bmrb_nmrstar/bmse012559/bmse012559.str
bmse012560,/Users/alfred/Documents/GitHub/DDLS_project/code/get_bmrb_data/bmrb_nmrstar/bmse012560/bmse012560.str
bmse012561,/Users/alfred/Documents/GitHub/DDLS_project/code/get_bmrb_data/bmrb_nmrstar/bmse012561/bmse012561.str
bmse012562,/Users/alfred/Documents/GitHub/DDLS_project/code/get_bmrb_data/bmrb_nmrstar/bmse012562/bmse012562.str
bmse012563,/Users/alfred/Documents/GitHub/DDLS_project/code/get_bmrb_data/bmrb_nmrstar/bmse012563/bmse012563.str
bmse012564,/Users/alfred/Documents/GitHub/DDLS_project/code/get_bmrb_data/bmrb_nmrstar/bmse012564/bmse012564.str
bmse012565,/Users/alfred/Documents/GitHub/DDLS_project/code/get_bmrb_data/bmrb_nmrstar/bmse012565/bmse012565.str
bmse012566,/Users/alfred/Documents/GitHub/DDLS_project/code/get_bmrb_data/bmrb_nmrstar/bmse012566/bmse012566.str
bmse012567,/Users/alfred/Documents/GitHub/DDLS_project/code/get_bmrb_data/bmrb_nmrstar/bmse012567/bmse012567.str
bmse012568,/Users/alfred/Documents/GitHub/DDLS_project/code/get_bmrb_data/bmrb_nmrstar/bmse012568/bmse012568.str
bmse012569,/Users/alfred/Documents/GitHub/DDLS_project/code/get_bmrb_data/bmrb_nmrstar/bmse012569/bmse012569.str
bmse012570,/Users/alfred/Documents/GitHub/DDLS_project/code/get_bmrb_data/bmrb_nmrstar/bmse012570/bmse012570.str
bmse012571,/Users/alfred/Documents/GitHub/DDLS_project/code/get_bmrb_data/bmrb_nmrstar/bmse012571/bmse012571.str
bmse012572,/Users/alfred/Documents/GitHub/DDLS_project/code/get_bmrb_data/bmrb_nmrstar/bmse012572/bmse012572.str
bmse012573,/Users/alfred/Documents/GitHub/DDLS_project/code/get_bmrb_data/bmrb_nmrstar/bmse012573/bmse012573.str
bmse012574,/Users/alfred/Documents/GitHub/DDLS_project/code/get_bmrb_data/bmrb_nmrstar/bmse012574/bmse012574.str
bmse012575,/Users/alfred/Documents/GitHub/DDLS_project/code/get_bmrb_data/bmrb_nmrstar/bmse012575/bmse012575.str
bmse012576,/Users/alfred/Documents/GitHub/DDLS_project/code/get_bmrb_data/bmrb_nmrstar/bmse012576/bmse012576.str
bmse012577,/Users/alfred/Documents/GitHub/DDLS_project/code/get_bmrb_data/bmrb_nmrstar/bmse012577/bmse012577.str
bmse012578,/Users/alfred/Documents/GitHub/DDLS_project/code/get_bmrb_data/bmrb_nmrstar/bmse012578/bmse012578.str
bmse012579,/Users/alfred/Documents/GitHub/DDLS_project/code/get_bmrb_data/bmrb_nmrstar/bmse012579/bmse012579.str
bmse012580,/Users/alfred/Documents/GitHub/DDLS_project/code/get_bmrb_data/bmrb_nmrstar/bmse012580/bmse012580.str
bmse012581,/Users/alfred/Documents/GitHub/DDLS_project/code/get_bmrb_data/bmrb_nmrstar/bmse012581/bmse012581.str
bmse012582,/Users/alfred/Documents/GitHub/DDLS_project/code/get_bmrb_data/bmrb_nmrstar/bmse012582/bmse012582.str
bmse012583,/Users/alfred/Documents/GitHub/DDLS_project/code/get_bmrb_data/bmrb_nmrstar/bmse012583/bmse012583.str
bmse012584,/Users/alfred/Documents/GitHub/DDLS_project/code/get_bmrb_data/bmrb_nmrstar/bmse012584/bmse012584.str
bmse012585,/Users/alfred/Documents/GitHub/DDLS_project/code/get_bmrb_data/bmrb_nmrstar/bmse012585/bmse012585.str
bmse012586,/Users/alfred/Documents/GitHub/DDLS_project/code/get_bmrb_data/bmrb_nmrstar/bmse012586/bmse012586.str
bmse012587,/Users/alfred/Documents/GitHub/DDLS_project/code/get_bmrb_data/bmrb_nmrstar/bmse012587/bmse012587.str
bmse012588,/Users/alfred/Documents/GitHub/DDLS_project/code/get_bmrb_data/bmrb_nmrstar/bmse012588/bmse012588.str
bmse012589,/Users/alfred/Documents/GitHub/DDLS_project/code/get_bmrb_data/bmrb_nmrstar/bmse012589/bmse012589.str
bmse012590,/Users/alfred/Documents/GitHub/DDLS_project/code/get_bmrb_data/bmrb_nmrstar/bmse012590/bmse012590.str
bmse012591,/Users/alfred/Documents/GitHub/DDLS_project/code/get_bmrb_data/bmrb_nmrstar/bmse012591/bmse012591.str
bmse012592,/Users/alfred/Documents/GitHub/DDLS_project/code/get_bmrb_data/bmrb_nmrstar/bmse012592/bmse012592.str
bmse012593,/Users/alfred/Documents/GitHub/DDLS_project/code/get_bmrb_data/bmrb_nmrstar/bmse012593/bmse012593.str
bmse012594,/Users/alfred/Documents/GitHub/DDLS_project/code/get_bmrb_data/bmrb_nmrstar/bmse012594/bmse012594.str
bmse012595,/Users/alfred/Documents/GitHub/DDLS_project/code/get_bmrb_data/bmrb_nmrstar/bmse012595/bmse012595.str
bmse012596,/Users/alfred/Documents/GitHub/DDLS_project/code/get_bmrb_data/bmrb_nmrstar/bmse012596/bmse012596.str
bmse012597,/Users/alfred/Documents/GitHub/DDLS_project/code/get_bmrb_data/bmrb_nmrstar/bmse012597/bmse012597.str
bmse012598,/Users/alfred/Documents/GitHub/DDLS_project/code/get_bmrb_data/bmrb_nmrstar/bmse012598/bmse012598.str
bmse012599,/Users/alfred/Documents/GitHub/DDLS_project/code/get_bmrb_data/bmrb_nmrstar/bmse012599/bmse012599.str
bmse012600,/Users/alfred/Documents/GitHub/DDLS_project/code/get_bmrb_data/bmrb_nmrstar/bmse012600/bmse012600.str
bmse012601,/Users/alfred/Documents/GitHub/DDLS_project/code/get_bmrb_data/bmrb_nmrstar/bmse012601/bmse012601.str
bmse012602,/Users/alfred/Documents/GitHub/DDLS_project/code/get_bmrb_data/bmrb_nmrstar/bmse012602/bmse012602.str
bmse012603,/Users/alfred/Documents/GitHub/DDLS_project/code/get_bmrb_data/bmrb_nmrstar/bmse012603/bmse012603.str
bmse012604,/Users/alfred/Documents/GitHub/DDLS_project/code/get_bmrb_data/bmrb_nmrstar/bmse012604/bmse012604.str
bmse012605,/Users/alfred/Documents/GitHub/DDLS_project/code/get_bmrb_data/bmrb_nmrstar/bmse012605/bmse012605.str
bmse012606,/Users/alfred/Documents/GitHub/DDLS_project/code/get_bmrb_data/bmrb_nmrstar/bmse012606/bmse012606.str
bmse012607,/Users/alfred/Documents/GitHub/DDLS_project/code/get_bmrb_data/bmrb_nmrstar/bmse012607/bmse012607.str
bmse012608,/Users/alfred/Documents/GitHub/DDLS_project/code/get_bmrb_data/bmrb_nmrstar/bmse012608/bmse012608.str
bmse012609,/Users/alfred/Documents/GitHub/DDLS_project/code/get_bmrb_data/bmrb_nmrstar/bmse012609/bmse012609.str
bmse012610,/Users/alfred/Documents/GitHub/DDLS_project/code/get_bmrb_data/bmrb_nmrstar/bmse012610/bmse012610.str
bmse012611,/Users/alfred/Documents/GitHub/DDLS_project/code/get_bmrb_data/bmrb_nmrstar/bmse012611/bmse012611.str
bmse012612,/Users/alfred/Documents/GitHub/DDLS_project/code/get_bmrb_data/bmrb_nmrstar/bmse012612/bmse012612.str
bmse012613,/Users/alfred/Documents/GitHub/DDLS_project/code/get_bmrb_data/bmrb_nmrstar/bmse012613/bmse012613.str
bmse012614,/Users/alfred/Documents/GitHub/DDLS_project/code/get_bmrb_data/bmrb_nmrstar/bmse012614/bmse012614.str
bmse012615,/Users/alfred/Documents/GitHub/DDLS_project/code/get_bmrb_data/bmrb_nmrstar/bmse012615/bmse012615.str
bmse012616,/Users/alfred/Documents/GitHub/DDLS_project/code/get_bmrb_data/bmrb_nmrstar/bmse012616/bmse012616.str
bmse012617,/Users/alfred/Documents/GitHub/DDLS_project/code/get_bmrb_data/bmrb_nmrstar/bmse012617/bmse012617.str
bmse012618,/Users/alfred/Documents/GitHub/DDLS_project/code/get_bmrb_data/bmrb_nmrstar/bmse012618/bmse012618.str
bmse012619,/Users/alfred/Documents/GitHub/DDLS_project/code/get_bmrb_data/bmrb_nmrstar/bmse012619/bmse012619.str
bmse012620,/Users/alfred/Documents/GitHub/DDLS_project/code/get_bmrb_data/bmrb_nmrstar/bmse012620/bmse012620.str
bmse012621,/Users/alfred/Documents/GitHub/DDLS_project/code/get_bmrb_data/bmrb_nmrstar/bmse012621/bmse012621.str
bmse012622,/Users/alfred/Documents/GitHub/DDLS_project/code/get_bmrb_data/bmrb_nmrstar/bmse012622/bmse012622.str
bmse012623,/Users/alfred/Documents/GitHub/DDLS_project/code/get_bmrb_data/bmrb_nmrstar/bmse012623/bmse012623.str
bmse012624,/Users/alfred/Documents/GitHub/DDLS_project/code/get_bmrb_data/bmrb_nmrstar/bmse012624/bmse012624.str
bmse012625,/Users/alfred/Documents/GitHub/DDLS_project/code/get_bmrb_data/bmrb_nmrstar/bmse012625/bmse012625.str
bmse012626,/Users/alfred/Documents/GitHub/DDLS_project/code/get_bmrb_data/bmrb_nmrstar/bmse012626/bmse012626.str
bmse012627,/Users/alfred/Documents/GitHub/DDLS_project/code/get_bmrb_data/bmrb_nmrstar/bmse012627/bmse012627.str
bmse012628,/Users/alfred/Documents/GitHub/DDLS_project/code/get_bmrb_data/bmrb_nmrstar/bmse012628/bmse012628.str
bmse012629,/Users/alfred/Documents/GitHub/DDLS_project/code/get_bmrb_data/bmrb_nmrstar/bmse012629/bmse012629.str
bmse012630,/Users/alfred/Documents/GitHub/DDLS_project/code/get_bmrb_data/bmrb_nmrstar/bmse012630/bmse012630.str
bmse012631,/Users/alfred/Documents/GitHub/DDLS_project/code/get_bmrb_data/bmrb_nmrstar/bmse012631/bmse012631.str
bmse012632,/Users/alfred/Documents/GitHub/DDLS_project/code/get_bmrb_data/bmrb_nmrstar/bmse012632/bmse012632.str
bmse012633,/Users/alfred/Documents/GitHub/DDLS_project/code/get_bmrb_data/bmrb_nmrstar/bmse012633/bmse012633.str
bmse012634,/Users/alfred/Documents/GitHub/DDLS_project/code/get_bmrb_data/bmrb_nmrstar/bmse012634/bmse012634.str
bmse012635,/Users/alfred/Documents/GitHub/DDLS_project/code/get_bmrb_data/bmrb_nmrstar/bmse012635/bmse012635.str
bmse012636,/Users/alfred/Documents/GitHub/DDLS_project/code/get_bmrb_data/bmrb_nmrstar/bmse012636/bmse012636.str
bmse012637,/Users/alfred/Documents/GitHub/DDLS_project/code/get_bmrb_data/bmrb_nmrstar/bmse012637/bmse012637.str
bmse012638,/Users/alfred/Documents/GitHub/DDLS_project/code/get_bmrb_data/bmrb_nmrstar/bmse012638/bmse012638.str
bmse012639,/Users/alfred/Documents/GitHub/DDLS_project/code/get_bmrb_data/bmrb_nmrstar/bmse012639/bmse012639.str
bmse012640,/Users/alfred/Documents/GitHub/DDLS_project/code/get_bmrb_data/bmrb_nmrstar/bmse012640/bmse012640.str
bmse012641,/Users/alfred/Documents/GitHub/DDLS_project/code/get_bmrb_data/bmrb_nmrstar/bmse012641/bmse012641.str
bmse012642,/Users/alfred/Documents/GitHub/DDLS_project/code/get_bmrb_data/bmrb_nmrstar/bmse012642/bmse012642.str
bmse012643,/Users/alfred/Documents/GitHub/DDLS_project/code/get_bmrb_data/bmrb_nmrstar/bmse012643/bmse012643.str
bmse012644,/Users/alfred/Documents/GitHub/DDLS_project/code/get_bmrb_data/bmrb_nmrstar/bmse012644/bmse012644.str
bmse012645,/Users/alfred/Documents/GitHub/DDLS_project/code/get_bmrb_data/bmrb_nmrstar/bmse012645/bmse012645.str
bmse012646,/Users/alfred/Documents/GitHub/DDLS_project/code/get_bmrb_data/bmrb_nmrstar/bmse012646/bmse012646.str
bmse012647,/Users/alfred/Documents/GitHub/DDLS_project/code/get_bmrb_data/bmrb_nmrstar/bmse012647/bmse012647.str
bmse012648,/Users/alfred/Documents/GitHub/DDLS_project/code/get_bmrb_data/bmrb_nmrstar/bmse012648/bmse012648.str
bmse012649,/Users/alfred/Documents/GitHub/DDLS_project/code/get_bmrb_data/bmrb_nmrstar/bmse012649/bmse012649.str
bmse012650,/Users/alfred/Documents/GitHub/DDLS_project/code/get_bmrb_data/bmrb_nmrstar/bmse012650/bmse012650.str
bmse012651,/Users/alfred/Documents/GitHub/DDLS_project/code/get_bmrb_data/bmrb_nmrstar/bmse012651/bmse012651.str
bmse012652,/Users/alfred/Documents/GitHub/DDLS_project/code/get_bmrb_data/bmrb_nmrstar/bmse012652/bmse012652.str
bmse012653,/Users/alfred/Documents/GitHub/DDLS_project/code/get_bmrb_data/bmrb_nmrstar/bmse012653/bmse012653.str
bmse012654,/Users/alfred/Documents/GitHub/DDLS_project/code/get_bmrb_data/bmrb_nmrstar/bmse012654/bmse012654.str
bmse012655,/Users/alfred/Documents/GitHub/DDLS_project/code/get_bmrb_data/bmrb_nmrstar/bmse012655/bmse012655.str
bmse012656,/Users/alfred/Documents/GitHub/DDLS_project/code/get_bmrb_data/bmrb_nmrstar/bmse012656/bmse012656.str
bmse012657,/Users/alfred/Documents/GitHub/DDLS_project/code/get_bmrb_data/bmrb_nmrstar/bmse012657/bmse012657.str
bmse012658,/Users/alfred/Documents/GitHub/DDLS_project/code/get_bmrb_data/bmrb_nmrstar/bmse012658/bmse012658.str
bmse012659,/Users/alfred/Documents/GitHub/DDLS_project/code/get_bmrb_data/bmrb_nmrstar/bmse012659/bmse012659.str
bmse012660,/Users/alfred/Documents/GitHub/DDLS_project/code/get_bmrb_data/bmrb_nmrstar/bmse012660/bmse012660.str
bmse012661,/Users/alfred/Documents/GitHub/DDLS_project/code/get_bmrb_data/bmrb_nmrstar/bmse012661/bmse012661.str
bmse012662,/Users/alfred/Documents/GitHub/DDLS_project/code/get_bmrb_data/bmrb_nmrstar/bmse012662/bmse012662.str
bmse012663,/Users/alfred/Documents/GitHub/DDLS_project/code/get_bmrb_data/bmrb_nmrstar/bmse012663/bmse012663.str
bmse012664,/Users/alfred/Documents/GitHub/DDLS_project/code/get_bmrb_data/bmrb_nmrstar/bmse012664/bmse012664.str
bmse012665,/Users/alfred/Documents/GitHub/DDLS_project/code/get_bmrb_data/bmrb_nmrstar/bmse012665/bmse012665.str
bmse012666,/Users/alfred/Documents/GitHub/DDLS_project/code/get_bmrb_data/bmrb_nmrstar/bmse012666/bmse012666.str
bmse012667,/Users/alfred/Documents/GitHub/DDLS_project/code/get_bmrb_data/bmrb_nmrstar/bmse012667/bmse012667.str
bmse012668,/Users/alfred/Documents/GitHub/DDLS_project/code/get_bmrb_data/bmrb_nmrstar/bmse012668/bmse012668.str
bmse012669,/Users/alfred/Documents/GitHub/DDLS_project/code/get_bmrb_data/bmrb_nmrstar/bmse012669/bmse012669.str
bmse012670,/Users/alfred/Documents/GitHub/DDLS_project/code/get_bmrb_data/bmrb_nmrstar/bmse012670/bmse012670.str
bmse012671,/Users/alfred/Documents/GitHub/DDLS_project/code/get_bmrb_data/bmrb_nmrstar/bmse012671/bmse012671.str
bmse012672,/Users/alfred/Documents/GitHub/DDLS_project/code/get_bmrb_data/bmrb_nmrstar/bmse012672/bmse012672.str
bmse012673,/Users/alfred/Documents/GitHub/DDLS_project/code/get_bmrb_data/bmrb_nmrstar/bmse012673/bmse012673.str
bmse012674,/Users/alfred/Documents/GitHub/DDLS_project/code/get_bmrb_data/bmrb_nmrstar/bmse012674/bmse012674.str
bmse012675,/Users/alfred/Documents/GitHub/DDLS_project/code/get_bmrb_data/bmrb_nmrstar/bmse012675/bmse012675.str
bmse012676,/Users/alfred/Documents/GitHub/DDLS_project/code/get_bmrb_data/bmrb_nmrstar/bmse012676/bmse012676.str
bmse012677,/Users/alfred/Documents/GitHub/DDLS_project/code/get_bmrb_data/bmrb_nmrstar/bmse012677/bmse012677.str
bmse012678,/Users/alfred/Documents/GitHub/DDLS_project/code/get_bmrb_data/bmrb_nmrstar/bmse012678/bmse012678.str
bmse012679,/Users/alfred/Documents/GitHub/DDLS_project/code/get_bmrb_data/bmrb_nmrstar/bmse012679/bmse012679.str
bmse012680,/Users/alfred/Documents/GitHub/DDLS_project/code/get_bmrb_data/bmrb_nmrstar/bmse012680/bmse012680.str
bmse012681,/Users/alfred/Documents/GitHub/DDLS_project/code/get_bmrb_data/bmrb_nmrstar/bmse012681/bmse012681.str
bmse500001,/Users/alfred/Documents/GitHub/DDLS_project/code/get_bmrb_data/bmrb_nmrstar/bmse500001/bmse500001.str
bmst000001,/Users/alfred/Documents/GitHub/DDLS_project/code/get_bmrb_data/bmrb_nmrstar/bmst000001/bmst000001.str
bmst000002,/Users/alfred/Documents/GitHub/DDLS_project/code/get_bmrb_data/bmrb_nmrstar/bmst000002/bmst000002.str
bmst000007,/Users/alfred/Documents/GitHub/DDLS_project/code/get_bmrb_data/bmrb_nmrstar/bmst000007/bmst000007.str
bmst000008,/Users/alfred/Documents/GitHub/DDLS_project/code/get_bmrb_data/bmrb_nmrstar/bmst000008/bmst000008.str
bmst000009,/Users/alfred/Documents/GitHub/DDLS_project/code/get_bmrb_data/bmrb_nmrstar/bmst000009/bmst000009.str
bmst000010,/Users/alfred/Documents/GitHub/DDLS_project/code/get_bmrb_data/bmrb_nmrstar/bmst000010/bmst000010.str
bmst000019,/Users/alfred/Documents/GitHub/DDLS_project/code/get_bmrb_data/bmrb_nmrstar/bmst000019/bmst000019.str
bmst000022,/Users/alfred/Documents/GitHub/DDLS_project/code/get_bmrb_data/bmrb_nmrstar/bmst000022/bmst000022.str
bmst000023,/Users/alfred/Documents/GitHub/DDLS_project/code/get_bmrb_data/bmrb_nmrstar/bmst000023/bmst000023.str
bmst000033,/Users/alfred/Documents/GitHub/DDLS_project/code/get_bmrb_data/bmrb_nmrstar/bmst000033/bmst000033.str
bmst000039,/Users/alfred/Documents/GitHub/DDLS_project/code/get_bmrb_data/bmrb_nmrstar/bmst000039/bmst000039.str
bmst000051,/Users/alfred/Documents/GitHub/DDLS_project/code/get_bmrb_data/bmrb_nmrstar/bmst000051/bmst000051.str
bmst000052,/Users/alfred/Documents/GitHub/DDLS_project/code/get_bmrb_data/bmrb_nmrstar/bmst000052/bmst000052.str
bmst000056,/Users/alfred/Documents/GitHub/DDLS_project/code/get_bmrb_data/bmrb_nmrstar/bmst000056/bmst000056.str
bmst000057,/Users/alfred/Documents/GitHub/DDLS_project/code/get_bmrb_data/bmrb_nmrstar/bmst000057/bmst000057.str
bmst000058,/Users/alfred/Documents/GitHub/DDLS_project/code/get_bmrb_data/bmrb_nmrstar/bmst000058/bmst000058.str
bmst000059,/Users/alfred/Documents/GitHub/DDLS_project/code/get_bmrb_data/bmrb_nmrstar/bmst000059/bmst000059.str
bmst000063,/Users/alfred/Documents/GitHub/DDLS_project/code/get_bmrb_data/bmrb_nmrstar/bmst000063/bmst000063.str
bmst000074,/Users/alfred/Documents/GitHub/DDLS_project/code/get_bmrb_data/bmrb_nmrstar/bmst000074/bmst000074.str
bmst000076,/Users/alfred/Documents/GitHub/DDLS_project/code/get_bmrb_data/bmrb_nmrstar/bmst000076/bmst000076.str
bmst000084,/Users/alfred/Documents/GitHub/DDLS_project/code/get_bmrb_data/bmrb_nmrstar/bmst000084/bmst000084.str
bmst000086,/Users/alfred/Documents/GitHub/DDLS_project/code/get_bmrb_data/bmrb_nmrstar/bmst000086/bmst000086.str
bmst000087,/Users/alfred/Documents/GitHub/DDLS_project/code/get_bmrb_data/bmrb_nmrstar/bmst000087/bmst000087.str
bmst000089,/Users/alfred/Documents/GitHub/DDLS_project/code/get_bmrb_data/bmrb_nmrstar/bmst000089/bmst000089.str
bmst000090,/Users/alfred/Documents/GitHub/DDLS_project/code/get_bmrb_data/bmrb_nmrstar/bmst000090/bmst000090.str
bmst000091,/Users/alfred/Documents/GitHub/DDLS_project/code/get_bmrb_data/bmrb_nmrstar/bmst000091/bmst000091.str
bmst000092,/Users/alfred/Documents/GitHub/DDLS_project/code/get_bmrb_data/bmrb_nmrstar/bmst000092/bmst000092.str
bmst000093,/Users/alfred/Documents/GitHub/DDLS_project/code/get_bmrb_data/bmrb_nmrstar/bmst000093/bmst000093.str
bmst000094,/Users/alfred/Documents/GitHub/DDLS_project/code/get_bmrb_data/bmrb_nmrstar/bmst000094/bmst000094.str
bmst000095,/Users/alfred/Documents/GitHub/DDLS_project/code/get_bmrb_data/bmrb_nmrstar/bmst000095/bmst000095.str
bmst000097,/Users/alfred/Documents/GitHub/DDLS_project/code/get_bmrb_data/bmrb_nmrstar/bmst000097/bmst000097.str
bmst000098,/Users/alfred/Documents/GitHub/DDLS_project/code/get_bmrb_data/bmrb_nmrstar/bmst000098/bmst000098.str
bmst000101,/Users/alfred/Documents/GitHub/DDLS_project/code/get_bmrb_data/bmrb_nmrstar/bmst000101/bmst000101.str
bmst000105,/Users/alfred/Documents/GitHub/DDLS_project/code/get_bmrb_data/bmrb_nmrstar/bmst000105/bmst000105.str
bmst000108,/Users/alfred/Documents/GitHub/DDLS_project/code/get_bmrb_data/bmrb_nmrstar/bmst000108/bmst000108.str
bmst000109,/Users/alfred/Documents/GitHub/DDLS_project/code/get_bmrb_data/bmrb_nmrstar/bmst000109/bmst000109.str
bmst000110,/Users/alfred/Documents/GitHub/DDLS_project/code/get_bmrb_data/bmrb_nmrstar/bmst000110/bmst000110.str
bmst000112,/Users/alfred/Documents/GitHub/DDLS_project/code/get_bmrb_data/bmrb_nmrstar/bmst000112/bmst000112.str
bmst000113,/Users/alfred/Documents/GitHub/DDLS_project/code/get_bmrb_data/bmrb_nmrstar/bmst000113/bmst000113.str
bmst000114,/Users/alfred/Documents/GitHub/DDLS_project/code/get_bmrb_data/bmrb_nmrstar/bmst000114/bmst000114.str
bmst000115,/Users/alfred/Documents/GitHub/DDLS_project/code/get_bmrb_data/bmrb_nmrstar/bmst000115/bmst000115.str
bmst000117,/Users/alfred/Documents/GitHub/DDLS_project/code/get_bmrb_data/bmrb_nmrstar/bmst000117/bmst000117.str
bmst000119,/Users/alfred/Documents/GitHub/DDLS_project/code/get_bmrb_data/bmrb_nmrstar/bmst000119/bmst000119.str
bmst000123,/Users/alfred/Documents/GitHub/DDLS_project/code/get_bmrb_data/bmrb_nmrstar/bmst000123/bmst000123.str
bmst000125,/Users/alfred/Documents/GitHub/DDLS_project/code/get_bmrb_data/bmrb_nmrstar/bmst000125/bmst000125.str
bmst000126,/Users/alfred/Documents/GitHub/DDLS_project/code/get_bmrb_data/bmrb_nmrstar/bmst000126/bmst000126.str
bmst000127,/Users/alfred/Documents/GitHub/DDLS_project/code/get_bmrb_data/bmrb_nmrstar/bmst000127/bmst000127.str
bmst000131,/Users/alfred/Documents/GitHub/DDLS_project/code/get_bmrb_data/bmrb_nmrstar/bmst000131/bmst000131.str
bmst000151,/Users/alfred/Documents/GitHub/DDLS_project/code/get_bmrb_data/bmrb_nmrstar/bmst000151/bmst000151.str
bmst000154,/Users/alfred/Documents/GitHub/DDLS_project/code/get_bmrb_data/bmrb_nmrstar/bmst000154/bmst000154.str
bmst000156,/Users/alfred/Documents/GitHub/DDLS_project/code/get_bmrb_data/bmrb_nmrstar/bmst000156/bmst000156.str
bmst000158,/Users/alfred/Documents/GitHub/DDLS_project/code/get_bmrb_data/bmrb_nmrstar/bmst000158/bmst000158.str
bmst000159,/Users/alfred/Documents/GitHub/DDLS_project/code/get_bmrb_data/bmrb_nmrstar/bmst000159/bmst000159.str
bmst000160,/Users/alfred/Documents/GitHub/DDLS_project/code/get_bmrb_data/bmrb_nmrstar/bmst000160/bmst000160.str
bmst000161,/Users/alfred/Documents/GitHub/DDLS_project/code/get_bmrb_data/bmrb_nmrstar/bmst000161/bmst000161.str
bmst000162,/Users/alfred/Documents/GitHub/DDLS_project/code/get_bmrb_data/bmrb_nmrstar/bmst000162/bmst000162.str
bmst000163,/Users/alfred/Documents/GitHub/DDLS_project/code/get_bmrb_data/bmrb_nmrstar/bmst000163/bmst000163.str
bmst000164,/Users/alfred/Documents/GitHub/DDLS_project/code/get_bmrb_data/bmrb_nmrstar/bmst000164/bmst000164.str
bmst000165,/Users/alfred/Documents/GitHub/DDLS_project/code/get_bmrb_data/bmrb_nmrstar/bmst000165/bmst000165.str
bmst000166,/Users/alfred/Documents/GitHub/DDLS_project/code/get_bmrb_data/bmrb_nmrstar/bmst000166/bmst000166.str
bmst000167,/Users/alfred/Documents/GitHub/DDLS_project/code/get_bmrb_data/bmrb_nmrstar/bmst000167/bmst000167.str
bmst000168,/Users/alfred/Documents/GitHub/DDLS_project/code/get_bmrb_data/bmrb_nmrstar/bmst000168/bmst000168.str
bmst000169,/Users/alfred/Documents/GitHub/DDLS_project/code/get_bmrb_data/bmrb_nmrstar/bmst000169/bmst000169.str
bmst000170,/Users/alfred/Documents/GitHub/DDLS_project/code/get_bmrb_data/bmrb_nmrstar/bmst000170/bmst000170.str
bmst000171,/Users/alfred/Documents/GitHub/DDLS_project/code/get_bmrb_data/bmrb_nmrstar/bmst000171/bmst000171.str
bmst000172,/Users/alfred/Documents/GitHub/DDLS_project/code/get_bmrb_data/bmrb_nmrstar/bmst000172/bmst000172.str
bmst000173,/Users/alfred/Documents/GitHub/DDLS_project/code/get_bmrb_data/bmrb_nmrstar/bmst000173/bmst000173.str
bmst000174,/Users/alfred/Documents/GitHub/DDLS_project/code/get_bmrb_data/bmrb_nmrstar/bmst000174/bmst000174.str
bmst000175,/Users/alfred/Documents/GitHub/DDLS_project/code/get_bmrb_data/bmrb_nmrstar/bmst000175/bmst000175.str
bmst000177,/Users/alfred/Documents/GitHub/DDLS_project/code/get_bmrb_data/bmrb_nmrstar/bmst000177/bmst000177.str
bmst000178,/Users/alfred/Documents/GitHub/DDLS_project/code/get_bmrb_data/bmrb_nmrstar/bmst000178/bmst000178.str
bmst000180,/Users/alfred/Documents/GitHub/DDLS_project/code/get_bmrb_data/bmrb_nmrstar/bmst000180/bmst000180.str
bmst000182,/Users/alfred/Documents/GitHub/DDLS_project/code/get_bmrb_data/bmrb_nmrstar/bmst000182/bmst000182.str
bmst000183,/Users/alfred/Documents/GitHub/DDLS_project/code/get_bmrb_data/bmrb_nmrstar/bmst000183/bmst000183.str
bmst000184,/Users/alfred/Documents/GitHub/DDLS_project/code/get_bmrb_data/bmrb_nmrstar/bmst000184/bmst000184.str
bmst000185,/Users/alfred/Documents/GitHub/DDLS_project/code/get_bmrb_data/bmrb_nmrstar/bmst000185/bmst000185.str
bmst000186,/Users/alfred/Documents/GitHub/DDLS_project/code/get_bmrb_data/bmrb_nmrstar/bmst000186/bmst000186.str
bmst000187,/Users/alfred/Documents/GitHub/DDLS_project/code/get_bmrb_data/bmrb_nmrstar/bmst000187/bmst000187.str
bmst000188,/Users/alfred/Documents/GitHub/DDLS_project/code/get_bmrb_data/bmrb_nmrstar/bmst000188/bmst000188.str
bmst000189,/Users/alfred/Documents/GitHub/DDLS_project/code/get_bmrb_data/bmrb_nmrstar/bmst000189/bmst000189.str
bmst000190,/Users/alfred/Documents/GitHub/DDLS_project/code/get_bmrb_data/bmrb_nmrstar/bmst000190/bmst000190.str
bmst000191,/Users/alfred/Documents/GitHub/DDLS_project/code/get_bmrb_data/bmrb_nmrstar/bmst000191/bmst000191.str
bmst000192,/Users/alfred/Documents/GitHub/DDLS_project/code/get_bmrb_data/bmrb_nmrstar/bmst000192/bmst000192.str
bmst000194,/Users/alfred/Documents/GitHub/DDLS_project/code/get_bmrb_data/bmrb_nmrstar/bmst000194/bmst000194.str
bmst000195,/Users/alfred/Documents/GitHub/DDLS_project/code/get_bmrb_data/bmrb_nmrstar/bmst000195/bmst000195.str
bmst000196,/Users/alfred/Documents/GitHub/DDLS_project/code/get_bmrb_data/bmrb_nmrstar/bmst000196/bmst000196.str
bmst000197,/Users/alfred/Documents/GitHub/DDLS_project/code/get_bmrb_data/bmrb_nmrstar/bmst000197/bmst000197.str
bmst000198,/Users/alfred/Documents/GitHub/DDLS_project/code/get_bmrb_data/bmrb_nmrstar/bmst000198/bmst000198.str
bmst000199,/Users/alfred/Documents/GitHub/DDLS_project/code/get_bmrb_data/bmrb_nmrstar/bmst000199/bmst000199.str
bmst000200,/Users/alfred/Documents/GitHub/DDLS_project/code/get_bmrb_data/bmrb_nmrstar/bmst000200/bmst000200.str
bmst000201,/Users/alfred/Documents/GitHub/DDLS_project/code/get_bmrb_data/bmrb_nmrstar/bmst000201/bmst000201.str
bmst000202,/Users/alfred/Documents/GitHub/DDLS_project/code/get_bmrb_data/bmrb_nmrstar/bmst000202/bmst000202.str
bmst000203,/Users/alfred/Documents/GitHub/DDLS_project/code/get_bmrb_data/bmrb_nmrstar/bmst000203/bmst000203.str
bmst000204,/Users/alfred/Documents/GitHub/DDLS_project/code/get_bmrb_data/bmrb_nmrstar/bmst000204/bmst000204.str
bmst000206,/Users/alfred/Documents/GitHub/DDLS_project/code/get_bmrb_data/bmrb_nmrstar/bmst000206/bmst000206.str
bmst000208,/Users/alfred/Documents/GitHub/DDLS_project/code/get_bmrb_data/bmrb_nmrstar/bmst000208/bmst000208.str
bmst000209,/Users/alfred/Documents/GitHub/DDLS_project/code/get_bmrb_data/bmrb_nmrstar/bmst000209/bmst000209.str
bmst000210,/Users/alfred/Documents/GitHub/DDLS_project/code/get_bmrb_data/bmrb_nmrstar/bmst000210/bmst000210.str
bmst000211,/Users/alfred/Documents/GitHub/DDLS_project/code/get_bmrb_data/bmrb_nmrstar/bmst000211/bmst000211.str
bmst000212,/Users/alfred/Documents/GitHub/DDLS_project/code/get_bmrb_data/bmrb_nmrstar/bmst000212/bmst000212.str
bmst000213,/Users/alfred/Documents/GitHub/DDLS_project/code/get_bmrb_data/bmrb_nmrstar/bmst000213/bmst000213.str
bmst000214,/Users/alfred/Documents/GitHub/DDLS_project/code/get_bmrb_data/bmrb_nmrstar/bmst000214/bmst000214.str
bmst000215,/Users/alfred/Documents/GitHub/DDLS_project/code/get_bmrb_data/bmrb_nmrstar/bmst000215/bmst000215.str
bmst000216,/Users/alfred/Documents/GitHub/DDLS_project/code/get_bmrb_data/bmrb_nmrstar/bmst000216/bmst000216.str
bmst000217,/Users/alfred/Documents/GitHub/DDLS_project/code/get_bmrb_data/bmrb_nmrstar/bmst000217/bmst000217.str
bmst000218,/Users/alfred/Documents/GitHub/DDLS_project/code/get_bmrb_data/bmrb_nmrstar/bmst000218/bmst000218.str
bmst000219,/Users/alfred/Documents/GitHub/DDLS_project/code/get_bmrb_data/bmrb_nmrstar/bmst000219/bmst000219.str
bmst000220,/Users/alfred/Documents/GitHub/DDLS_project/code/get_bmrb_data/bmrb_nmrstar/bmst000220/bmst000220.str
bmst000221,/Users/alfred/Documents/GitHub/DDLS_project/code/get_bmrb_data/bmrb_nmrstar/bmst000221/bmst000221.str
bmst000222,/Users/alfred/Documents/GitHub/DDLS_project/code/get_bmrb_data/bmrb_nmrstar/bmst000222/bmst000222.str
bmst000223,/Users/alfred/Documents/GitHub/DDLS_project/code/get_bmrb_data/bmrb_nmrstar/bmst000223/bmst000223.str
bmst000224,/Users/alfred/Documents/GitHub/DDLS_project/code/get_bmrb_data/bmrb_nmrstar/bmst000224/bmst000224.str
bmst000225,/Users/alfred/Documents/GitHub/DDLS_project/code/get_bmrb_data/bmrb_nmrstar/bmst000225/bmst000225.str
bmst000226,/Users/alfred/Documents/GitHub/DDLS_project/code/get_bmrb_data/bmrb_nmrstar/bmst000226/bmst000226.str
bmst000227,/Users/alfred/Documents/GitHub/DDLS_project/code/get_bmrb_data/bmrb_nmrstar/bmst000227/bmst000227.str
bmst000228,/Users/alfred/Documents/GitHub/DDLS_project/code/get_bmrb_data/bmrb_nmrstar/bmst000228/bmst000228.str
bmst000229,/Users/alfred/Documents/GitHub/DDLS_project/code/get_bmrb_data/bmrb_nmrstar/bmst000229/bmst000229.str
bmst000230,/Users/alfred/Documents/GitHub/DDLS_project/code/get_bmrb_data/bmrb_nmrstar/bmst000230/bmst000230.str
bmst000231,/Users/alfred/Documents/GitHub/DDLS_project/code/get_bmrb_data/bmrb_nmrstar/bmst000231/bmst000231.str
bmst000232,/Users/alfred/Documents/GitHub/DDLS_project/code/get_bmrb_data/bmrb_nmrstar/bmst000232/bmst000232.str
bmst000233,/Users/alfred/Documents/GitHub/DDLS_project/code/get_bmrb_data/bmrb_nmrstar/bmst000233/bmst000233.str
bmst000234,/Users/alfred/Documents/GitHub/DDLS_project/code/get_bmrb_data/bmrb_nmrstar/bmst000234/bmst000234.str
bmst000235,/Users/alfred/Documents/GitHub/DDLS_project/code/get_bmrb_data/bmrb_nmrstar/bmst000235/bmst000235.str
bmst000236,/Users/alfred/Documents/GitHub/DDLS_project/code/get_bmrb_data/bmrb_nmrstar/bmst000236/bmst000236.str
bmst000237,/Users/alfred/Documents/GitHub/DDLS_project/code/get_bmrb_data/bmrb_nmrstar/bmst000237/bmst000237.str
bmst000238,/Users/alfred/Documents/GitHub/DDLS_project/code/get_bmrb_data/bmrb_nmrstar/bmst000238/bmst000238.str
bmst000239,/Users/alfred/Documents/GitHub/DDLS_project/code/get_bmrb_data/bmrb_nmrstar/bmst000239/bmst000239.str
bmst000241,/Users/alfred/Documents/GitHub/DDLS_project/code/get_bmrb_data/bmrb_nmrstar/bmst000241/bmst000241.str
bmst000242,/Users/alfred/Documents/GitHub/DDLS_project/code/get_bmrb_data/bmrb_nmrstar/bmst000242/bmst000242.str
bmst000243,/Users/alfred/Documents/GitHub/DDLS_project/code/get_bmrb_data/bmrb_nmrstar/bmst000243/bmst000243.str
bmst000244,/Users/alfred/Documents/GitHub/DDLS_project/code/get_bmrb_data/bmrb_nmrstar/bmst000244/bmst000244.str
bmst000245,/Users/alfred/Documents/GitHub/DDLS_project/code/get_bmrb_data/bmrb_nmrstar/bmst000245/bmst000245.str
bmst000246,/Users/alfred/Documents/GitHub/DDLS_project/code/get_bmrb_data/bmrb_nmrstar/bmst000246/bmst000246.str
bmst000247,/Users/alfred/Documents/GitHub/DDLS_project/code/get_bmrb_data/bmrb_nmrstar/bmst000247/bmst000247.str
bmst000248,/Users/alfred/Documents/GitHub/DDLS_project/code/get_bmrb_data/bmrb_nmrstar/bmst000248/bmst000248.str
bmst000249,/Users/alfred/Documents/GitHub/DDLS_project/code/get_bmrb_data/bmrb_nmrstar/bmst000249/bmst000249.str
bmst000250,/Users/alfred/Documents/GitHub/DDLS_project/code/get_bmrb_data/bmrb_nmrstar/bmst000250/bmst000250.str
bmst000251,/Users/alfred/Documents/GitHub/DDLS_project/code/get_bmrb_data/bmrb_nmrstar/bmst000251/bmst000251.str
bmst000252,/Users/alfred/Documents/GitHub/DDLS_project/code/get_bmrb_data/bmrb_nmrstar/bmst000252/bmst000252.str
bmst000253,/Users/alfred/Documents/GitHub/DDLS_project/code/get_bmrb_data/bmrb_nmrstar/bmst000253/bmst000253.str
bmst000254,/Users/alfred/Documents/GitHub/DDLS_project/code/get_bmrb_data/bmrb_nmrstar/bmst000254/bmst000254.str
bmst000255,/Users/alfred/Documents/GitHub/DDLS_project/code/get_bmrb_data/bmrb_nmrstar/bmst000255/bmst000255.str
bmst000256,/Users/alfred/Documents/GitHub/DDLS_project/code/get_bmrb_data/bmrb_nmrstar/bmst000256/bmst000256.str
bmst000257,/Users/alfred/Documents/GitHub/DDLS_project/code/get_bmrb_data/bmrb_nmrstar/bmst000257/bmst000257.str
bmst000258,/Users/alfred/Documents/GitHub/DDLS_project/code/get_bmrb_data/bmrb_nmrstar/bmst000258/bmst000258.str
bmst000259,/Users/alfred/Documents/GitHub/DDLS_project/code/get_bmrb_data/bmrb_nmrstar/bmst000259/bmst000259.str
bmst000260,/Users/alfred/Documents/GitHub/DDLS_project/code/get_bmrb_data/bmrb_nmrstar/bmst000260/bmst000260.str
bmst000261,/Users/alfred/Documents/GitHub/DDLS_project/code/get_bmrb_data/bmrb_nmrstar/bmst000261/bmst000261.str
bmst000262,/Users/alfred/Documents/GitHub/DDLS_project/code/get_bmrb_data/bmrb_nmrstar/bmst000262/bmst000262.str
bmst000263,/Users/alfred/Documents/GitHub/DDLS_project/code/get_bmrb_data/bmrb_nmrstar/bmst000263/bmst000263.str
bmst000264,/Users/alfred/Documents/GitHub/DDLS_project/code/get_bmrb_data/bmrb_nmrstar/bmst000264/bmst000264.str
bmst000265,/Users/alfred/Documents/GitHub/DDLS_project/code/get_bmrb_data/bmrb_nmrstar/bmst000265/bmst000265.str
bmst000266,/Users/alfred/Documents/GitHub/DDLS_project/code/get_bmrb_data/bmrb_nmrstar/bmst000266/bmst000266.str
bmst000267,/Users/alfred/Documents/GitHub/DDLS_project/code/get_bmrb_data/bmrb_nmrstar/bmst000267/bmst000267.str
bmst000268,/Users/alfred/Documents/GitHub/DDLS_project/code/get_bmrb_data/bmrb_nmrstar/bmst000268/bmst000268.str
bmst000269,/Users/alfred/Documents/GitHub/DDLS_project/code/get_bmrb_data/bmrb_nmrstar/bmst000269/bmst000269.str
bmst000270,/Users/alfred/Documents/GitHub/DDLS_project/code/get_bmrb_data/bmrb_nmrstar/bmst000270/bmst000270.str
bmst000271,/Users/alfred/Documents/GitHub/DDLS_project/code/get_bmrb_data/bmrb_nmrstar/bmst000271/bmst000271.str
bmst000272,/Users/alfred/Documents/GitHub/DDLS_project/code/get_bmrb_data/bmrb_nmrstar/bmst000272/bmst000272.str
bmst000273,/Users/alfred/Documents/GitHub/DDLS_project/code/get_bmrb_data/bmrb_nmrstar/bmst000273/bmst000273.str
bmst000274,/Users/alfred/Documents/GitHub/DDLS_project/code/get_bmrb_data/bmrb_nmrstar/bmst000274/bmst000274.str
bmst000275,/Users/alfred/Documents/GitHub/DDLS_project/code/get_bmrb_data/bmrb_nmrstar/bmst000275/bmst000275.str
bmst000276,/Users/alfred/Documents/GitHub/DDLS_project/code/get_bmrb_data/bmrb_nmrstar/bmst000276/bmst000276.str
bmst000277,/Users/alfred/Documents/GitHub/DDLS_project/code/get_bmrb_data/bmrb_nmrstar/bmst000277/bmst000277.str
bmst000278,/Users/alfred/Documents/GitHub/DDLS_project/code/get_bmrb_data/bmrb_nmrstar/bmst000278/bmst000278.str
bmst000279,/Users/alfred/Documents/GitHub/DDLS_project/code/get_bmrb_data/bmrb_nmrstar/bmst000279/bmst000279.str
bmst000280,/Users/alfred/Documents/GitHub/DDLS_project/code/get_bmrb_data/bmrb_nmrstar/bmst000280/bmst000280.str
bmst000281,/Users/alfred/Documents/GitHub/DDLS_project/code/get_bmrb_data/bmrb_nmrstar/bmst000281/bmst000281.str
bmst000282,/Users/alfred/Documents/GitHub/DDLS_project/code/get_bmrb_data/bmrb_nmrstar/bmst000282/bmst000282.str
bmst000283,/Users/alfred/Documents/GitHub/DDLS_project/code/get_bmrb_data/bmrb_nmrstar/bmst000283/bmst000283.str
bmst000284,/Users/alfred/Documents/GitHub/DDLS_project/code/get_bmrb_data/bmrb_nmrstar/bmst000284/bmst000284.str
bmst000285,/Users/alfred/Documents/GitHub/DDLS_project/code/get_bmrb_data/bmrb_nmrstar/bmst000285/bmst000285.str
bmst000286,/Users/alfred/Documents/GitHub/DDLS_project/code/get_bmrb_data/bmrb_nmrstar/bmst000286/bmst000286.str
bmst000287,/Users/alfred/Documents/GitHub/DDLS_project/code/get_bmrb_data/bmrb_nmrstar/bmst000287/bmst000287.str
bmst000288,/Users/alfred/Documents/GitHub/DDLS_project/code/get_bmrb_data/bmrb_nmrstar/bmst000288/bmst000288.str
bmst000289,/Users/alfred/Documents/GitHub/DDLS_project/code/get_bmrb_data/bmrb_nmrstar/bmst000289/bmst000289.str
bmst000290,/Users/alfred/Documents/GitHub/DDLS_project/code/get_bmrb_data/bmrb_nmrstar/bmst000290/bmst000290.str
bmst000291,/Users/alfred/Documents/GitHub/DDLS_project/code/get_bmrb_data/bmrb_nmrstar/bmst000291/bmst000291.str
bmst000292,/Users/alfred/Documents/GitHub/DDLS_project/code/get_bmrb_data/bmrb_nmrstar/bmst000292/bmst000292.str
bmst000293,/Users/alfred/Documents/GitHub/DDLS_project/code/get_bmrb_data/bmrb_nmrstar/bmst000293/bmst000293.str
bmst000294,/Users/alfred/Documents/GitHub/DDLS_project/code/get_bmrb_data/bmrb_nmrstar/bmst000294/bmst000294.str
bmst000295,/Users/alfred/Documents/GitHub/DDLS_project/code/get_bmrb_data/bmrb_nmrstar/bmst000295/bmst000295.str
bmst000296,/Users/alfred/Documents/GitHub/DDLS_project/code/get_bmrb_data/bmrb_nmrstar/bmst000296/bmst000296.str
bmst000297,/Users/alfred/Documents/GitHub/DDLS_project/code/get_bmrb_data/bmrb_nmrstar/bmst000297/bmst000297.str
bmst000298,/Users/alfred/Documents/GitHub/DDLS_project/code/get_bmrb_data/bmrb_nmrstar/bmst000298/bmst000298.str
bmst000299,/Users/alfred/Documents/GitHub/DDLS_project/code/get_bmrb_data/bmrb_nmrstar/bmst000299/bmst000299.str
bmst000300,/Users/alfred/Documents/GitHub/DDLS_project/code/get_bmrb_data/bmrb_nmrstar/bmst000300/bmst000300.str
bmst000301,/Users/alfred/Documents/GitHub/DDLS_project/code/get_bmrb_data/bmrb_nmrstar/bmst000301/bmst000301.str
bmst000302,/Users/alfred/Documents/GitHub/DDLS_project/code/get_bmrb_data/bmrb_nmrstar/bmst000302/bmst000302.str
bmst000303,/Users/alfred/Documents/GitHub/DDLS_project/code/get_bmrb_data/bmrb_nmrstar/bmst000303/bmst000303.str
bmst000304,/Users/alfred/Documents/GitHub/DDLS_project/code/get_bmrb_data/bmrb_nmrstar/bmst000304/bmst000304.str
bmst000305,/Users/alfred/Documents/GitHub/DDLS_project/code/get_bmrb_data/bmrb_nmrstar/bmst000305/bmst000305.str
bmst000306,/Users/alfred/Documents/GitHub/DDLS_project/code/get_bmrb_data/bmrb_nmrstar/bmst000306/bmst000306.str
bmst000307,/Users/alfred/Documents/GitHub/DDLS_project/code/get_bmrb_data/bmrb_nmrstar/bmst000307/bmst000307.str
bmst000308,/Users/alfred/Documents/GitHub/DDLS_project/code/get_bmrb_data/bmrb_nmrstar/bmst000308/bmst000308.str
bmst000309,/Users/alfred/Documents/GitHub/DDLS_project/code/get_bmrb_data/bmrb_nmrstar/bmst000309/bmst000309.str
bmst000310,/Users/alfred/Documents/GitHub/DDLS_project/code/get_bmrb_data/bmrb_nmrstar/bmst000310/bmst000310.str
bmst000311,/Users/alfred/Documents/GitHub/DDLS_project/code/get_bmrb_data/bmrb_nmrstar/bmst000311/bmst000311.str
bmst000312,/Users/alfred/Documents/GitHub/DDLS_project/code/get_bmrb_data/bmrb_nmrstar/bmst000312/bmst000312.str
bmst000313,/Users/alfred/Documents/GitHub/DDLS_project/code/get_bmrb_data/bmrb_nmrstar/bmst000313/bmst000313.str
bmst000314,/Users/alfred/Documents/GitHub/DDLS_project/code/get_bmrb_data/bmrb_nmrstar/bmst000314/bmst000314.str
bmst000315,/Users/alfred/Documents/GitHub/DDLS_project/code/get_bmrb_data/bmrb_nmrstar/bmst000315/bmst000315.str
bmst000316,/Users/alfred/Documents/GitHub/DDLS_project/code/get_bmrb_data/bmrb_nmrstar/bmst000316/bmst000316.str
bmst000317,/Users/alfred/Documents/GitHub/DDLS_project/code/get_bmrb_data/bmrb_nmrstar/bmst000317/bmst000317.str
bmst000318,/Users/alfred/Documents/GitHub/DDLS_project/code/get_bmrb_data/bmrb_nmrstar/bmst000318/bmst000318.str
bmst000319,/Users/alfred/Documents/GitHub/DDLS_project/code/get_bmrb_data/bmrb_nmrstar/bmst000319/bmst000319.str
bmst000320,/Users/alfred/Documents/GitHub/DDLS_project/code/get_bmrb_data/bmrb_nmrstar/bmst000320/bmst000320.str
bmst000321,/Users/alfred/Documents/GitHub/DDLS_project/code/get_bmrb_data/bmrb_nmrstar/bmst000321/bmst000321.str
bmst000322,/Users/alfred/Documents/GitHub/DDLS_project/code/get_bmrb_data/bmrb_nmrstar/bmst000322/bmst000322.str
bmst000323,/Users/alfred/Documents/GitHub/DDLS_project/code/get_bmrb_data/bmrb_nmrstar/bmst000323/bmst000323.str
bmst000324,/Users/alfred/Documents/GitHub/DDLS_project/code/get_bmrb_data/bmrb_nmrstar/bmst000324/bmst000324.str
bmst000325,/Users/alfred/Documents/GitHub/DDLS_project/code/get_bmrb_data/bmrb_nmrstar/bmst000325/bmst000325.str
bmst000326,/Users/alfred/Documents/GitHub/DDLS_project/code/get_bmrb_data/bmrb_nmrstar/bmst000326/bmst000326.str
bmst000327,/Users/alfred/Documents/GitHub/DDLS_project/code/get_bmrb_data/bmrb_nmrstar/bmst000327/bmst000327.str
bmst000328,/Users/alfred/Documents/GitHub/DDLS_project/code/get_bmrb_data/bmrb_nmrstar/bmst000328/bmst000328.str
bmst000329,/Users/alfred/Documents/GitHub/DDLS_project/code/get_bmrb_data/bmrb_nmrstar/bmst000329/bmst000329.str
bmst000330,/Users/alfred/Documents/GitHub/DDLS_project/code/get_bmrb_data/bmrb_nmrstar/bmst000330/bmst000330.str
bmst000332,/Users/alfred/Documents/GitHub/DDLS_project/code/get_bmrb_data/bmrb_nmrstar/bmst000332/bmst000332.str
bmst000333,/Users/alfred/Documents/GitHub/DDLS_project/code/get_bmrb_data/bmrb_nmrstar/bmst000333/bmst000333.str
bmst000334,/Users/alfred/Documents/GitHub/DDLS_project/code/get_bmrb_data/bmrb_nmrstar/bmst000334/bmst000334.str
