bmrb_id,str_path,status,n_points,record_type,out_txt,name,inchi,inchikey,smiles
bmse000001,/Users/alfred/Documents/GitHub/DDLS_project/code/get_bmrb_data/bmrb_nmrstar/bmse000001/bmse000001.str,no_1H_data_found,0,,,1-3-diaminopropane,,,
bmse000002,/Users/alfred/Documents/GitHub/DDLS_project/code/get_bmrb_data/bmrb_nmrstar/bmse000002/bmse000002.str,no_1H_data_found,0,,,"2,3-diphospho-D-glyceric acid",,,
bmse000003,/Users/alfred/Documents/GitHub/DDLS_project/code/get_bmrb_data/bmrb_nmrstar/bmse000003/bmse000003.str,no_1H_data_found,0,,,2'-Deoxyguanosine,,,
bmse000004,/Users/alfred/Documents/GitHub/DDLS_project/code/get_bmrb_data/bmrb_nmrstar/bmse000004/bmse000004.str,no_1H_data_found,0,,,ADP,,,
bmse000005,/Users/alfred/Documents/GitHub/DDLS_project/code/get_bmrb_data/bmrb_nmrstar/bmse000005/bmse000005.str,no_1H_data_found,0,,,AMP,,,
bmse000006,/Users/alfred/Documents/GitHub/DDLS_project/code/get_bmrb_data/bmrb_nmrstar/bmse000006/bmse000006.str,no_1H_data_found,0,,,ATP,,,
bmse000007,/Users/alfred/Documents/GitHub/DDLS_project/code/get_bmrb_data/bmrb_nmrstar/bmse000007/bmse000007.str,no_1H_data_found,0,,,D-(-)-3-phosphoglyceric acid,,,
bmse000008,/Users/alfred/Documents/GitHub/DDLS_project/code/get_bmrb_data/bmrb_nmrstar/bmse000008/bmse000008.str,no_1H_data_found,0,,,D-allose,,,
bmse000010,/Users/alfred/Documents/GitHub/DDLS_project/code/get_bmrb_data/bmrb_nmrstar/bmse000010/bmse000010.str,no_1H_data_found,0,,,D-(-)-Fructose,,,
bmse000011,/Users/alfred/Documents/GitHub/DDLS_project/code/get_bmrb_data/bmrb_nmrstar/bmse000011/bmse000011.str,no_1H_data_found,0,,,"D-fructose-1,6-bisphosphate",,,
bmse000012,/Users/alfred/Documents/GitHub/DDLS_project/code/get_bmrb_data/bmrb_nmrstar/bmse000012/bmse000012.str,no_1H_data_found,0,,,D-fructose-6-phosphate,,,
bmse000013,/Users/alfred/Documents/GitHub/DDLS_project/code/get_bmrb_data/bmrb_nmrstar/bmse000013/bmse000013.str,no_1H_data_found,0,,,D-(+)-Galactose,,,
bmse000015,/Users/alfred/Documents/GitHub/DDLS_project/code/get_bmrb_data/bmrb_nmrstar/bmse000015/bmse000015.str,no_1H_data_found,0,,,D-(+)-Glucose,,,
bmse000016,/Users/alfred/Documents/GitHub/DDLS_project/code/get_bmrb_data/bmrb_nmrstar/bmse000016/bmse000016.str,no_1H_data_found,0,,,D-Glucose 6-phosphate,,,
bmse000017,/Users/alfred/Documents/GitHub/DDLS_project/code/get_bmrb_data/bmrb_nmrstar/bmse000017/bmse000017.str,no_1H_data_found,0,,,D-(+)-maltose,,,
bmse000018,/Users/alfred/Documents/GitHub/DDLS_project/code/get_bmrb_data/bmrb_nmrstar/bmse000018/bmse000018.str,no_1H_data_found,0,,,D-(+)-Mannose,,,
bmse000019,/Users/alfred/Documents/GitHub/DDLS_project/code/get_bmrb_data/bmrb_nmrstar/bmse000019/bmse000019.str,no_1H_data_found,0,,,D-ornithine,,,
bmse000020,/Users/alfred/Documents/GitHub/DDLS_project/code/get_bmrb_data/bmrb_nmrstar/bmse000020/bmse000020.str,no_1H_data_found,0,,,D-Psicose,,,
bmse000022,/Users/alfred/Documents/GitHub/DDLS_project/code/get_bmrb_data/bmrb_nmrstar/bmse000022/bmse000022.str,no_1H_data_found,0,,,D-(+)-Sorbose,,,
bmse000023,/Users/alfred/Documents/GitHub/DDLS_project/code/get_bmrb_data/bmrb_nmrstar/bmse000023/bmse000023.str,no_1H_data_found,0,,,D-(-)-Tagatose,,,
bmse000025,/Users/alfred/Documents/GitHub/DDLS_project/code/get_bmrb_data/bmrb_nmrstar/bmse000025/bmse000025.str,no_1H_data_found,0,,,D-(+)-threo-isocitric acid,,,
bmse000026,/Users/alfred/Documents/GitHub/DDLS_project/code/get_bmrb_data/bmrb_nmrstar/bmse000026/bmse000026.str,no_1H_data_found,0,,,D-(+)-xylose,,,
bmse000027,/Users/alfred/Documents/GitHub/DDLS_project/code/get_bmrb_data/bmrb_nmrstar/bmse000027/bmse000027.str,no_1H_data_found,0,,,D-Xylulose,,,
bmse000028,/Users/alfred/Documents/GitHub/DDLS_project/code/get_bmrb_data/bmrb_nmrstar/bmse000028/bmse000028.str,no_1H_data_found,0,,,L-alanine,,,
bmse000029,/Users/alfred/Documents/GitHub/DDLS_project/code/get_bmrb_data/bmrb_nmrstar/bmse000029/bmse000029.str,no_1H_data_found,0,,,L-arginine,,,
bmse000030,/Users/alfred/Documents/GitHub/DDLS_project/code/get_bmrb_data/bmrb_nmrstar/bmse000030/bmse000030.str,no_1H_data_found,0,,,L-asparagine,,,
bmse000031,/Users/alfred/Documents/GitHub/DDLS_project/code/get_bmrb_data/bmrb_nmrstar/bmse000031/bmse000031.str,no_1H_data_found,0,,,L-aspartic acid,,,
bmse000032,/Users/alfred/Documents/GitHub/DDLS_project/code/get_bmrb_data/bmrb_nmrstar/bmse000032/bmse000032.str,no_1H_data_found,0,,,L-citrulline,,,
bmse000033,/Users/alfred/Documents/GitHub/DDLS_project/code/get_bmrb_data/bmrb_nmrstar/bmse000033/bmse000033.str,no_1H_data_found,0,,,L-cystathionine,,,
bmse000034,/Users/alfred/Documents/GitHub/DDLS_project/code/get_bmrb_data/bmrb_nmrstar/bmse000034/bmse000034.str,no_1H_data_found,0,,,L-cysteine,,,
bmse000035,/Users/alfred/Documents/GitHub/DDLS_project/code/get_bmrb_data/bmrb_nmrstar/bmse000035/bmse000035.str,no_1H_data_found,0,,,L-cystine,,,
bmse000036,/Users/alfred/Documents/GitHub/DDLS_project/code/get_bmrb_data/bmrb_nmrstar/bmse000036/bmse000036.str,no_1H_data_found,0,,,L-(-)-fucose,,,
bmse000037,/Users/alfred/Documents/GitHub/DDLS_project/code/get_bmrb_data/bmrb_nmrstar/bmse000037/bmse000037.str,no_1H_data_found,0,,,L-glutamic acid,,,
bmse000038,/Users/alfred/Documents/GitHub/DDLS_project/code/get_bmrb_data/bmrb_nmrstar/bmse000038/bmse000038.str,no_1H_data_found,0,,,L-glutamine,,,
bmse000039,/Users/alfred/Documents/GitHub/DDLS_project/code/get_bmrb_data/bmrb_nmrstar/bmse000039/bmse000039.str,no_1H_data_found,0,,,L-histidine,,,
bmse000040,/Users/alfred/Documents/GitHub/DDLS_project/code/get_bmrb_data/bmrb_nmrstar/bmse000040/bmse000040.str,no_1H_data_found,0,,,L-homoserine,,,
bmse000041,/Users/alfred/Documents/GitHub/DDLS_project/code/get_bmrb_data/bmrb_nmrstar/bmse000041/bmse000041.str,no_1H_data_found,0,,,L-isoleucine,,,
bmse000042,/Users/alfred/Documents/GitHub/DDLS_project/code/get_bmrb_data/bmrb_nmrstar/bmse000042/bmse000042.str,no_1H_data_found,0,,,L-leucine,,,
bmse000043,/Users/alfred/Documents/GitHub/DDLS_project/code/get_bmrb_data/bmrb_nmrstar/bmse000043/bmse000043.str,no_1H_data_found,0,,,L-lysine,,,
bmse000044,/Users/alfred/Documents/GitHub/DDLS_project/code/get_bmrb_data/bmrb_nmrstar/bmse000044/bmse000044.str,no_1H_data_found,0,,,L-methionine,,,
bmse000045,/Users/alfred/Documents/GitHub/DDLS_project/code/get_bmrb_data/bmrb_nmrstar/bmse000045/bmse000045.str,no_1H_data_found,0,,,L-phenylalanine,,,
bmse000046,/Users/alfred/Documents/GitHub/DDLS_project/code/get_bmrb_data/bmrb_nmrstar/bmse000046/bmse000046.str,no_1H_data_found,0,,,malic_acid,,,
bmse000047,/Users/alfred/Documents/GitHub/DDLS_project/code/get_bmrb_data/bmrb_nmrstar/bmse000047/bmse000047.str,no_1H_data_found,0,,,L-proline,,,
bmse000048,/Users/alfred/Documents/GitHub/DDLS_project/code/get_bmrb_data/bmrb_nmrstar/bmse000048/bmse000048.str,no_1H_data_found,0,,,L-serine,,,
bmse000049,/Users/alfred/Documents/GitHub/DDLS_project/code/get_bmrb_data/bmrb_nmrstar/bmse000049/bmse000049.str,no_1H_data_found,0,,,L-threonine,,,
bmse000050,/Users/alfred/Documents/GitHub/DDLS_project/code/get_bmrb_data/bmrb_nmrstar/bmse000050/bmse000050.str,no_1H_data_found,0,,,L-tryptophan,,,
bmse000051,/Users/alfred/Documents/GitHub/DDLS_project/code/get_bmrb_data/bmrb_nmrstar/bmse000051/bmse000051.str,no_1H_data_found,0,,,L-tyrosine,,,
bmse000052,/Users/alfred/Documents/GitHub/DDLS_project/code/get_bmrb_data/bmrb_nmrstar/bmse000052/bmse000052.str,no_1H_data_found,0,,,L-valine,,,
bmse000053,/Users/alfred/Documents/GitHub/DDLS_project/code/get_bmrb_data/bmrb_nmrstar/bmse000053/bmse000053.str,no_1H_data_found,0,,,NAD,,,
bmse000054,/Users/alfred/Documents/GitHub/DDLS_project/code/get_bmrb_data/bmrb_nmrstar/bmse000054/bmse000054.str,no_1H_data_found,0,,,NADH,,,
bmse000055,/Users/alfred/Documents/GitHub/DDLS_project/code/get_bmrb_data/bmrb_nmrstar/bmse000055/bmse000055.str,no_1H_data_found,0,,,NADPH,,,
bmse000056,/Users/alfred/Documents/GitHub/DDLS_project/code/get_bmrb_data/bmrb_nmrstar/bmse000056/bmse000056.str,no_1H_data_found,0,,,N-Acetyl-D-mannosamine,,,
bmse000057,/Users/alfred/Documents/GitHub/DDLS_project/code/get_bmrb_data/bmrb_nmrstar/bmse000057/bmse000057.str,no_1H_data_found,0,,,N-Acetylneuraminic acid,,,
bmse000058,/Users/alfred/Documents/GitHub/DDLS_project/code/get_bmrb_data/bmrb_nmrstar/bmse000058/bmse000058.str,no_1H_data_found,0,,,O-succinyl-L-homoserine,,,
bmse000059,/Users/alfred/Documents/GitHub/DDLS_project/code/get_bmrb_data/bmrb_nmrstar/bmse000059/bmse000059.str,no_1H_data_found,0,,,s-(5'-adenosyl)-L-methionine,,,
bmse000060,/Users/alfred/Documents/GitHub/DDLS_project/code/get_bmrb_data/bmrb_nmrstar/bmse000060/bmse000060.str,no_1H_data_found,0,,,adenine,,,
bmse000061,/Users/alfred/Documents/GitHub/DDLS_project/code/get_bmrb_data/bmrb_nmrstar/bmse000061/bmse000061.str,no_1H_data_found,0,,,adenosine,,,
bmse000062,/Users/alfred/Documents/GitHub/DDLS_project/code/get_bmrb_data/bmrb_nmrstar/bmse000062/bmse000062.str,no_1H_data_found,0,,,adonitol,,,
bmse000063,/Users/alfred/Documents/GitHub/DDLS_project/code/get_bmrb_data/bmrb_nmrstar/bmse000063/bmse000063.str,no_1H_data_found,0,,,agmatine,,,
bmse000064,/Users/alfred/Documents/GitHub/DDLS_project/code/get_bmrb_data/bmrb_nmrstar/bmse000064/bmse000064.str,no_1H_data_found,0,,,alpha-ketoglutaric acid,,,
bmse000065,/Users/alfred/Documents/GitHub/DDLS_project/code/get_bmrb_data/bmrb_nmrstar/bmse000065/bmse000065.str,no_1H_data_found,0,,,Lactose,,,
bmse000066,/Users/alfred/Documents/GitHub/DDLS_project/code/get_bmrb_data/bmrb_nmrstar/bmse000066/bmse000066.str,no_1H_data_found,0,,,4-aminobenzoic acid,,,
bmse000067,/Users/alfred/Documents/GitHub/DDLS_project/code/get_bmrb_data/bmrb_nmrstar/bmse000067/bmse000067.str,no_1H_data_found,0,,,anthranilic acid,,,
bmse000068,/Users/alfred/Documents/GitHub/DDLS_project/code/get_bmrb_data/bmrb_nmrstar/bmse000068/bmse000068.str,no_1H_data_found,0,,,L-(-) arabitol,,,
bmse000069,/Users/alfred/Documents/GitHub/DDLS_project/code/get_bmrb_data/bmrb_nmrstar/bmse000069/bmse000069.str,no_1H_data_found,0,,,betaine,,,
bmse000070,/Users/alfred/Documents/GitHub/DDLS_project/code/get_bmrb_data/bmrb_nmrstar/bmse000070/bmse000070.str,no_1H_data_found,0,,,Betaine aldehyde,,,
bmse000071,/Users/alfred/Documents/GitHub/DDLS_project/code/get_bmrb_data/bmrb_nmrstar/bmse000071/bmse000071.str,no_1H_data_found,0,,,cyclic AMP,,,
bmse000072,/Users/alfred/Documents/GitHub/DDLS_project/code/get_bmrb_data/bmrb_nmrstar/bmse000072/bmse000072.str,no_1H_data_found,0,,,"1,5-Diaminopentane",,,
bmse000073,/Users/alfred/Documents/GitHub/DDLS_project/code/get_bmrb_data/bmrb_nmrstar/bmse000073/bmse000073.str,no_1H_data_found,0,,,L-Canavanine,,,
bmse000074,/Users/alfred/Documents/GitHub/DDLS_project/code/get_bmrb_data/bmrb_nmrstar/bmse000074/bmse000074.str,no_1H_data_found,0,,,D-Carnitine,,,
bmse000075,/Users/alfred/Documents/GitHub/DDLS_project/code/get_bmrb_data/bmrb_nmrstar/bmse000075/bmse000075.str,no_1H_data_found,0,,,chorismic acid,,,
bmse000076,/Users/alfred/Documents/GitHub/DDLS_project/code/get_bmrb_data/bmrb_nmrstar/bmse000076/bmse000076.str,no_1H_data_found,0,,,citrate,,,
bmse000077,/Users/alfred/Documents/GitHub/DDLS_project/code/get_bmrb_data/bmrb_nmrstar/bmse000077/bmse000077.str,no_1H_data_found,0,,,coumarin,,,
bmse000078,/Users/alfred/Documents/GitHub/DDLS_project/code/get_bmrb_data/bmrb_nmrstar/bmse000078/bmse000078.str,no_1H_data_found,0,,,creatine,,,
bmse000079,/Users/alfred/Documents/GitHub/DDLS_project/code/get_bmrb_data/bmrb_nmrstar/bmse000079/bmse000079.str,no_1H_data_found,0,,,creatine phosphate,,,
bmse000080,/Users/alfred/Documents/GitHub/DDLS_project/code/get_bmrb_data/bmrb_nmrstar/bmse000080/bmse000080.str,no_1H_data_found,0,,,"3,4-dehydro-d/L-proline",,,
bmse000083,/Users/alfred/Documents/GitHub/DDLS_project/code/get_bmrb_data/bmrb_nmrstar/bmse000083/bmse000083.str,no_1H_data_found,0,,,sodium fumarate,,,
bmse000084,/Users/alfred/Documents/GitHub/DDLS_project/code/get_bmrb_data/bmrb_nmrstar/bmse000084/bmse000084.str,no_1H_data_found,0,,,gluconic acid,,,
bmse000086,/Users/alfred/Documents/GitHub/DDLS_project/code/get_bmrb_data/bmrb_nmrstar/bmse000086/bmse000086.str,no_1H_data_found,0,,,alpha-d-glucose-1-phosphate,,,
bmse000087,/Users/alfred/Documents/GitHub/DDLS_project/code/get_bmrb_data/bmrb_nmrstar/bmse000087/bmse000087.str,no_1H_data_found,0,,,"alpha-D-Glucose 1,6-bisphosphate",,,
bmse000089,/Users/alfred/Documents/GitHub/DDLS_project/code/get_bmrb_data/bmrb_nmrstar/bmse000089/bmse000089.str,no_1H_data_found,0,,,glycine,,,
bmse000090,/Users/alfred/Documents/GitHub/DDLS_project/code/get_bmrb_data/bmrb_nmrstar/bmse000090/bmse000090.str,no_1H_data_found,0,,,guanine,,,
bmse000091,/Users/alfred/Documents/GitHub/DDLS_project/code/get_bmrb_data/bmrb_nmrstar/bmse000091/bmse000091.str,no_1H_data_found,0,,,guanosine,,,
bmse000092,/Users/alfred/Documents/GitHub/DDLS_project/code/get_bmrb_data/bmrb_nmrstar/bmse000092/bmse000092.str,no_1H_data_found,0,,,4-hydroxy-benzoic acid,,,
bmse000093,/Users/alfred/Documents/GitHub/DDLS_project/code/get_bmrb_data/bmrb_nmrstar/bmse000093/bmse000093.str,no_1H_data_found,0,,,trans-3-Hydroxycinnamic acid,,,
bmse000094,/Users/alfred/Documents/GitHub/DDLS_project/code/get_bmrb_data/bmrb_nmrstar/bmse000094/bmse000094.str,no_1H_data_found,0,,,hypoxanthine,,,
bmse000095,/Users/alfred/Documents/GitHub/DDLS_project/code/get_bmrb_data/bmrb_nmrstar/bmse000095/bmse000095.str,no_1H_data_found,0,,,i-erythritol,,,
bmse000096,/Users/alfred/Documents/GitHub/DDLS_project/code/get_bmrb_data/bmrb_nmrstar/bmse000096/bmse000096.str,no_1H_data_found,0,,,imidazole,,,
bmse000097,/Users/alfred/Documents/GitHub/DDLS_project/code/get_bmrb_data/bmrb_nmrstar/bmse000097/bmse000097.str,no_1H_data_found,0,,,indole,,,
bmse000098,/Users/alfred/Documents/GitHub/DDLS_project/code/get_bmrb_data/bmrb_nmrstar/bmse000098/bmse000098.str,no_1H_data_found,0,,,inosine,,,
bmse000099,/Users/alfred/Documents/GitHub/DDLS_project/code/get_bmrb_data/bmrb_nmrstar/bmse000099/bmse000099.str,no_1H_data_found,0,,,D-Mannitol,,,
bmse000100,/Users/alfred/Documents/GitHub/DDLS_project/code/get_bmrb_data/bmrb_nmrstar/bmse000100/bmse000100.str,no_1H_data_found,0,,,meso-erythritol,,,
bmse000101,/Users/alfred/Documents/GitHub/DDLS_project/code/get_bmrb_data/bmrb_nmrstar/bmse000101/bmse000101.str,no_1H_data_found,0,,,3-methyl-2-oxobutinoic acid,,,
bmse000102,/Users/alfred/Documents/GitHub/DDLS_project/code/get_bmrb_data/bmrb_nmrstar/bmse000102/bmse000102.str,no_1H_data_found,0,,,muco-inositol,,,
bmse000103,/Users/alfred/Documents/GitHub/DDLS_project/code/get_bmrb_data/bmrb_nmrstar/bmse000103/bmse000103.str,no_1H_data_found,0,,,myo-inositol,,,
bmse000104,/Users/alfred/Documents/GitHub/DDLS_project/code/get_bmrb_data/bmrb_nmrstar/bmse000104/bmse000104.str,no_1H_data_found,0,,,nicotinic acid,,,
bmse000105,/Users/alfred/Documents/GitHub/DDLS_project/code/get_bmrb_data/bmrb_nmrstar/bmse000105/bmse000105.str,no_1H_data_found,0,,,(+/-) nicotine,,,
bmse000106,/Users/alfred/Documents/GitHub/DDLS_project/code/get_bmrb_data/bmrb_nmrstar/bmse000106/bmse000106.str,no_1H_data_found,0,,,oxalate,,,
bmse000107,/Users/alfred/Documents/GitHub/DDLS_project/code/get_bmrb_data/bmrb_nmrstar/bmse000107/bmse000107.str,no_1H_data_found,0,,,phosphoenolpyruvic acid,,,
bmse000108,/Users/alfred/Documents/GitHub/DDLS_project/code/get_bmrb_data/bmrb_nmrstar/bmse000108/bmse000108.str,no_1H_data_found,0,,,prephenic acid,,,
bmse000109,/Users/alfred/Documents/GitHub/DDLS_project/code/get_bmrb_data/bmrb_nmrstar/bmse000109/bmse000109.str,no_1H_data_found,0,,,"putrescine (1,4 diaminobutane)",,,
bmse000110,/Users/alfred/Documents/GitHub/DDLS_project/code/get_bmrb_data/bmrb_nmrstar/bmse000110/bmse000110.str,no_1H_data_found,0,,,pyridoxal,,,
bmse000111,/Users/alfred/Documents/GitHub/DDLS_project/code/get_bmrb_data/bmrb_nmrstar/bmse000111/bmse000111.str,no_1H_data_found,0,,,pyridoxal-5-phosphate,,,
bmse000112,/Users/alfred/Documents/GitHub/DDLS_project/code/get_bmrb_data/bmrb_nmrstar/bmse000112/bmse000112.str,no_1H_data_found,0,,,Pyruvic acid,,,
bmse000113,/Users/alfred/Documents/GitHub/DDLS_project/code/get_bmrb_data/bmrb_nmrstar/bmse000113/bmse000113.str,no_1H_data_found,0,,,scyllo-Inosoitol,,,
bmse000114,/Users/alfred/Documents/GitHub/DDLS_project/code/get_bmrb_data/bmrb_nmrstar/bmse000114/bmse000114.str,no_1H_data_found,0,,,shikimic acid,,,
bmse000115,/Users/alfred/Documents/GitHub/DDLS_project/code/get_bmrb_data/bmrb_nmrstar/bmse000115/bmse000115.str,no_1H_data_found,0,,,D-sorbitol,,,
bmse000116,/Users/alfred/Documents/GitHub/DDLS_project/code/get_bmrb_data/bmrb_nmrstar/bmse000116/bmse000116.str,no_1H_data_found,0,,,spermidine,,,
bmse000117,/Users/alfred/Documents/GitHub/DDLS_project/code/get_bmrb_data/bmrb_nmrstar/bmse000117/bmse000117.str,no_1H_data_found,0,,,spermine,,,
bmse000118,/Users/alfred/Documents/GitHub/DDLS_project/code/get_bmrb_data/bmrb_nmrstar/bmse000118/bmse000118.str,no_1H_data_found,0,,,succinic acid disodium salt,,,
bmse000119,/Users/alfred/Documents/GitHub/DDLS_project/code/get_bmrb_data/bmrb_nmrstar/bmse000119/bmse000119.str,no_1H_data_found,0,,,sucrose,,,
bmse000120,/Users/alfred/Documents/GitHub/DDLS_project/code/get_bmrb_data/bmrb_nmrstar/bmse000120/bmse000120.str,no_1H_data_found,0,,,taurine,,,
bmse000121,/Users/alfred/Documents/GitHub/DDLS_project/code/get_bmrb_data/bmrb_nmrstar/bmse000121/bmse000121.str,no_1H_data_found,0,,,L-(-)-threitol,,,
bmse000123,/Users/alfred/Documents/GitHub/DDLS_project/code/get_bmrb_data/bmrb_nmrstar/bmse000123/bmse000123.str,no_1H_data_found,0,,,trans 4 hydroxy l proline,,,
bmse000124,/Users/alfred/Documents/GitHub/DDLS_project/code/get_bmrb_data/bmrb_nmrstar/bmse000124/bmse000124.str,no_1H_data_found,0,,,trans-cinnamic acid,,,
bmse000125,/Users/alfred/Documents/GitHub/DDLS_project/code/get_bmrb_data/bmrb_nmrstar/bmse000125/bmse000125.str,no_1H_data_found,0,,,D-Trehalose,,,
bmse000126,/Users/alfred/Documents/GitHub/DDLS_project/code/get_bmrb_data/bmrb_nmrstar/bmse000126/bmse000126.str,no_1H_data_found,0,,,uric acid,,,
bmse000127,/Users/alfred/Documents/GitHub/DDLS_project/code/get_bmrb_data/bmrb_nmrstar/bmse000127/bmse000127.str,no_1H_data_found,0,,,xanthine,,,
bmse000128,/Users/alfred/Documents/GitHub/DDLS_project/code/get_bmrb_data/bmrb_nmrstar/bmse000128/bmse000128.str,no_1H_data_found,0,,,xanthosine,,,
bmse000129,/Users/alfred/Documents/GitHub/DDLS_project/code/get_bmrb_data/bmrb_nmrstar/bmse000129/bmse000129.str,no_1H_data_found,0,,,xylitol,,,
bmse000130,/Users/alfred/Documents/GitHub/DDLS_project/code/get_bmrb_data/bmrb_nmrstar/bmse000130/bmse000130.str,no_1H_data_found,0,,,pyridoxamine,,,
bmse000131,/Users/alfred/Documents/GitHub/DDLS_project/code/get_bmrb_data/bmrb_nmrstar/bmse000131/bmse000131.str,no_1H_data_found,0,,,pyridoxamine-5-phosphate,,,
bmse000132,/Users/alfred/Documents/GitHub/DDLS_project/code/get_bmrb_data/bmrb_nmrstar/bmse000132/bmse000132.str,no_1H_data_found,0,,,homovanillic acid,,,
bmse000133,/Users/alfred/Documents/GitHub/DDLS_project/code/get_bmrb_data/bmrb_nmrstar/bmse000133/bmse000133.str,no_1H_data_found,0,,,isonicotinic acid,,,
bmse000134,/Users/alfred/Documents/GitHub/DDLS_project/code/get_bmrb_data/bmrb_nmrstar/bmse000134/bmse000134.str,no_1H_data_found,0,,,ethacrynic acid,,,
bmse000135,/Users/alfred/Documents/GitHub/DDLS_project/code/get_bmrb_data/bmrb_nmrstar/bmse000135/bmse000135.str,no_1H_data_found,0,,,cyanuric acid,,,
bmse000137,/Users/alfred/Documents/GitHub/DDLS_project/code/get_bmrb_data/bmrb_nmrstar/bmse000137/bmse000137.str,no_1H_data_found,0,,,itaconic acid,,,
bmse000138,/Users/alfred/Documents/GitHub/DDLS_project/code/get_bmrb_data/bmrb_nmrstar/bmse000138/bmse000138.str,no_1H_data_found,0,,,D-cellobiose,,,
bmse000139,/Users/alfred/Documents/GitHub/DDLS_project/code/get_bmrb_data/bmrb_nmrstar/bmse000139/bmse000139.str,no_1H_data_found,0,,,Amygdalin,,,
bmse000140,/Users/alfred/Documents/GitHub/DDLS_project/code/get_bmrb_data/bmrb_nmrstar/bmse000140/bmse000140.str,no_1H_data_found,0,,,D-Glucuronate,,,
bmse000141,/Users/alfred/Documents/GitHub/DDLS_project/code/get_bmrb_data/bmrb_nmrstar/bmse000141/bmse000141.str,no_1H_data_found,0,,,"D-Galactono-1,4-lactone",,,
bmse000142,/Users/alfred/Documents/GitHub/DDLS_project/code/get_bmrb_data/bmrb_nmrstar/bmse000142/bmse000142.str,no_1H_data_found,0,,,(+-)-Acetylcarnitine,,,
bmse000143,/Users/alfred/Documents/GitHub/DDLS_project/code/get_bmrb_data/bmrb_nmrstar/bmse000143/bmse000143.str,no_1H_data_found,0,,,5-Acetylamido-2-chloroaniline,,,
bmse000144,/Users/alfred/Documents/GitHub/DDLS_project/code/get_bmrb_data/bmrb_nmrstar/bmse000144/bmse000144.str,no_1H_data_found,0,,,Dihydroxyacetone,,,
bmse000145,/Users/alfred/Documents/GitHub/DDLS_project/code/get_bmrb_data/bmrb_nmrstar/bmse000145/bmse000145.str,no_1H_data_found,0,,,N-acetyl-L-Glutamine,,,
bmse000146,/Users/alfred/Documents/GitHub/DDLS_project/code/get_bmrb_data/bmrb_nmrstar/bmse000146/bmse000146.str,no_1H_data_found,0,,,N-(2-Acetamido)iminodiacetic acid,,,
bmse000147,/Users/alfred/Documents/GitHub/DDLS_project/code/get_bmrb_data/bmrb_nmrstar/bmse000147/bmse000147.str,no_1H_data_found,0,,,4-Aminoantipyrine,,,
bmse000148,/Users/alfred/Documents/GitHub/DDLS_project/code/get_bmrb_data/bmrb_nmrstar/bmse000148/bmse000148.str,no_1H_data_found,0,,,Diethyl oxalacetate,,,
bmse000150,/Users/alfred/Documents/GitHub/DDLS_project/code/get_bmrb_data/bmrb_nmrstar/bmse000150/bmse000150.str,no_1H_data_found,0,,,4-Hydroxycinnamic acid,,,
bmse000151,/Users/alfred/Documents/GitHub/DDLS_project/code/get_bmrb_data/bmrb_nmrstar/bmse000151/bmse000151.str,no_1H_data_found,0,,,alpha-D-Galactose 1-phosphate,,,
bmse000152,/Users/alfred/Documents/GitHub/DDLS_project/code/get_bmrb_data/bmrb_nmrstar/bmse000152/bmse000152.str,no_1H_data_found,0,,,Trigonelline,,,
bmse000153,/Users/alfred/Documents/GitHub/DDLS_project/code/get_bmrb_data/bmrb_nmrstar/bmse000153/bmse000153.str,no_1H_data_found,0,,,L-methionine methylsulfonium iodide,,,
bmse000154,/Users/alfred/Documents/GitHub/DDLS_project/code/get_bmrb_data/bmrb_nmrstar/bmse000154/bmse000154.str,no_1H_data_found,0,,,4-(2-Aminoethyl)morpholine,,,
bmse000155,/Users/alfred/Documents/GitHub/DDLS_project/code/get_bmrb_data/bmrb_nmrstar/bmse000155/bmse000155.str,no_1H_data_found,0,,,Creatinine,,,
bmse000156,/Users/alfred/Documents/GitHub/DDLS_project/code/get_bmrb_data/bmrb_nmrstar/bmse000156/bmse000156.str,no_1H_data_found,0,,,trimethyl phosphonoacetate,,,
bmse000157,/Users/alfred/Documents/GitHub/DDLS_project/code/get_bmrb_data/bmrb_nmrstar/bmse000157/bmse000157.str,no_1H_data_found,0,,,N-Acetyl-L-Alanine,,,
bmse000158,/Users/alfred/Documents/GitHub/DDLS_project/code/get_bmrb_data/bmrb_nmrstar/bmse000158/bmse000158.str,no_1H_data_found,0,,,Uridine,,,
bmse000159,/Users/alfred/Documents/GitHub/DDLS_project/code/get_bmrb_data/bmrb_nmrstar/bmse000159/bmse000159.str,no_1H_data_found,0,,,beta-alanine,,,
bmse000160,/Users/alfred/Documents/GitHub/DDLS_project/code/get_bmrb_data/bmrb_nmrstar/bmse000160/bmse000160.str,no_1H_data_found,0,,,Sarcosine,,,
bmse000161,/Users/alfred/Documents/GitHub/DDLS_project/code/get_bmrb_data/bmrb_nmrstar/bmse000161/bmse000161.str,no_1H_data_found,0,,,3-hydroxybutyrate,,,
bmse000162,/Users/alfred/Documents/GitHub/DDLS_project/code/get_bmrb_data/bmrb_nmrstar/bmse000162/bmse000162.str,no_1H_data_found,0,,,L-Ornithine,,,
bmse000163,/Users/alfred/Documents/GitHub/DDLS_project/code/get_bmrb_data/bmrb_nmrstar/bmse000163/bmse000163.str,no_1H_data_found,0,,,N-Acetyl-alpha-D-glucosamine 1-phosphate,,,
bmse000166,/Users/alfred/Documents/GitHub/DDLS_project/code/get_bmrb_data/bmrb_nmrstar/bmse000166/bmse000166.str,no_1H_data_found,0,,,D-Xylonate,,,
bmse000167,/Users/alfred/Documents/GitHub/DDLS_project/code/get_bmrb_data/bmrb_nmrstar/bmse000167/bmse000167.str,no_1H_data_found,0,,,L-Tartaric acid,,,
bmse000168,/Users/alfred/Documents/GitHub/DDLS_project/code/get_bmrb_data/bmrb_nmrstar/bmse000168/bmse000168.str,no_1H_data_found,0,,,Acetylcholine,,,
bmse000169,/Users/alfred/Documents/GitHub/DDLS_project/code/get_bmrb_data/bmrb_nmrstar/bmse000169/bmse000169.str,no_1H_data_found,0,,,L(+)-Selenomethionine,,,
bmse000170,/Users/alfred/Documents/GitHub/DDLS_project/code/get_bmrb_data/bmrb_nmrstar/bmse000170/bmse000170.str,no_1H_data_found,0,,,"L(-)-Glutathione, oxidized",,,
bmse000171,/Users/alfred/Documents/GitHub/DDLS_project/code/get_bmrb_data/bmrb_nmrstar/bmse000171/bmse000171.str,no_1H_data_found,0,,,(1-amino-1-phenylmethyl)phosphonic acid,,,
bmse000172,/Users/alfred/Documents/GitHub/DDLS_project/code/get_bmrb_data/bmrb_nmrstar/bmse000172/bmse000172.str,no_1H_data_found,0,,,L-Kynurenine,,,
bmse000173,/Users/alfred/Documents/GitHub/DDLS_project/code/get_bmrb_data/bmrb_nmrstar/bmse000173/bmse000173.str,no_1H_data_found,0,,,4-Hydroxyphenethyl alcohol,,,
bmse000174,/Users/alfred/Documents/GitHub/DDLS_project/code/get_bmrb_data/bmrb_nmrstar/bmse000174/bmse000174.str,no_1H_data_found,0,,,5-(acetylamino)-2-nitrobenzoic acid,,,
bmse000175,/Users/alfred/Documents/GitHub/DDLS_project/code/get_bmrb_data/bmrb_nmrstar/bmse000175/bmse000175.str,no_1H_data_found,0,,,Inosine 5'-monophosphate,,,
bmse000176,/Users/alfred/Documents/GitHub/DDLS_project/code/get_bmrb_data/bmrb_nmrstar/bmse000176/bmse000176.str,no_1H_data_found,0,,,"2-Amino-5-ethyl-1,3,4-thiadiazole",,,
bmse000177,/Users/alfred/Documents/GitHub/DDLS_project/code/get_bmrb_data/bmrb_nmrstar/bmse000177/bmse000177.str,no_1H_data_found,0,,,Indole-3-Acetic Acid,,,
bmse000178,/Users/alfred/Documents/GitHub/DDLS_project/code/get_bmrb_data/bmrb_nmrstar/bmse000178/bmse000178.str,no_1H_data_found,0,,,alpha-naphthoic acid,,,
bmse000179,/Users/alfred/Documents/GitHub/DDLS_project/code/get_bmrb_data/bmrb_nmrstar/bmse000179/bmse000179.str,no_1H_data_found,0,,,Propionic acid,,,
bmse000180,/Users/alfred/Documents/GitHub/DDLS_project/code/get_bmrb_data/bmrb_nmrstar/bmse000180/bmse000180.str,no_1H_data_found,0,,,Cytosine,,,
bmse000182,/Users/alfred/Documents/GitHub/DDLS_project/code/get_bmrb_data/bmrb_nmrstar/bmse000182/bmse000182.str,no_1H_data_found,0,,,(+)-Sodium L-ascorbate,,,
bmse000183,/Users/alfred/Documents/GitHub/DDLS_project/code/get_bmrb_data/bmrb_nmrstar/bmse000183/bmse000183.str,no_1H_data_found,0,,,Succinic acid,,,
bmse000184,/Users/alfred/Documents/GitHub/DDLS_project/code/get_bmrb_data/bmrb_nmrstar/bmse000184/bmse000184.str,no_1H_data_found,0,,,Glycerol,,,
bmse000185,/Users/alfred/Documents/GitHub/DDLS_project/code/get_bmrb_data/bmrb_nmrstar/bmse000185/bmse000185.str,no_1H_data_found,0,,,L-Glutathione reduced,,,
bmse000187,/Users/alfred/Documents/GitHub/DDLS_project/code/get_bmrb_data/bmrb_nmrstar/bmse000187/bmse000187.str,no_1H_data_found,0,,,Uracil,,,
bmse000188,/Users/alfred/Documents/GitHub/DDLS_project/code/get_bmrb_data/bmrb_nmrstar/bmse000188/bmse000188.str,no_1H_data_found,0,,,Uridine 5'-Diphospho-N-Acetlyglucosamine,,,
bmse000189,/Users/alfred/Documents/GitHub/DDLS_project/code/get_bmrb_data/bmrb_nmrstar/bmse000189/bmse000189.str,no_1H_data_found,0,,,D-Glucosamine 6-phosphate,,,
bmse000190,/Users/alfred/Documents/GitHub/DDLS_project/code/get_bmrb_data/bmrb_nmrstar/bmse000190/bmse000190.str,no_1H_data_found,0,,,Cytidine,,,
bmse000191,/Users/alfred/Documents/GitHub/DDLS_project/code/get_bmrb_data/bmrb_nmrstar/bmse000191/bmse000191.str,no_1H_data_found,0,,,Acetic Acid,,,
bmse000193,/Users/alfred/Documents/GitHub/DDLS_project/code/get_bmrb_data/bmrb_nmrstar/bmse000193/bmse000193.str,no_1H_data_found,0,,,DL-alpha-Glycerol phosphate,,,
bmse000194,/Users/alfred/Documents/GitHub/DDLS_project/code/get_bmrb_data/bmrb_nmrstar/bmse000194/bmse000194.str,no_1H_data_found,0,,,L-Arginine L-Glutamate,,,
bmse000195,/Users/alfred/Documents/GitHub/DDLS_project/code/get_bmrb_data/bmrb_nmrstar/bmse000195/bmse000195.str,no_1H_data_found,0,,,N(alpha)-Acetyl-DL-Ornithine,,,
bmse000196,/Users/alfred/Documents/GitHub/DDLS_project/code/get_bmrb_data/bmrb_nmrstar/bmse000196/bmse000196.str,no_1H_data_found,0,,,Methyl N-acetyl-alpha-D-glucosaminide,,,
bmse000198,/Users/alfred/Documents/GitHub/DDLS_project/code/get_bmrb_data/bmrb_nmrstar/bmse000198/bmse000198.str,no_1H_data_found,0,,,6-Phosphogluconic acid,,,
bmse000199,/Users/alfred/Documents/GitHub/DDLS_project/code/get_bmrb_data/bmrb_nmrstar/bmse000199/bmse000199.str,no_1H_data_found,0,,,citraconic acid,,,
bmse000200,/Users/alfred/Documents/GitHub/DDLS_project/code/get_bmrb_data/bmrb_nmrstar/bmse000200/bmse000200.str,no_1H_data_found,0,,,homogentisic acid,,,
bmse000201,/Users/alfred/Documents/GitHub/DDLS_project/code/get_bmrb_data/bmrb_nmrstar/bmse000201/bmse000201.str,no_1H_data_found,0,,,Kanamycin,,,
bmse000202,/Users/alfred/Documents/GitHub/DDLS_project/code/get_bmrb_data/bmrb_nmrstar/bmse000202/bmse000202.str,no_1H_data_found,0,,,HEPES,,,
bmse000203,/Users/alfred/Documents/GitHub/DDLS_project/code/get_bmrb_data/bmrb_nmrstar/bmse000203/bmse000203.str,no_1H_data_found,0,,,Sodium Formate,,,
bmse000204,/Users/alfred/Documents/GitHub/DDLS_project/code/get_bmrb_data/bmrb_nmrstar/bmse000204/bmse000204.str,no_1H_data_found,0,,,D-Ribose 5-phosphate,,,
bmse000205,/Users/alfred/Documents/GitHub/DDLS_project/code/get_bmrb_data/bmrb_nmrstar/bmse000205/bmse000205.str,no_1H_data_found,0,,,N-Acetyl-D-glucosamine 6-phosphate,,,
bmse000206,/Users/alfred/Documents/GitHub/DDLS_project/code/get_bmrb_data/bmrb_nmrstar/bmse000206/bmse000206.str,no_1H_data_found,0,,,Caffeine,,,
bmse000207,/Users/alfred/Documents/GitHub/DDLS_project/code/get_bmrb_data/bmrb_nmrstar/bmse000207/bmse000207.str,no_1H_data_found,0,,,Tryptamine,,,
bmse000208,/Users/alfred/Documents/GitHub/DDLS_project/code/get_bmrb_data/bmrb_nmrstar/bmse000208/bmse000208.str,no_1H_data_found,0,,,L-(+) lactic acid,,,
bmse000209,/Users/alfred/Documents/GitHub/DDLS_project/code/get_bmrb_data/bmrb_nmrstar/bmse000209/bmse000209.str,no_1H_data_found,0,,,D-Citrulline,,,
bmse000210,/Users/alfred/Documents/GitHub/DDLS_project/code/get_bmrb_data/bmrb_nmrstar/bmse000210/bmse000210.str,no_1H_data_found,0,,,2'-Deoxyguanosine 5'-triphosphate,,,
bmse000211,/Users/alfred/Documents/GitHub/DDLS_project/code/get_bmrb_data/bmrb_nmrstar/bmse000211/bmse000211.str,no_1H_data_found,0,,,L(-)-Carnitine,,,
bmse000212,/Users/alfred/Documents/GitHub/DDLS_project/code/get_bmrb_data/bmrb_nmrstar/bmse000212/bmse000212.str,no_1H_data_found,0,,,Maleic Acid,,,
bmse000213,/Users/alfred/Documents/GitHub/DDLS_project/code/get_bmrb_data/bmrb_nmrstar/bmse000213/bmse000213.str,no_1H_data_found,0,,,L-(+)-Arabinose,,,
bmse000216,/Users/alfred/Documents/GitHub/DDLS_project/code/get_bmrb_data/bmrb_nmrstar/bmse000216/bmse000216.str,no_1H_data_found,0,,,D-Galacturonic Acid,,,
bmse000219,/Users/alfred/Documents/GitHub/DDLS_project/code/get_bmrb_data/bmrb_nmrstar/bmse000219/bmse000219.str,no_1H_data_found,0,,,quinolinic acid,,,
bmse000220,/Users/alfred/Documents/GitHub/DDLS_project/code/get_bmrb_data/bmrb_nmrstar/bmse000220/bmse000220.str,no_1H_data_found,0,,,phenylacetic acid,,,
bmse000221,/Users/alfred/Documents/GitHub/DDLS_project/code/get_bmrb_data/bmrb_nmrstar/bmse000221/bmse000221.str,no_1H_data_found,0,,,raffinose,,,
bmse000222,/Users/alfred/Documents/GitHub/DDLS_project/code/get_bmrb_data/bmrb_nmrstar/bmse000222/bmse000222.str,no_1H_data_found,0,,,DL-Serine,,,
bmse000223,/Users/alfred/Documents/GitHub/DDLS_project/code/get_bmrb_data/bmrb_nmrstar/bmse000223/bmse000223.str,no_1H_data_found,0,,,4-Nitrophenol,,,
bmse000224,/Users/alfred/Documents/GitHub/DDLS_project/code/get_bmrb_data/bmrb_nmrstar/bmse000224/bmse000224.str,no_1H_data_found,0,,,Trimethylamine,,,
bmse000225,/Users/alfred/Documents/GitHub/DDLS_project/code/get_bmrb_data/bmrb_nmrstar/bmse000225/bmse000225.str,no_1H_data_found,0,,,"D,L-Glyceraldehyde",,,
bmse000226,/Users/alfred/Documents/GitHub/DDLS_project/code/get_bmrb_data/bmrb_nmrstar/bmse000226/bmse000226.str,no_1H_data_found,0,,,FAD,,,
bmse000227,/Users/alfred/Documents/GitHub/DDLS_project/code/get_bmrb_data/bmrb_nmrstar/bmse000227/bmse000227.str,no_1H_data_found,0,,,(+)-Biotin,,,
bmse000228,/Users/alfred/Documents/GitHub/DDLS_project/code/get_bmrb_data/bmrb_nmrstar/bmse000228/bmse000228.str,no_1H_data_found,0,,,Polygalacturonic acid,,,
bmse000230,/Users/alfred/Documents/GitHub/DDLS_project/code/get_bmrb_data/bmrb_nmrstar/bmse000230/bmse000230.str,no_1H_data_found,0,,,"D-Glucono-1,5-lactone",,,
bmse000231,/Users/alfred/Documents/GitHub/DDLS_project/code/get_bmrb_data/bmrb_nmrstar/bmse000231/bmse000231.str,no_1H_data_found,0,,,N-acetyl-D-glucosamine,,,
bmse000232,/Users/alfred/Documents/GitHub/DDLS_project/code/get_bmrb_data/bmrb_nmrstar/bmse000232/bmse000232.str,no_1H_data_found,0,,,Glycogen,,,
bmse000233,/Users/alfred/Documents/GitHub/DDLS_project/code/get_bmrb_data/bmrb_nmrstar/bmse000233/bmse000233.str,no_1H_data_found,0,,,alpha-D (+) Melibiose,,,
bmse000235,/Users/alfred/Documents/GitHub/DDLS_project/code/get_bmrb_data/bmrb_nmrstar/bmse000235/bmse000235.str,no_1H_data_found,0,,,L-Gulonolactone,,,
bmse000236,/Users/alfred/Documents/GitHub/DDLS_project/code/get_bmrb_data/bmrb_nmrstar/bmse000236/bmse000236.str,no_1H_data_found,0,,,D-Alanine,,,
bmse000237,/Users/alfred/Documents/GitHub/DDLS_project/code/get_bmrb_data/bmrb_nmrstar/bmse000237/bmse000237.str,no_1H_data_found,0,,,DL-pipecolic acid,,,
bmse000238,/Users/alfred/Documents/GitHub/DDLS_project/code/get_bmrb_data/bmrb_nmrstar/bmse000238/bmse000238.str,no_1H_data_found,0,,,L-malic acid,,,
bmse000239,/Users/alfred/Documents/GitHub/DDLS_project/code/get_bmrb_data/bmrb_nmrstar/bmse000239/bmse000239.str,no_1H_data_found,0,,,D-Saccharate,,,
bmse000240,/Users/alfred/Documents/GitHub/DDLS_project/code/get_bmrb_data/bmrb_nmrstar/bmse000240/bmse000240.str,no_1H_data_found,0,,,Stachyose,,,
bmse000241,/Users/alfred/Documents/GitHub/DDLS_project/code/get_bmrb_data/bmrb_nmrstar/bmse000241/bmse000241.str,no_1H_data_found,0,,,"N,N-Dimethylglycine",,,
bmse000242,/Users/alfred/Documents/GitHub/DDLS_project/code/get_bmrb_data/bmrb_nmrstar/bmse000242/bmse000242.str,no_1H_data_found,0,,,Isethionic acid,,,
bmse000243,/Users/alfred/Documents/GitHub/DDLS_project/code/get_bmrb_data/bmrb_nmrstar/bmse000243/bmse000243.str,no_1H_data_found,0,,,Tyramine,,,
bmse000244,/Users/alfred/Documents/GitHub/DDLS_project/code/get_bmrb_data/bmrb_nmrstar/bmse000244/bmse000244.str,no_1H_data_found,0,,,thymidine,,,
bmse000245,/Users/alfred/Documents/GitHub/DDLS_project/code/get_bmrb_data/bmrb_nmrstar/bmse000245/bmse000245.str,no_1H_data_found,0,,,Sodium glycolate,,,
bmse000246,/Users/alfred/Documents/GitHub/DDLS_project/code/get_bmrb_data/bmrb_nmrstar/bmse000246/bmse000246.str,no_1H_data_found,0,,,L-carnosine,,,
bmse000247,/Users/alfred/Documents/GitHub/DDLS_project/code/get_bmrb_data/bmrb_nmrstar/bmse000247/bmse000247.str,no_1H_data_found,0,,,D-Glucosamine,,,
bmse000248,/Users/alfred/Documents/GitHub/DDLS_project/code/get_bmrb_data/bmrb_nmrstar/bmse000248/bmse000248.str,no_1H_data_found,0,,,"1,3-Dimethylurea",,,
bmse000249,/Users/alfred/Documents/GitHub/DDLS_project/code/get_bmrb_data/bmrb_nmrstar/bmse000249/bmse000249.str,no_1H_data_found,0,,,Methyl 4-aminobutyrate,,,
bmse000250,/Users/alfred/Documents/GitHub/DDLS_project/code/get_bmrb_data/bmrb_nmrstar/bmse000250/bmse000250.str,no_1H_data_found,0,,,dAMP,,,
bmse000252,/Users/alfred/Documents/GitHub/DDLS_project/code/get_bmrb_data/bmrb_nmrstar/bmse000252/bmse000252.str,no_1H_data_found,0,,,Salicylate,,,
bmse000253,/Users/alfred/Documents/GitHub/DDLS_project/code/get_bmrb_data/bmrb_nmrstar/bmse000253/bmse000253.str,no_1H_data_found,0,,,dADP,,,
bmse000254,/Users/alfred/Documents/GitHub/DDLS_project/code/get_bmrb_data/bmrb_nmrstar/bmse000254/bmse000254.str,no_1H_data_found,0,,,D-Fructose 1-phosphate,,,
bmse000255,/Users/alfred/Documents/GitHub/DDLS_project/code/get_bmrb_data/bmrb_nmrstar/bmse000255/bmse000255.str,no_1H_data_found,0,,,ITP,,,
bmse000256,/Users/alfred/Documents/GitHub/DDLS_project/code/get_bmrb_data/bmrb_nmrstar/bmse000256/bmse000256.str,no_1H_data_found,0,,,Formaldehyde,,,
bmse000257,/Users/alfred/Documents/GitHub/DDLS_project/code/get_bmrb_data/bmrb_nmrstar/bmse000257/bmse000257.str,no_1H_data_found,0,,,FMN,,,
bmse000258,/Users/alfred/Documents/GitHub/DDLS_project/code/get_bmrb_data/bmrb_nmrstar/bmse000258/bmse000258.str,no_1H_data_found,0,,,Glycolaldehyde,,,
bmse000259,/Users/alfred/Documents/GitHub/DDLS_project/code/get_bmrb_data/bmrb_nmrstar/bmse000259/bmse000259.str,no_1H_data_found,0,,,4-Hydroxybenzaldehyde,,,
bmse000260,/Users/alfred/Documents/GitHub/DDLS_project/code/get_bmrb_data/bmrb_nmrstar/bmse000260/bmse000260.str,no_1H_data_found,0,,,Nicotinamide D-ribonucleotide,,,
bmse000261,/Users/alfred/Documents/GitHub/DDLS_project/code/get_bmrb_data/bmrb_nmrstar/bmse000261/bmse000261.str,no_1H_data_found,0,,,Acetyl phosphate,,,
bmse000262,/Users/alfred/Documents/GitHub/DDLS_project/code/get_bmrb_data/bmrb_nmrstar/bmse000262/bmse000262.str,no_1H_data_found,0,,,3-(4-Hydroxyphenyl)pyruvate,,,
bmse000263,/Users/alfred/Documents/GitHub/DDLS_project/code/get_bmrb_data/bmrb_nmrstar/bmse000263/bmse000263.str,no_1H_data_found,0,,,NADP+,,,
bmse000264,/Users/alfred/Documents/GitHub/DDLS_project/code/get_bmrb_data/bmrb_nmrstar/bmse000264/bmse000264.str,no_1H_data_found,0,,,4-Nitrophenyl phosphate,,,
bmse000265,/Users/alfred/Documents/GitHub/DDLS_project/code/get_bmrb_data/bmrb_nmrstar/bmse000265/bmse000265.str,no_1H_data_found,0,,,4-Nitrocatechol,,,
bmse000266,/Users/alfred/Documents/GitHub/DDLS_project/code/get_bmrb_data/bmrb_nmrstar/bmse000266/bmse000266.str,no_1H_data_found,0,,,UDP,,,
bmse000267,/Users/alfred/Documents/GitHub/DDLS_project/code/get_bmrb_data/bmrb_nmrstar/bmse000267/bmse000267.str,no_1H_data_found,0,,,Formamide,,,
bmse000269,/Users/alfred/Documents/GitHub/DDLS_project/code/get_bmrb_data/bmrb_nmrstar/bmse000269/bmse000269.str,no_1H_data_found,0,,,(R)-Lactate,,,
bmse000270,/Users/alfred/Documents/GitHub/DDLS_project/code/get_bmrb_data/bmrb_nmrstar/bmse000270/bmse000270.str,no_1H_data_found,0,,,GDP,,,
bmse000271,/Users/alfred/Documents/GitHub/DDLS_project/code/get_bmrb_data/bmrb_nmrstar/bmse000271/bmse000271.str,no_1H_data_found,0,,,CoA,,,
bmse000272,/Users/alfred/Documents/GitHub/DDLS_project/code/get_bmrb_data/bmrb_nmrstar/bmse000272/bmse000272.str,no_1H_data_found,0,,,CDP,,,
bmse000273,/Users/alfred/Documents/GitHub/DDLS_project/code/get_bmrb_data/bmrb_nmrstar/bmse000273/bmse000273.str,no_1H_data_found,0,,,D-Aspartate,,,
bmse000274,/Users/alfred/Documents/GitHub/DDLS_project/code/get_bmrb_data/bmrb_nmrstar/bmse000274/bmse000274.str,no_1H_data_found,0,,,Thiamin,,,
bmse000275,/Users/alfred/Documents/GitHub/DDLS_project/code/get_bmrb_data/bmrb_nmrstar/bmse000275/bmse000275.str,no_1H_data_found,0,,,"D-Fructose 2,6-bisphosphate",,,
bmse000276,/Users/alfred/Documents/GitHub/DDLS_project/code/get_bmrb_data/bmrb_nmrstar/bmse000276/bmse000276.str,no_1H_data_found,0,,,Ethanolamine,,,
bmse000277,/Users/alfred/Documents/GitHub/DDLS_project/code/get_bmrb_data/bmrb_nmrstar/bmse000277/bmse000277.str,no_1H_data_found,0,,,CTP,,,
bmse000278,/Users/alfred/Documents/GitHub/DDLS_project/code/get_bmrb_data/bmrb_nmrstar/bmse000278/bmse000278.str,no_1H_data_found,0,,,D-Ribulose 5-phosphate,,,
bmse000279,/Users/alfred/Documents/GitHub/DDLS_project/code/get_bmrb_data/bmrb_nmrstar/bmse000279/bmse000279.str,no_1H_data_found,0,,,Urocanate,,,
bmse000280,/Users/alfred/Documents/GitHub/DDLS_project/code/get_bmrb_data/bmrb_nmrstar/bmse000280/bmse000280.str,no_1H_data_found,0,,,UMP,,,
bmse000281,/Users/alfred/Documents/GitHub/DDLS_project/code/get_bmrb_data/bmrb_nmrstar/bmse000281/bmse000281.str,no_1H_data_found,0,,,Nicotinamide,,,
bmse000282,/Users/alfred/Documents/GitHub/DDLS_project/code/get_bmrb_data/bmrb_nmrstar/bmse000282/bmse000282.str,no_1H_data_found,0,,,Alanine,,,
bmse000283,/Users/alfred/Documents/GitHub/DDLS_project/code/get_bmrb_data/bmrb_nmrstar/bmse000283/bmse000283.str,no_1H_data_found,0,,,Orotate,,,
bmse000284,/Users/alfred/Documents/GitHub/DDLS_project/code/get_bmrb_data/bmrb_nmrstar/bmse000284/bmse000284.str,no_1H_data_found,0,,,Benzonitrile,,,
bmse000285,/Users/alfred/Documents/GitHub/DDLS_project/code/get_bmrb_data/bmrb_nmrstar/bmse000285/bmse000285.str,no_1H_data_found,0,,,Choline,,,
bmse000286,/Users/alfred/Documents/GitHub/DDLS_project/code/get_bmrb_data/bmrb_nmrstar/bmse000286/bmse000286.str,no_1H_data_found,0,,,Acetophenone,,,
bmse000287,/Users/alfred/Documents/GitHub/DDLS_project/code/get_bmrb_data/bmrb_nmrstar/bmse000287/bmse000287.str,no_1H_data_found,0,,,Pantothenate,,,
bmse000288,/Users/alfred/Documents/GitHub/DDLS_project/code/get_bmrb_data/bmrb_nmrstar/bmse000288/bmse000288.str,no_1H_data_found,0,,,Pyridoxine,,,
bmse000289,/Users/alfred/Documents/GitHub/DDLS_project/code/get_bmrb_data/bmrb_nmrstar/bmse000289/bmse000289.str,no_1H_data_found,0,,,S-Adenosyl-L-homocysteine,,,
bmse000290,/Users/alfred/Documents/GitHub/DDLS_project/code/get_bmrb_data/bmrb_nmrstar/bmse000290/bmse000290.str,no_1H_data_found,0,,,Phenol,,,
bmse000291,/Users/alfred/Documents/GitHub/DDLS_project/code/get_bmrb_data/bmrb_nmrstar/bmse000291/bmse000291.str,no_1H_data_found,0,,,Selenomethionine,,,
bmse000292,/Users/alfred/Documents/GitHub/DDLS_project/code/get_bmrb_data/bmrb_nmrstar/bmse000292/bmse000292.str,no_1H_data_found,0,,,UDPglucuronate,,,
bmse000293,/Users/alfred/Documents/GitHub/DDLS_project/code/get_bmrb_data/bmrb_nmrstar/bmse000293/bmse000293.str,no_1H_data_found,0,,,Hydroquinone,,,
bmse000294,/Users/alfred/Documents/GitHub/DDLS_project/code/get_bmrb_data/bmrb_nmrstar/bmse000294/bmse000294.str,no_1H_data_found,0,,,Methanol,,,
bmse000295,/Users/alfred/Documents/GitHub/DDLS_project/code/get_bmrb_data/bmrb_nmrstar/bmse000295/bmse000295.str,no_1H_data_found,0,,,UTP,,,
bmse000296,/Users/alfred/Documents/GitHub/DDLS_project/code/get_bmrb_data/bmrb_nmrstar/bmse000296/bmse000296.str,no_1H_data_found,0,,,dTMP,,,
bmse000297,/Users/alfred/Documents/GitHub/DDLS_project/code/get_bmrb_data/bmrb_nmrstar/bmse000297/bmse000297.str,no_1H_data_found,0,,,Ethanol,,,
bmse000298,/Users/alfred/Documents/GitHub/DDLS_project/code/get_bmrb_data/bmrb_nmrstar/bmse000298/bmse000298.str,no_1H_data_found,0,,,D-Glyceraldehyde,,,
bmse000299,/Users/alfred/Documents/GitHub/DDLS_project/code/get_bmrb_data/bmrb_nmrstar/bmse000299/bmse000299.str,no_1H_data_found,0,,,Folate,,,
bmse000300,/Users/alfred/Documents/GitHub/DDLS_project/code/get_bmrb_data/bmrb_nmrstar/bmse000300/bmse000300.str,no_1H_data_found,0,,,Benzoate,,,
bmse000302,/Users/alfred/Documents/GitHub/DDLS_project/code/get_bmrb_data/bmrb_nmrstar/bmse000302/bmse000302.str,no_1H_data_found,0,,,"1,2-Propanediol",,,
bmse000303,/Users/alfred/Documents/GitHub/DDLS_project/code/get_bmrb_data/bmrb_nmrstar/bmse000303/bmse000303.str,no_1H_data_found,0,,,"1,3-Propanediol",,,
bmse000304,/Users/alfred/Documents/GitHub/DDLS_project/code/get_bmrb_data/bmrb_nmrstar/bmse000304/bmse000304.str,no_1H_data_found,0,,,"1,4-Benzoquinone",,,
bmse000305,/Users/alfred/Documents/GitHub/DDLS_project/code/get_bmrb_data/bmrb_nmrstar/bmse000305/bmse000305.str,no_1H_data_found,0,,,1-amino-2-propanol,,,
bmse000306,/Users/alfred/Documents/GitHub/DDLS_project/code/get_bmrb_data/bmrb_nmrstar/bmse000306/bmse000306.str,no_1H_data_found,0,,,"(1R,3R,4R,5R)-(-)-Quinic acid",,,
bmse000307,/Users/alfred/Documents/GitHub/DDLS_project/code/get_bmrb_data/bmrb_nmrstar/bmse000307/bmse000307.str,no_1H_data_found,0,,,2-Amino-1-phenylethanol,,,
bmse000308,/Users/alfred/Documents/GitHub/DDLS_project/code/get_bmrb_data/bmrb_nmrstar/bmse000308/bmse000308.str,no_1H_data_found,0,,,2-Aminoethyl dihydrogen phosphate,,,
bmse000309,/Users/alfred/Documents/GitHub/DDLS_project/code/get_bmrb_data/bmrb_nmrstar/bmse000309/bmse000309.str,no_1H_data_found,0,,,2-Aminoethylphosphonic acid,,,
bmse000310,/Users/alfred/Documents/GitHub/DDLS_project/code/get_bmrb_data/bmrb_nmrstar/bmse000310/bmse000310.str,no_1H_data_found,0,,,2-Aminophenol,,,
bmse000311,/Users/alfred/Documents/GitHub/DDLS_project/code/get_bmrb_data/bmrb_nmrstar/bmse000311/bmse000311.str,no_1H_data_found,0,,,Cytidine-5'-monophosphate,,,
bmse000312,/Users/alfred/Documents/GitHub/DDLS_project/code/get_bmrb_data/bmrb_nmrstar/bmse000312/bmse000312.str,no_1H_data_found,0,,,6-aminopenicillanic acid,,,
bmse000313,/Users/alfred/Documents/GitHub/DDLS_project/code/get_bmrb_data/bmrb_nmrstar/bmse000313/bmse000313.str,no_1H_data_found,0,,,beta-gentiobiose,,,
bmse000314,/Users/alfred/Documents/GitHub/DDLS_project/code/get_bmrb_data/bmrb_nmrstar/bmse000314/bmse000314.str,no_1H_data_found,0,,,d-desthiobiotin,,,
bmse000315,/Users/alfred/Documents/GitHub/DDLS_project/code/get_bmrb_data/bmrb_nmrstar/bmse000315/bmse000315.str,no_1H_data_found,0,,,D-Salicin,,,
bmse000316,/Users/alfred/Documents/GitHub/DDLS_project/code/get_bmrb_data/bmrb_nmrstar/bmse000316/bmse000316.str,no_1H_data_found,0,,,Epinephrine,,,
bmse000317,/Users/alfred/Documents/GitHub/DDLS_project/code/get_bmrb_data/bmrb_nmrstar/bmse000317/bmse000317.str,no_1H_data_found,0,,,Gibberellic acid,,,
bmse000318,/Users/alfred/Documents/GitHub/DDLS_project/code/get_bmrb_data/bmrb_nmrstar/bmse000318/bmse000318.str,no_1H_data_found,0,,,Sinapic acid,,,
bmse000319,/Users/alfred/Documents/GitHub/DDLS_project/code/get_bmrb_data/bmrb_nmrstar/bmse000319/bmse000319.str,no_1H_data_found,0,,,(+-)-3-Methyl-2-oxopentanoic acid,,,
bmse000320,/Users/alfred/Documents/GitHub/DDLS_project/code/get_bmrb_data/bmrb_nmrstar/bmse000320/bmse000320.str,no_1H_data_found,0,,,2'-Deoxyuridine,,,
bmse000321,/Users/alfred/Documents/GitHub/DDLS_project/code/get_bmrb_data/bmrb_nmrstar/bmse000321/bmse000321.str,no_1H_data_found,0,,,3-Hydroxyanthranilic acid,,,
bmse000322,/Users/alfred/Documents/GitHub/DDLS_project/code/get_bmrb_data/bmrb_nmrstar/bmse000322/bmse000322.str,no_1H_data_found,0,,,"3,4-Dihydroxy-L-phenylalanine",,,
bmse000323,/Users/alfred/Documents/GitHub/DDLS_project/code/get_bmrb_data/bmrb_nmrstar/bmse000323/bmse000323.str,no_1H_data_found,0,,,2'-Deoxycytidine,,,
bmse000324,/Users/alfred/Documents/GitHub/DDLS_project/code/get_bmrb_data/bmrb_nmrstar/bmse000324/bmse000324.str,no_1H_data_found,0,,,3-hydroxybenzoic acid,,,
bmse000325,/Users/alfred/Documents/GitHub/DDLS_project/code/get_bmrb_data/bmrb_nmrstar/bmse000325/bmse000325.str,no_1H_data_found,0,,,2-ketobutyric acid,,,
bmse000326,/Users/alfred/Documents/GitHub/DDLS_project/code/get_bmrb_data/bmrb_nmrstar/bmse000326/bmse000326.str,no_1H_data_found,0,,,"2,5-dihydroxybenzoic acid",,,
bmse000327,/Users/alfred/Documents/GitHub/DDLS_project/code/get_bmrb_data/bmrb_nmrstar/bmse000327/bmse000327.str,no_1H_data_found,0,,,"3,5-Diiodo-L-tyrosine",,,
bmse000328,/Users/alfred/Documents/GitHub/DDLS_project/code/get_bmrb_data/bmrb_nmrstar/bmse000328/bmse000328.str,no_1H_data_found,0,,,"3,4-Dihydroxybenzoic acid",,,
bmse000329,/Users/alfred/Documents/GitHub/DDLS_project/code/get_bmrb_data/bmrb_nmrstar/bmse000329/bmse000329.str,no_1H_data_found,0,,,"3,4-Dihydroxyphenylacetic acid",,,
bmse000330,/Users/alfred/Documents/GitHub/DDLS_project/code/get_bmrb_data/bmrb_nmrstar/bmse000330/bmse000330.str,no_1H_data_found,0,,,2-Furoic acid,,,
bmse000331,/Users/alfred/Documents/GitHub/DDLS_project/code/get_bmrb_data/bmrb_nmrstar/bmse000331/bmse000331.str,no_1H_data_found,0,,,3-(2-Hydroxyphenyl)propionic acid,,,
bmse000332,/Users/alfred/Documents/GitHub/DDLS_project/code/get_bmrb_data/bmrb_nmrstar/bmse000332/bmse000332.str,no_1H_data_found,0,,,2-Chlorobenzoic acid,,,
bmse000333,/Users/alfred/Documents/GitHub/DDLS_project/code/get_bmrb_data/bmrb_nmrstar/bmse000333/bmse000333.str,no_1H_data_found,0,,,3-Ureidopropionic acid,,,
bmse000334,/Users/alfred/Documents/GitHub/DDLS_project/code/get_bmrb_data/bmrb_nmrstar/bmse000334/bmse000334.str,no_1H_data_found,0,,,3-Methylcatechol,,,
bmse000335,/Users/alfred/Documents/GitHub/DDLS_project/code/get_bmrb_data/bmrb_nmrstar/bmse000335/bmse000335.str,no_1H_data_found,0,,,3-Hydroxy-3-methylglutaric acid,,,
bmse000336,/Users/alfred/Documents/GitHub/DDLS_project/code/get_bmrb_data/bmrb_nmrstar/bmse000336/bmse000336.str,no_1H_data_found,0,,,"3,5-dichlorocatechol",,,
bmse000337,/Users/alfred/Documents/GitHub/DDLS_project/code/get_bmrb_data/bmrb_nmrstar/bmse000337/bmse000337.str,no_1H_data_found,0,,,3-Iodo_L-tyrosine,,,
bmse000338,/Users/alfred/Documents/GitHub/DDLS_project/code/get_bmrb_data/bmrb_nmrstar/bmse000338/bmse000338.str,no_1H_data_found,0,,,2-Hydroxyisocaproic acid,,,
bmse000339,/Users/alfred/Documents/GitHub/DDLS_project/code/get_bmrb_data/bmrb_nmrstar/bmse000339/bmse000339.str,no_1H_data_found,0,,,3-hydroxyphenylacetic acid,,,
bmse000340,/Users/alfred/Documents/GitHub/DDLS_project/code/get_bmrb_data/bmrb_nmrstar/bmse000340/bmse000340.str,no_1H_data_found,0,,,gamma-Aminobutyric acid,,,
bmse000341,/Users/alfred/Documents/GitHub/DDLS_project/code/get_bmrb_data/bmrb_nmrstar/bmse000341/bmse000341.str,no_1H_data_found,0,,,6-Hydroxynicotinic acid,,,
bmse000342,/Users/alfred/Documents/GitHub/DDLS_project/code/get_bmrb_data/bmrb_nmrstar/bmse000342/bmse000342.str,no_1H_data_found,0,,,L-Dihydroorotic acid,,,
bmse000343,/Users/alfred/Documents/GitHub/DDLS_project/code/get_bmrb_data/bmrb_nmrstar/bmse000343/bmse000343.str,no_1H_data_found,0,,,vanillin,,,
bmse000344,/Users/alfred/Documents/GitHub/DDLS_project/code/get_bmrb_data/bmrb_nmrstar/bmse000344/bmse000344.str,no_1H_data_found,0,,,4-Guanidinobutyric acid,,,
bmse000345,/Users/alfred/Documents/GitHub/DDLS_project/code/get_bmrb_data/bmrb_nmrstar/bmse000345/bmse000345.str,no_1H_data_found,0,,,Valeric acid,,,
bmse000346,/Users/alfred/Documents/GitHub/DDLS_project/code/get_bmrb_data/bmrb_nmrstar/bmse000346/bmse000346.str,no_1H_data_found,0,,,Barbituric acid,,,
bmse000347,/Users/alfred/Documents/GitHub/DDLS_project/code/get_bmrb_data/bmrb_nmrstar/bmse000347/bmse000347.str,no_1H_data_found,0,,,trans-2-Hydroxycinnamic acid,,,
bmse000348,/Users/alfred/Documents/GitHub/DDLS_project/code/get_bmrb_data/bmrb_nmrstar/bmse000348/bmse000348.str,no_1H_data_found,0,,,DL-3-aminoisobutyric acid,,,
bmse000349,/Users/alfred/Documents/GitHub/DDLS_project/code/get_bmrb_data/bmrb_nmrstar/bmse000349/bmse000349.str,no_1H_data_found,0,,,Adenosine-3'-monophosphate,,,
bmse000350,/Users/alfred/Documents/GitHub/DDLS_project/code/get_bmrb_data/bmrb_nmrstar/bmse000350/bmse000350.str,no_1H_data_found,0,,,m-Cresol,,,
bmse000351,/Users/alfred/Documents/GitHub/DDLS_project/code/get_bmrb_data/bmrb_nmrstar/bmse000351/bmse000351.str,no_1H_data_found,0,,,Hexanoic acid,,,
bmse000352,/Users/alfred/Documents/GitHub/DDLS_project/code/get_bmrb_data/bmrb_nmrstar/bmse000352/bmse000352.str,no_1H_data_found,0,,,DL-threo-beta-Methylaspartate,,,
bmse000353,/Users/alfred/Documents/GitHub/DDLS_project/code/get_bmrb_data/bmrb_nmrstar/bmse000353/bmse000353.str,no_1H_data_found,0,,,Nepsilon-Acetyl-L-lysine,,,
bmse000354,/Users/alfred/Documents/GitHub/DDLS_project/code/get_bmrb_data/bmrb_nmrstar/bmse000354/bmse000354.str,no_1H_data_found,0,,,Pimelic acid,,,
bmse000355,/Users/alfred/Documents/GitHub/DDLS_project/code/get_bmrb_data/bmrb_nmrstar/bmse000355/bmse000355.str,no_1H_data_found,0,,,4-methyl-5-thiazoleethanol,,,
bmse000356,/Users/alfred/Documents/GitHub/DDLS_project/code/get_bmrb_data/bmrb_nmrstar/bmse000356/bmse000356.str,no_1H_data_found,0,,,p-Anisic_acid,,,
bmse000357,/Users/alfred/Documents/GitHub/DDLS_project/code/get_bmrb_data/bmrb_nmrstar/bmse000357/bmse000357.str,no_1H_data_found,0,,,pyrrole-2-carboxylic acid,,,
bmse000358,/Users/alfred/Documents/GitHub/DDLS_project/code/get_bmrb_data/bmrb_nmrstar/bmse000358/bmse000358.str,no_1H_data_found,0,,,chlorohydroquinone,,,
bmse000359,/Users/alfred/Documents/GitHub/DDLS_project/code/get_bmrb_data/bmrb_nmrstar/bmse000359/bmse000359.str,no_1H_data_found,0,,,D-3-Phenyllactic acid,,,
bmse000360,/Users/alfred/Documents/GitHub/DDLS_project/code/get_bmrb_data/bmrb_nmrstar/bmse000360/bmse000360.str,no_1H_data_found,0,,,2-chloroethanol,,,
bmse000361,/Users/alfred/Documents/GitHub/DDLS_project/code/get_bmrb_data/bmrb_nmrstar/bmse000361/bmse000361.str,no_1H_data_found,0,,,(R)-2-hydroxybutyric acid,,,
bmse000362,/Users/alfred/Documents/GitHub/DDLS_project/code/get_bmrb_data/bmrb_nmrstar/bmse000362/bmse000362.str,no_1H_data_found,0,,,3-butyn-1-ol,,,
bmse000363,/Users/alfred/Documents/GitHub/DDLS_project/code/get_bmrb_data/bmrb_nmrstar/bmse000363/bmse000363.str,no_1H_data_found,0,,,Propargyl alcohol,,,
bmse000364,/Users/alfred/Documents/GitHub/DDLS_project/code/get_bmrb_data/bmrb_nmrstar/bmse000364/bmse000364.str,no_1H_data_found,0,,,5-hydroxyindole-3-acetic acid,,,
bmse000365,/Users/alfred/Documents/GitHub/DDLS_project/code/get_bmrb_data/bmrb_nmrstar/bmse000365/bmse000365.str,no_1H_data_found,0,,,arbutin,,,
bmse000366,/Users/alfred/Documents/GitHub/DDLS_project/code/get_bmrb_data/bmrb_nmrstar/bmse000366/bmse000366.str,no_1H_data_found,0,,,beta-carotene,,,
bmse000367,/Users/alfred/Documents/GitHub/DDLS_project/code/get_bmrb_data/bmrb_nmrstar/bmse000367/bmse000367.str,no_1H_data_found,0,,,Chloroacetic Acid,,,
bmse000368,/Users/alfred/Documents/GitHub/DDLS_project/code/get_bmrb_data/bmrb_nmrstar/bmse000368/bmse000368.str,no_1H_data_found,0,,,cis-3-chloroacrylic acid,,,
bmse000369,/Users/alfred/Documents/GitHub/DDLS_project/code/get_bmrb_data/bmrb_nmrstar/bmse000369/bmse000369.str,no_1H_data_found,0,,,cis-3-hexen-1-ol,,,
bmse000370,/Users/alfred/Documents/GitHub/DDLS_project/code/get_bmrb_data/bmrb_nmrstar/bmse000370/bmse000370.str,no_1H_data_found,0,,,decanoic-acid,,,
bmse000371,/Users/alfred/Documents/GitHub/DDLS_project/code/get_bmrb_data/bmrb_nmrstar/bmse000371/bmse000371.str,no_1H_data_found,0,,,diethanolamine,,,
bmse000372,/Users/alfred/Documents/GitHub/DDLS_project/code/get_bmrb_data/bmrb_nmrstar/bmse000372/bmse000372.str,no_1H_data_found,0,,,epsilon-caprolactam,,,
bmse000373,/Users/alfred/Documents/GitHub/DDLS_project/code/get_bmrb_data/bmrb_nmrstar/bmse000373/bmse000373.str,no_1H_data_found,0,,,isovaleric-acid,,,
bmse000374,/Users/alfred/Documents/GitHub/DDLS_project/code/get_bmrb_data/bmrb_nmrstar/bmse000374/bmse000374.str,no_1H_data_found,0,,,lanosterol,,,
bmse000375,/Users/alfred/Documents/GitHub/DDLS_project/code/get_bmrb_data/bmrb_nmrstar/bmse000375/bmse000375.str,no_1H_data_found,0,,,L-menthone,,,
bmse000376,/Users/alfred/Documents/GitHub/DDLS_project/code/get_bmrb_data/bmrb_nmrstar/bmse000376/bmse000376.str,no_1H_data_found,0,,,N-carbamyl-L-glutamic acid,,,
bmse000377,/Users/alfred/Documents/GitHub/DDLS_project/code/get_bmrb_data/bmrb_nmrstar/bmse000377/bmse000377.str,no_1H_data_found,0,,,Phenethylamine,,,
bmse000378,/Users/alfred/Documents/GitHub/DDLS_project/code/get_bmrb_data/bmrb_nmrstar/bmse000378/bmse000378.str,no_1H_data_found,0,,,suberic acid,,,
bmse000379,/Users/alfred/Documents/GitHub/DDLS_project/code/get_bmrb_data/bmrb_nmrstar/bmse000379/bmse000379.str,no_1H_data_found,0,,,triethanolamine,,,
bmse000380,/Users/alfred/Documents/GitHub/DDLS_project/code/get_bmrb_data/bmrb_nmrstar/bmse000380/bmse000380.str,no_1H_data_found,0,,,L-Cysteic acid,,,
bmse000381,/Users/alfred/Documents/GitHub/DDLS_project/code/get_bmrb_data/bmrb_nmrstar/bmse000381/bmse000381.str,no_1H_data_found,0,,,(R)-(-)-Pantolactone,,,
bmse000382,/Users/alfred/Documents/GitHub/DDLS_project/code/get_bmrb_data/bmrb_nmrstar/bmse000382/bmse000382.str,no_1H_data_found,0,,,N-Acetyl-L-glutamic acid,,,
bmse000383,/Users/alfred/Documents/GitHub/DDLS_project/code/get_bmrb_data/bmrb_nmrstar/bmse000383/bmse000383.str,no_1H_data_found,0,,,4-Methyl-2-oxovaleric acid,,,
bmse000384,/Users/alfred/Documents/GitHub/DDLS_project/code/get_bmrb_data/bmrb_nmrstar/bmse000384/bmse000384.str,no_1H_data_found,0,,,Guanidineacetic acid,,,
bmse000385,/Users/alfred/Documents/GitHub/DDLS_project/code/get_bmrb_data/bmrb_nmrstar/bmse000385/bmse000385.str,no_1H_data_found,0,,,Pyrocatechol,,,
bmse000386,/Users/alfred/Documents/GitHub/DDLS_project/code/get_bmrb_data/bmrb_nmrstar/bmse000386/bmse000386.str,no_1H_data_found,0,,,Malonic acid,,,
bmse000387,/Users/alfred/Documents/GitHub/DDLS_project/code/get_bmrb_data/bmrb_nmrstar/bmse000387/bmse000387.str,no_1H_data_found,0,,,Chlorogenic acid,,,
bmse000388,/Users/alfred/Documents/GitHub/DDLS_project/code/get_bmrb_data/bmrb_nmrstar/bmse000388/bmse000388.str,no_1H_data_found,0,,,Cysteamine,,,
bmse000389,/Users/alfred/Documents/GitHub/DDLS_project/code/get_bmrb_data/bmrb_nmrstar/bmse000389/bmse000389.str,no_1H_data_found,0,,,Gallic acid,,,
bmse000390,/Users/alfred/Documents/GitHub/DDLS_project/code/get_bmrb_data/bmrb_nmrstar/bmse000390/bmse000390.str,no_1H_data_found,0,,,DL-2-Aminobutyric acid,,,
bmse000391,/Users/alfred/Documents/GitHub/DDLS_project/code/get_bmrb_data/bmrb_nmrstar/bmse000391/bmse000391.str,no_1H_data_found,0,,,Phthalic acid,,,
bmse000392,/Users/alfred/Documents/GitHub/DDLS_project/code/get_bmrb_data/bmrb_nmrstar/bmse000392/bmse000392.str,no_1H_data_found,0,,,Acrylamide,,,
bmse000393,/Users/alfred/Documents/GitHub/DDLS_project/code/get_bmrb_data/bmrb_nmrstar/bmse000393/bmse000393.str,no_1H_data_found,0,,,oxalomalic acid,,,
bmse000394,/Users/alfred/Documents/GitHub/DDLS_project/code/get_bmrb_data/bmrb_nmrstar/bmse000394/bmse000394.str,no_1H_data_found,0,,,6-Aminohexanoic acid,,,
bmse000395,/Users/alfred/Documents/GitHub/DDLS_project/code/get_bmrb_data/bmrb_nmrstar/bmse000395/bmse000395.str,no_1H_data_found,0,,,4-Chlorophenylacetate,,,
bmse000396,/Users/alfred/Documents/GitHub/DDLS_project/code/get_bmrb_data/bmrb_nmrstar/bmse000396/bmse000396.str,no_1H_data_found,0,,,alpha-((Methylamino)methyl)benzyl alcohol,,,
bmse000397,/Users/alfred/Documents/GitHub/DDLS_project/code/get_bmrb_data/bmrb_nmrstar/bmse000397/bmse000397.str,no_1H_data_found,0,,,DL-Methionine sulfoxide,,,
bmse000398,/Users/alfred/Documents/GitHub/DDLS_project/code/get_bmrb_data/bmrb_nmrstar/bmse000398/bmse000398.str,no_1H_data_found,0,,,Methylmalonic acid,,,
bmse000399,/Users/alfred/Documents/GitHub/DDLS_project/code/get_bmrb_data/bmrb_nmrstar/bmse000399/bmse000399.str,no_1H_data_found,0,,,O-Phospho-L-serine,,,
bmse000400,/Users/alfred/Documents/GitHub/DDLS_project/code/get_bmrb_data/bmrb_nmrstar/bmse000400/bmse000400.str,no_1H_data_found,0,,,ethanesulfonic acid,,,
bmse000401,/Users/alfred/Documents/GitHub/DDLS_project/code/get_bmrb_data/bmrb_nmrstar/bmse000401/bmse000401.str,no_1H_data_found,0,,,"DL-alpha,epsilon-Diaminopimelic acid",,,
bmse000402,/Users/alfred/Documents/GitHub/DDLS_project/code/get_bmrb_data/bmrb_nmrstar/bmse000402/bmse000402.str,no_1H_data_found,0,,,Butyric acid,,,
bmse000403,/Users/alfred/Documents/GitHub/DDLS_project/code/get_bmrb_data/bmrb_nmrstar/bmse000403/bmse000403.str,no_1H_data_found,0,,,Ala-Ala,,,
bmse000404,/Users/alfred/Documents/GitHub/DDLS_project/code/get_bmrb_data/bmrb_nmrstar/bmse000404/bmse000404.str,no_1H_data_found,0,,,(-)-Norepinephrine,,,
bmse000405,/Users/alfred/Documents/GitHub/DDLS_project/code/get_bmrb_data/bmrb_nmrstar/bmse000405/bmse000405.str,no_1H_data_found,0,,,Cyclohexanone,,,
bmse000406,/Users/alfred/Documents/GitHub/DDLS_project/code/get_bmrb_data/bmrb_nmrstar/bmse000406/bmse000406.str,no_1H_data_found,0,,,Glutaric acid,,,
bmse000407,/Users/alfred/Documents/GitHub/DDLS_project/code/get_bmrb_data/bmrb_nmrstar/bmse000407/bmse000407.str,no_1H_data_found,0,,,Benzyl alcohol,,,
bmse000408,/Users/alfred/Documents/GitHub/DDLS_project/code/get_bmrb_data/bmrb_nmrstar/bmse000408/bmse000408.str,no_1H_data_found,0,,,Hippuric acid,,,
bmse000409,/Users/alfred/Documents/GitHub/DDLS_project/code/get_bmrb_data/bmrb_nmrstar/bmse000409/bmse000409.str,no_1H_data_found,0,,,dl-Indole-3-lactic acid,,,
bmse000410,/Users/alfred/Documents/GitHub/DDLS_project/code/get_bmrb_data/bmrb_nmrstar/bmse000410/bmse000410.str,no_1H_data_found,0,,,Kynurenic acid,,,
bmse000411,/Users/alfred/Documents/GitHub/DDLS_project/code/get_bmrb_data/bmrb_nmrstar/bmse000411/bmse000411.str,no_1H_data_found,0,,,L-Norleucine,,,
bmse000412,/Users/alfred/Documents/GitHub/DDLS_project/code/get_bmrb_data/bmrb_nmrstar/bmse000412/bmse000412.str,no_1H_data_found,0,,,Dihydrocoumarin,,,
bmse000413,/Users/alfred/Documents/GitHub/DDLS_project/code/get_bmrb_data/bmrb_nmrstar/bmse000413/bmse000413.str,no_1H_data_found,0,,,Tropic acid,,,
bmse000414,/Users/alfred/Documents/GitHub/DDLS_project/code/get_bmrb_data/bmrb_nmrstar/bmse000414/bmse000414.str,no_1H_data_found,0,,,p-Toluic acid,,,
bmse000415,/Users/alfred/Documents/GitHub/DDLS_project/code/get_bmrb_data/bmrb_nmrstar/bmse000415/bmse000415.str,no_1H_data_found,0,,,Resorcinol,,,
bmse000416,/Users/alfred/Documents/GitHub/DDLS_project/code/get_bmrb_data/bmrb_nmrstar/bmse000416/bmse000416.str,no_1H_data_found,0,,,Acetylenedicarboxylic acid,,,
bmse000417,/Users/alfred/Documents/GitHub/DDLS_project/code/get_bmrb_data/bmrb_nmrstar/bmse000417/bmse000417.str,no_1H_data_found,0,,,quinaldic acid,,,
bmse000418,/Users/alfred/Documents/GitHub/DDLS_project/code/get_bmrb_data/bmrb_nmrstar/bmse000418/bmse000418.str,no_1H_data_found,0,,,Phosphonoacetic acid,,,
bmse000419,/Users/alfred/Documents/GitHub/DDLS_project/code/get_bmrb_data/bmrb_nmrstar/bmse000419/bmse000419.str,no_1H_data_found,0,,,5-Aminovaleric acid,,,
bmse000420,/Users/alfred/Documents/GitHub/DDLS_project/code/get_bmrb_data/bmrb_nmrstar/bmse000420/bmse000420.str,no_1H_data_found,0,,,4-Chlorocatechol,,,
bmse000421,/Users/alfred/Documents/GitHub/DDLS_project/code/get_bmrb_data/bmrb_nmrstar/bmse000421/bmse000421.str,no_1H_data_found,0,,,5-methylcytosine,,,
bmse000422,/Users/alfred/Documents/GitHub/DDLS_project/code/get_bmrb_data/bmrb_nmrstar/bmse000422/bmse000422.str,no_1H_data_found,0,,,4-Hydroxy-3-methoxycinnamaldehyde,,,
bmse000423,/Users/alfred/Documents/GitHub/DDLS_project/code/get_bmrb_data/bmrb_nmrstar/bmse000423/bmse000423.str,no_1H_data_found,0,,,N-acetyl-L-aspartic acid,,,
bmse000424,/Users/alfred/Documents/GitHub/DDLS_project/code/get_bmrb_data/bmrb_nmrstar/bmse000424/bmse000424.str,no_1H_data_found,0,,,Adipic acid,,,
bmse000425,/Users/alfred/Documents/GitHub/DDLS_project/code/get_bmrb_data/bmrb_nmrstar/bmse000425/bmse000425.str,no_1H_data_found,0,,,Dihydrouracil,,,
bmse000426,/Users/alfred/Documents/GitHub/DDLS_project/code/get_bmrb_data/bmrb_nmrstar/bmse000426/bmse000426.str,no_1H_data_found,0,,,Trimethylamine N-oxide,,,
bmse000427,/Users/alfred/Documents/GitHub/DDLS_project/code/get_bmrb_data/bmrb_nmrstar/bmse000427/bmse000427.str,no_1H_data_found,0,,,phenylacetaldehyde,,,
bmse000428,/Users/alfred/Documents/GitHub/DDLS_project/code/get_bmrb_data/bmrb_nmrstar/bmse000428/bmse000428.str,no_1H_data_found,0,,,R-(-)-Citramalic acid,,,
bmse000429,/Users/alfred/Documents/GitHub/DDLS_project/code/get_bmrb_data/bmrb_nmrstar/bmse000429/bmse000429.str,no_1H_data_found,0,,,DL-2-Aminoadipic acid,,,
bmse000430,/Users/alfred/Documents/GitHub/DDLS_project/code/get_bmrb_data/bmrb_nmrstar/bmse000430/bmse000430.str,no_1H_data_found,0,,,DL-homocysteine,,,
bmse000431,/Users/alfred/Documents/GitHub/DDLS_project/code/get_bmrb_data/bmrb_nmrstar/bmse000431/bmse000431.str,no_1H_data_found,0,,,Cyclohexanol,,,
bmse000432,/Users/alfred/Documents/GitHub/DDLS_project/code/get_bmrb_data/bmrb_nmrstar/bmse000432/bmse000432.str,no_1H_data_found,0,,,Pyridine,,,
bmse000433,/Users/alfred/Documents/GitHub/DDLS_project/code/get_bmrb_data/bmrb_nmrstar/bmse000433/bmse000433.str,no_1H_data_found,0,,,o-Cresol,,,
bmse000434,/Users/alfred/Documents/GitHub/DDLS_project/code/get_bmrb_data/bmrb_nmrstar/bmse000434/bmse000434.str,no_1H_data_found,0,,,Acetylcholine,,,
bmse000435,/Users/alfred/Documents/GitHub/DDLS_project/code/get_bmrb_data/bmrb_nmrstar/bmse000435/bmse000435.str,no_1H_data_found,0,,,Glutaconic acid,,,
bmse000436,/Users/alfred/Documents/GitHub/DDLS_project/code/get_bmrb_data/bmrb_nmrstar/bmse000436/bmse000436.str,no_1H_data_found,0,,,Guaiacol,,,
bmse000437,/Users/alfred/Documents/GitHub/DDLS_project/code/get_bmrb_data/bmrb_nmrstar/bmse000437/bmse000437.str,no_1H_data_found,0,,,Allantoin,,,
bmse000438,/Users/alfred/Documents/GitHub/DDLS_project/code/get_bmrb_data/bmrb_nmrstar/bmse000438/bmse000438.str,no_1H_data_found,0,,,4-Chlorobenzoic acid,,,
bmse000439,/Users/alfred/Documents/GitHub/DDLS_project/code/get_bmrb_data/bmrb_nmrstar/bmse000439/bmse000439.str,no_1H_data_found,0,,,Isobutyric acid,,,
bmse000440,/Users/alfred/Documents/GitHub/DDLS_project/code/get_bmrb_data/bmrb_nmrstar/bmse000440/bmse000440.str,no_1H_data_found,0,,,D-Glucosaminic acid,,,
bmse000441,/Users/alfred/Documents/GitHub/DDLS_project/code/get_bmrb_data/bmrb_nmrstar/bmse000441/bmse000441.str,no_1H_data_found,0,,,4-Hydroxyphenylacetonitrile,,,
bmse000442,/Users/alfred/Documents/GitHub/DDLS_project/code/get_bmrb_data/bmrb_nmrstar/bmse000442/bmse000442.str,no_1H_data_found,0,,,L-homocitrulline,,,
bmse000443,/Users/alfred/Documents/GitHub/DDLS_project/code/get_bmrb_data/bmrb_nmrstar/bmse000443/bmse000443.str,no_1H_data_found,0,,,5-(Hydroxymethyl)uracil,,,
bmse000444,/Users/alfred/Documents/GitHub/DDLS_project/code/get_bmrb_data/bmrb_nmrstar/bmse000444/bmse000444.str,no_1H_data_found,0,,,4-hydroxy-3-methoxybenzyl alcohol,,,
bmse000445,/Users/alfred/Documents/GitHub/DDLS_project/code/get_bmrb_data/bmrb_nmrstar/bmse000445/bmse000445.str,no_1H_data_found,0,,,D-Panthenol,,,
bmse000446,/Users/alfred/Documents/GitHub/DDLS_project/code/get_bmrb_data/bmrb_nmrstar/bmse000446/bmse000446.str,no_1H_data_found,0,,,propanol,,,
bmse000447,/Users/alfred/Documents/GitHub/DDLS_project/code/get_bmrb_data/bmrb_nmrstar/bmse000447/bmse000447.str,no_1H_data_found,0,,,butanol,,,
bmse000448,/Users/alfred/Documents/GitHub/DDLS_project/code/get_bmrb_data/bmrb_nmrstar/bmse000448/bmse000448.str,no_1H_data_found,0,,,L-Histidinol,,,
bmse000449,/Users/alfred/Documents/GitHub/DDLS_project/code/get_bmrb_data/bmrb_nmrstar/bmse000449/bmse000449.str,no_1H_data_found,0,,,1-Methyl-L-histidine,,,
bmse000450,/Users/alfred/Documents/GitHub/DDLS_project/code/get_bmrb_data/bmrb_nmrstar/bmse000450/bmse000450.str,no_1H_data_found,0,,,D-Methionine,,,
bmse000451,/Users/alfred/Documents/GitHub/DDLS_project/code/get_bmrb_data/bmrb_nmrstar/bmse000451/bmse000451.str,no_1H_data_found,0,,,Cyclohexylamine,,,
bmse000452,/Users/alfred/Documents/GitHub/DDLS_project/code/get_bmrb_data/bmrb_nmrstar/bmse000452/bmse000452.str,no_1H_data_found,0,,,Hypotaurine,,,
bmse000453,/Users/alfred/Documents/GitHub/DDLS_project/code/get_bmrb_data/bmrb_nmrstar/bmse000453/bmse000453.str,no_1H_data_found,0,,,Ureidosuccinic acid,,,
bmse000454,/Users/alfred/Documents/GitHub/DDLS_project/code/get_bmrb_data/bmrb_nmrstar/bmse000454/bmse000454.str,no_1H_data_found,0,,,purine,,,
bmse000455,/Users/alfred/Documents/GitHub/DDLS_project/code/get_bmrb_data/bmrb_nmrstar/bmse000455/bmse000455.str,no_1H_data_found,0,,,4-Hydroxyphenylacetic acid,,,
bmse000457,/Users/alfred/Documents/GitHub/DDLS_project/code/get_bmrb_data/bmrb_nmrstar/bmse000457/bmse000457.str,no_1H_data_found,0,,,5-Hydroxy-L-tryptophan,,,
bmse000458,/Users/alfred/Documents/GitHub/DDLS_project/code/get_bmrb_data/bmrb_nmrstar/bmse000458/bmse000458.str,no_1H_data_found,0,,,p-Cresol,,,
bmse000459,/Users/alfred/Documents/GitHub/DDLS_project/code/get_bmrb_data/bmrb_nmrstar/bmse000459/bmse000459.str,no_1H_data_found,0,,,Ferulic acid,,,
bmse000460,/Users/alfred/Documents/GitHub/DDLS_project/code/get_bmrb_data/bmrb_nmrstar/bmse000460/bmse000460.str,no_1H_data_found,0,,,Maleamic acid,,,
bmse000461,/Users/alfred/Documents/GitHub/DDLS_project/code/get_bmrb_data/bmrb_nmrstar/bmse000461/bmse000461.str,no_1H_data_found,0,,,4-Chlorophenol,,,
bmse000462,/Users/alfred/Documents/GitHub/DDLS_project/code/get_bmrb_data/bmrb_nmrstar/bmse000462/bmse000462.str,no_1H_data_found,0,,,4-Aminophenol,,,
bmse000463,/Users/alfred/Documents/GitHub/DDLS_project/code/get_bmrb_data/bmrb_nmrstar/bmse000463/bmse000463.str,no_1H_data_found,0,,,trans-trans-Muconic acid,,,
bmse000464,/Users/alfred/Documents/GitHub/DDLS_project/code/get_bmrb_data/bmrb_nmrstar/bmse000464/bmse000464.str,no_1H_data_found,0,,,Acetyl-L-carnitine,,,
bmse000465,/Users/alfred/Documents/GitHub/DDLS_project/code/get_bmrb_data/bmrb_nmrstar/bmse000465/bmse000465.str,no_1H_data_found,0,,,Phthalaldehydic acid,,,
bmse000466,/Users/alfred/Documents/GitHub/DDLS_project/code/get_bmrb_data/bmrb_nmrstar/bmse000466/bmse000466.str,no_1H_data_found,0,,,DL-beta-leucine,,,
bmse000467,/Users/alfred/Documents/GitHub/DDLS_project/code/get_bmrb_data/bmrb_nmrstar/bmse000467/bmse000467.str,no_1H_data_found,0,,,Acetaldehyde oxime mixture of syn and anti,,,
bmse000468,/Users/alfred/Documents/GitHub/DDLS_project/code/get_bmrb_data/bmrb_nmrstar/bmse000468/bmse000468.str,no_1H_data_found,0,,,4-Acetamidobutyric acid,,,
bmse000469,/Users/alfred/Documents/GitHub/DDLS_project/code/get_bmrb_data/bmrb_nmrstar/bmse000469/bmse000469.str,no_1H_data_found,0,,,"cis-1,2-cyclohexanediol",,,
bmse000470,/Users/alfred/Documents/GitHub/DDLS_project/code/get_bmrb_data/bmrb_nmrstar/bmse000470/bmse000470.str,no_1H_data_found,0,,,biuret,,,
bmse000471,/Users/alfred/Documents/GitHub/DDLS_project/code/get_bmrb_data/bmrb_nmrstar/bmse000471/bmse000471.str,no_1H_data_found,0,,,Glyoxylic acid,,,
bmse000472,/Users/alfred/Documents/GitHub/DDLS_project/code/get_bmrb_data/bmrb_nmrstar/bmse000472/bmse000472.str,no_1H_data_found,0,,,17-alpha-hydroxyprogesterone,,,
bmse000473,/Users/alfred/Documents/GitHub/DDLS_project/code/get_bmrb_data/bmrb_nmrstar/bmse000473/bmse000473.str,no_1H_data_found,0,,,3-(2-hydroxyethyl)indole,,,
bmse000474,/Users/alfred/Documents/GitHub/DDLS_project/code/get_bmrb_data/bmrb_nmrstar/bmse000474/bmse000474.str,no_1H_data_found,0,,,3-methylcrotonaldehyde,,,
bmse000475,/Users/alfred/Documents/GitHub/DDLS_project/code/get_bmrb_data/bmrb_nmrstar/bmse000475/bmse000475.str,no_1H_data_found,0,,,4-methylcatechol,,,
bmse000476,/Users/alfred/Documents/GitHub/DDLS_project/code/get_bmrb_data/bmrb_nmrstar/bmse000476/bmse000476.str,no_1H_data_found,0,,,5-pregnen-3-beta-ol-20-one,,,
bmse000477,/Users/alfred/Documents/GitHub/DDLS_project/code/get_bmrb_data/bmrb_nmrstar/bmse000477/bmse000477.str,no_1H_data_found,0,,,beta-sitosterol,,,
bmse000478,/Users/alfred/Documents/GitHub/DDLS_project/code/get_bmrb_data/bmrb_nmrstar/bmse000478/bmse000478.str,no_1H_data_found,0,,,Lanosterol,,,
bmse000479,/Users/alfred/Documents/GitHub/DDLS_project/code/get_bmrb_data/bmrb_nmrstar/bmse000479/bmse000479.str,no_1H_data_found,0,,,N-acetyl-D-Phenyl alanine,,,
bmse000480,/Users/alfred/Documents/GitHub/DDLS_project/code/get_bmrb_data/bmrb_nmrstar/bmse000480/bmse000480.str,no_1H_data_found,0,,,Octane,,,
bmse000481,/Users/alfred/Documents/GitHub/DDLS_project/code/get_bmrb_data/bmrb_nmrstar/bmse000481/bmse000481.str,no_1H_data_found,0,,,Phenyl-Acetate,,,
bmse000482,/Users/alfred/Documents/GitHub/DDLS_project/code/get_bmrb_data/bmrb_nmrstar/bmse000482/bmse000482.str,no_1H_data_found,0,,,Progesterone,,,
bmse000483,/Users/alfred/Documents/GitHub/DDLS_project/code/get_bmrb_data/bmrb_nmrstar/bmse000483/bmse000483.str,no_1H_data_found,0,,,R-(+)-2-Pyrrolidinone-5-carboxylate,,,
bmse000484,/Users/alfred/Documents/GitHub/DDLS_project/code/get_bmrb_data/bmrb_nmrstar/bmse000484/bmse000484.str,no_1H_data_found,0,,,squalene,,,
bmse000485,/Users/alfred/Documents/GitHub/DDLS_project/code/get_bmrb_data/bmrb_nmrstar/bmse000485/bmse000485.str,no_1H_data_found,0,,,Stearic-Acid,,,
bmse000486,/Users/alfred/Documents/GitHub/DDLS_project/code/get_bmrb_data/bmrb_nmrstar/bmse000486/bmse000486.str,no_1H_data_found,0,,,vanillic acid,,,
bmse000487,/Users/alfred/Documents/GitHub/DDLS_project/code/get_bmrb_data/bmrb_nmrstar/bmse000487/bmse000487.str,no_1H_data_found,0,,,1-Hexadecanol,,,
bmse000488,/Users/alfred/Documents/GitHub/DDLS_project/code/get_bmrb_data/bmrb_nmrstar/bmse000488/bmse000488.str,no_1H_data_found,0,,,3-indoleacetonitrile,,,
bmse000489,/Users/alfred/Documents/GitHub/DDLS_project/code/get_bmrb_data/bmrb_nmrstar/bmse000489/bmse000489.str,no_1H_data_found,0,,,5-alpha-cholestan-3-one,,,
bmse000490,/Users/alfred/Documents/GitHub/DDLS_project/code/get_bmrb_data/bmrb_nmrstar/bmse000490/bmse000490.str,no_1H_data_found,0,,,"5-alpha-pregnane-3,20-dione(allo)",,,
bmse000491,/Users/alfred/Documents/GitHub/DDLS_project/code/get_bmrb_data/bmrb_nmrstar/bmse000491/bmse000491.str,no_1H_data_found,0,,,alpha-pinene-oxide,,,
bmse000492,/Users/alfred/Documents/GitHub/DDLS_project/code/get_bmrb_data/bmrb_nmrstar/bmse000492/bmse000492.str,no_1H_data_found,0,,,(+)alpha-tocopherol,,,
bmse000493,/Users/alfred/Documents/GitHub/DDLS_project/code/get_bmrb_data/bmrb_nmrstar/bmse000493/bmse000493.str,no_1H_data_found,0,,,Epsilon-caprolactone,,,
bmse000494,/Users/alfred/Documents/GitHub/DDLS_project/code/get_bmrb_data/bmrb_nmrstar/bmse000494/bmse000494.str,no_1H_data_found,0,,,Ergosterol,,,
bmse000495,/Users/alfred/Documents/GitHub/DDLS_project/code/get_bmrb_data/bmrb_nmrstar/bmse000495/bmse000495.str,no_1H_data_found,0,,,Fenchol,,,
bmse000496,/Users/alfred/Documents/GitHub/DDLS_project/code/get_bmrb_data/bmrb_nmrstar/bmse000496/bmse000496.str,no_1H_data_found,0,,,Indanone,,,
bmse000497,/Users/alfred/Documents/GitHub/DDLS_project/code/get_bmrb_data/bmrb_nmrstar/bmse000497/bmse000497.str,no_1H_data_found,0,,,Linoleic Acid,,,
bmse000498,/Users/alfred/Documents/GitHub/DDLS_project/code/get_bmrb_data/bmrb_nmrstar/bmse000498/bmse000498.str,no_1H_data_found,0,,,"(1S,2S,5R)-(+)-neomenthol",,,
bmse000499,/Users/alfred/Documents/GitHub/DDLS_project/code/get_bmrb_data/bmrb_nmrstar/bmse000499/bmse000499.str,no_1H_data_found,0,,,Nonanoic-Acid,,,
bmse000500,/Users/alfred/Documents/GitHub/DDLS_project/code/get_bmrb_data/bmrb_nmrstar/bmse000500/bmse000500.str,no_1H_data_found,0,,,(R)-(-)-Carvone,,,
bmse000501,/Users/alfred/Documents/GitHub/DDLS_project/code/get_bmrb_data/bmrb_nmrstar/bmse000501/bmse000501.str,no_1H_data_found,0,,,Retinyl-palmitate,,,
bmse000502,/Users/alfred/Documents/GitHub/DDLS_project/code/get_bmrb_data/bmrb_nmrstar/bmse000502/bmse000502.str,no_1H_data_found,0,,,Octanoic-Acid,,,
bmse000503,/Users/alfred/Documents/GitHub/DDLS_project/code/get_bmrb_data/bmrb_nmrstar/bmse000503/bmse000503.str,no_1H_data_found,0,,,p-cymene,,,
bmse000504,/Users/alfred/Documents/GitHub/DDLS_project/code/get_bmrb_data/bmrb_nmrstar/bmse000504/bmse000504.str,no_1H_data_found,0,,,Terpinolene,,,
bmse000505,/Users/alfred/Documents/GitHub/DDLS_project/code/get_bmrb_data/bmrb_nmrstar/bmse000505/bmse000505.str,no_1H_data_found,0,,,4-isopropylbenzyl alcohol,,,
bmse000506,/Users/alfred/Documents/GitHub/DDLS_project/code/get_bmrb_data/bmrb_nmrstar/bmse000506/bmse000506.str,no_1H_data_found,0,,,biphenyl,,,
bmse000507,/Users/alfred/Documents/GitHub/DDLS_project/code/get_bmrb_data/bmrb_nmrstar/bmse000507/bmse000507.str,no_1H_data_found,0,,,cholecalciferol,,,
bmse000508,/Users/alfred/Documents/GitHub/DDLS_project/code/get_bmrb_data/bmrb_nmrstar/bmse000508/bmse000508.str,no_1H_data_found,0,,,cuminaldehyde,,,
bmse000509,/Users/alfred/Documents/GitHub/DDLS_project/code/get_bmrb_data/bmrb_nmrstar/bmse000509/bmse000509.str,no_1H_data_found,0,,,Dodecanoic-acid,,,
bmse000510,/Users/alfred/Documents/GitHub/DDLS_project/code/get_bmrb_data/bmrb_nmrstar/bmse000510/bmse000510.str,no_1H_data_found,0,,,ergocalciferol,,,
bmse000511,/Users/alfred/Documents/GitHub/DDLS_project/code/get_bmrb_data/bmrb_nmrstar/bmse000511/bmse000511.str,no_1H_data_found,0,,,quinidine,,,
bmse000512,/Users/alfred/Documents/GitHub/DDLS_project/code/get_bmrb_data/bmrb_nmrstar/bmse000512/bmse000512.str,no_1H_data_found,0,,,cortexolone,,,
bmse000513,/Users/alfred/Documents/GitHub/DDLS_project/code/get_bmrb_data/bmrb_nmrstar/bmse000513/bmse000513.str,no_1H_data_found,0,,,"1,4-cyclohexanedione",,,
bmse000514,/Users/alfred/Documents/GitHub/DDLS_project/code/get_bmrb_data/bmrb_nmrstar/bmse000514/bmse000514.str,no_1H_data_found,0,,,2-Indanone,,,
bmse000515,/Users/alfred/Documents/GitHub/DDLS_project/code/get_bmrb_data/bmrb_nmrstar/bmse000515/bmse000515.str,no_1H_data_found,0,,,2-methylbenzyl-alcohol,,,
bmse000516,/Users/alfred/Documents/GitHub/DDLS_project/code/get_bmrb_data/bmrb_nmrstar/bmse000516/bmse000516.str,no_1H_data_found,0,,,3-methylindole,,,
bmse000517,/Users/alfred/Documents/GitHub/DDLS_project/code/get_bmrb_data/bmrb_nmrstar/bmse000517/bmse000517.str,no_1H_data_found,0,,,"4,4-dichlorobenzophenone",,,
bmse000518,/Users/alfred/Documents/GitHub/DDLS_project/code/get_bmrb_data/bmrb_nmrstar/bmse000518/bmse000518.str,no_1H_data_found,0,,,4-chloroacetophenone,,,
bmse000519,/Users/alfred/Documents/GitHub/DDLS_project/code/get_bmrb_data/bmrb_nmrstar/bmse000519/bmse000519.str,no_1H_data_found,0,,,(+)-4-cholesten-3-one,,,
bmse000520,/Users/alfred/Documents/GitHub/DDLS_project/code/get_bmrb_data/bmrb_nmrstar/bmse000520/bmse000520.str,no_1H_data_found,0,,,4-methylbenzyl-alcohol,,,
bmse000521,/Users/alfred/Documents/GitHub/DDLS_project/code/get_bmrb_data/bmrb_nmrstar/bmse000521/bmse000521.str,no_1H_data_found,0,,,9_fluorenone,,,
bmse000522,/Users/alfred/Documents/GitHub/DDLS_project/code/get_bmrb_data/bmrb_nmrstar/bmse000522/bmse000522.str,no_1H_data_found,0,,,adrenosterone,,,
bmse000523,/Users/alfred/Documents/GitHub/DDLS_project/code/get_bmrb_data/bmrb_nmrstar/bmse000523/bmse000523.str,no_1H_data_found,0,,,eucalyptol,,,
bmse000524,/Users/alfred/Documents/GitHub/DDLS_project/code/get_bmrb_data/bmrb_nmrstar/bmse000524/bmse000524.str,no_1H_data_found,0,,,fluorene,,,
bmse000525,/Users/alfred/Documents/GitHub/DDLS_project/code/get_bmrb_data/bmrb_nmrstar/bmse000525/bmse000525.str,no_1H_data_found,0,,,jasmonic-acid,,,
bmse000526,/Users/alfred/Documents/GitHub/DDLS_project/code/get_bmrb_data/bmrb_nmrstar/bmse000526/bmse000526.str,no_1H_data_found,0,,,o-xylene,,,
bmse000527,/Users/alfred/Documents/GitHub/DDLS_project/code/get_bmrb_data/bmrb_nmrstar/bmse000527/bmse000527.str,no_1H_data_found,0,,,p-tolualdehyde,,,
bmse000528,/Users/alfred/Documents/GitHub/DDLS_project/code/get_bmrb_data/bmrb_nmrstar/bmse000528/bmse000528.str,no_1H_data_found,0,,,stigmasterol,,,
bmse000529,/Users/alfred/Documents/GitHub/DDLS_project/code/get_bmrb_data/bmrb_nmrstar/bmse000529/bmse000529.str,no_1H_data_found,0,,,11-alpha-hydroxyprogesterone,,,
bmse000530,/Users/alfred/Documents/GitHub/DDLS_project/code/get_bmrb_data/bmrb_nmrstar/bmse000530/bmse000530.str,no_1H_data_found,0,,,"1,2,3,4-tetrahydronaphthalene",,,
bmse000531,/Users/alfred/Documents/GitHub/DDLS_project/code/get_bmrb_data/bmrb_nmrstar/bmse000531/bmse000531.str,no_1H_data_found,0,,,1-methylnaphthalene,,,
bmse000532,/Users/alfred/Documents/GitHub/DDLS_project/code/get_bmrb_data/bmrb_nmrstar/bmse000532/bmse000532.str,no_1H_data_found,0,,,1-naphthaldehyde,,,
bmse000533,/Users/alfred/Documents/GitHub/DDLS_project/code/get_bmrb_data/bmrb_nmrstar/bmse000533/bmse000533.str,no_1H_data_found,0,,,"(1R,2R,4R)-dihydrocarveol",,,
bmse000534,/Users/alfred/Documents/GitHub/DDLS_project/code/get_bmrb_data/bmrb_nmrstar/bmse000534/bmse000534.str,no_1H_data_found,0,,,(1R)-(-)-myrtenal,,,
bmse000535,/Users/alfred/Documents/GitHub/DDLS_project/code/get_bmrb_data/bmrb_nmrstar/bmse000535/bmse000535.str,no_1H_data_found,0,,,21-hydroxyprogesterone,,,
bmse000536,/Users/alfred/Documents/GitHub/DDLS_project/code/get_bmrb_data/bmrb_nmrstar/bmse000536/bmse000536.str,no_1H_data_found,0,,,2-hexenal,,,
bmse000537,/Users/alfred/Documents/GitHub/DDLS_project/code/get_bmrb_data/bmrb_nmrstar/bmse000537/bmse000537.str,no_1H_data_found,0,,,2-methylnaphthalene,,,
bmse000538,/Users/alfred/Documents/GitHub/DDLS_project/code/get_bmrb_data/bmrb_nmrstar/bmse000538/bmse000538.str,no_1H_data_found,0,,,3-hydroxy-2-methyl-4-pyrone,,,
bmse000539,/Users/alfred/Documents/GitHub/DDLS_project/code/get_bmrb_data/bmrb_nmrstar/bmse000539/bmse000539.str,no_1H_data_found,0,,,3-isochromanone,,,
bmse000540,/Users/alfred/Documents/GitHub/DDLS_project/code/get_bmrb_data/bmrb_nmrstar/bmse000540/bmse000540.str,no_1H_data_found,0,,,3-methylbenzyl-alcohol,,,
bmse000541,/Users/alfred/Documents/GitHub/DDLS_project/code/get_bmrb_data/bmrb_nmrstar/bmse000541/bmse000541.str,no_1H_data_found,0,,,5-alpha-cholestan-3-beta-ol,,,
bmse000542,/Users/alfred/Documents/GitHub/DDLS_project/code/get_bmrb_data/bmrb_nmrstar/bmse000542/bmse000542.str,no_1H_data_found,0,,,alpha-lipoic-acid,,,
bmse000543,/Users/alfred/Documents/GitHub/DDLS_project/code/get_bmrb_data/bmrb_nmrstar/bmse000543/bmse000543.str,no_1H_data_found,0,,,androsterone,,,
bmse000544,/Users/alfred/Documents/GitHub/DDLS_project/code/get_bmrb_data/bmrb_nmrstar/bmse000544/bmse000544.str,no_1H_data_found,0,,,cholesteryl-palmitate,,,
bmse000545,/Users/alfred/Documents/GitHub/DDLS_project/code/get_bmrb_data/bmrb_nmrstar/bmse000545/bmse000545.str,no_1H_data_found,0,,,cyclohexane,,,
bmse000546,/Users/alfred/Documents/GitHub/DDLS_project/code/get_bmrb_data/bmrb_nmrstar/bmse000546/bmse000546.str,no_1H_data_found,0,,,Cyclohexanecarboxylic acid,,,
bmse000547,/Users/alfred/Documents/GitHub/DDLS_project/code/get_bmrb_data/bmrb_nmrstar/bmse000547/bmse000547.str,no_1H_data_found,0,,,delta-tocopherol,,,
bmse000548,/Users/alfred/Documents/GitHub/DDLS_project/code/get_bmrb_data/bmrb_nmrstar/bmse000548/bmse000548.str,no_1H_data_found,0,,,dibenzofuran,,,
bmse000549,/Users/alfred/Documents/GitHub/DDLS_project/code/get_bmrb_data/bmrb_nmrstar/bmse000549/bmse000549.str,no_1H_data_found,0,,,estrone,,,
bmse000550,/Users/alfred/Documents/GitHub/DDLS_project/code/get_bmrb_data/bmrb_nmrstar/bmse000550/bmse000550.str,no_1H_data_found,0,,,ethyl-heptanoate,,,
bmse000551,/Users/alfred/Documents/GitHub/DDLS_project/code/get_bmrb_data/bmrb_nmrstar/bmse000551/bmse000551.str,no_1H_data_found,0,,,methyl-jasmonate,,,
bmse000552,/Users/alfred/Documents/GitHub/DDLS_project/code/get_bmrb_data/bmrb_nmrstar/bmse000552/bmse000552.str,no_1H_data_found,0,,,m-tolualdehyde,,,
bmse000553,/Users/alfred/Documents/GitHub/DDLS_project/code/get_bmrb_data/bmrb_nmrstar/bmse000553/bmse000553.str,no_1H_data_found,0,,,m-toluic-acid,,,
bmse000554,/Users/alfred/Documents/GitHub/DDLS_project/code/get_bmrb_data/bmrb_nmrstar/bmse000554/bmse000554.str,no_1H_data_found,0,,,m-xylene,,,
bmse000555,/Users/alfred/Documents/GitHub/DDLS_project/code/get_bmrb_data/bmrb_nmrstar/bmse000555/bmse000555.str,no_1H_data_found,0,,,myrtenol,,,
bmse000556,/Users/alfred/Documents/GitHub/DDLS_project/code/get_bmrb_data/bmrb_nmrstar/bmse000556/bmse000556.str,no_1H_data_found,0,,,o-tolualdehyde,,,
bmse000557,/Users/alfred/Documents/GitHub/DDLS_project/code/get_bmrb_data/bmrb_nmrstar/bmse000557/bmse000557.str,no_1H_data_found,0,,,o-toluic-acid,,,
bmse000558,/Users/alfred/Documents/GitHub/DDLS_project/code/get_bmrb_data/bmrb_nmrstar/bmse000558/bmse000558.str,no_1H_data_found,0,,,pentadecanoic-acid,,,
bmse000559,/Users/alfred/Documents/GitHub/DDLS_project/code/get_bmrb_data/bmrb_nmrstar/bmse000559/bmse000559.str,no_1H_data_found,0,,,(s)-(-)-perillyl-alcohol,,,
bmse000560,/Users/alfred/Documents/GitHub/DDLS_project/code/get_bmrb_data/bmrb_nmrstar/bmse000560/bmse000560.str,no_1H_data_found,0,,,phenanthrene,,,
bmse000561,/Users/alfred/Documents/GitHub/DDLS_project/code/get_bmrb_data/bmrb_nmrstar/bmse000561/bmse000561.str,no_1H_data_found,0,,,pinocarveol,,,
bmse000562,/Users/alfred/Documents/GitHub/DDLS_project/code/get_bmrb_data/bmrb_nmrstar/bmse000562/bmse000562.str,no_1H_data_found,0,,,retinoic-acid,,,
bmse000563,/Users/alfred/Documents/GitHub/DDLS_project/code/get_bmrb_data/bmrb_nmrstar/bmse000563/bmse000563.str,no_1H_data_found,0,,,undecanoic-acid,,,
bmse000564,/Users/alfred/Documents/GitHub/DDLS_project/code/get_bmrb_data/bmrb_nmrstar/bmse000564/bmse000564.str,no_1H_data_found,0,,,9-hydroxyfluorene,,,
bmse000565,/Users/alfred/Documents/GitHub/DDLS_project/code/get_bmrb_data/bmrb_nmrstar/bmse000565/bmse000565.str,no_1H_data_found,0,,,cis-5-dodecenoic-acid,,,
bmse000566,/Users/alfred/Documents/GitHub/DDLS_project/code/get_bmrb_data/bmrb_nmrstar/bmse000566/bmse000566.str,no_1H_data_found,0,,,glyceryl-tridecanoate,,,
bmse000567,/Users/alfred/Documents/GitHub/DDLS_project/code/get_bmrb_data/bmrb_nmrstar/bmse000567/bmse000567.str,no_1H_data_found,0,,,tetrabromobisphenol-A,,,
bmse000568,/Users/alfred/Documents/GitHub/DDLS_project/code/get_bmrb_data/bmrb_nmrstar/bmse000568/bmse000568.str,no_1H_data_found,0,,,"1,2-dichloroethane",,,
bmse000569,/Users/alfred/Documents/GitHub/DDLS_project/code/get_bmrb_data/bmrb_nmrstar/bmse000569/bmse000569.str,no_1H_data_found,0,,,"1,6-anhydro-beta-d-glucose",,,
bmse000570,/Users/alfred/Documents/GitHub/DDLS_project/code/get_bmrb_data/bmrb_nmrstar/bmse000570/bmse000570.str,no_1H_data_found,0,,,(S)-(+)-2-hydroxy-3-methylbutyric-acid,,,
bmse000571,/Users/alfred/Documents/GitHub/DDLS_project/code/get_bmrb_data/bmrb_nmrstar/bmse000571/bmse000571.str,no_1H_data_found,0,,,2-hydroxyhexanoic-acid,,,
bmse000572,/Users/alfred/Documents/GitHub/DDLS_project/code/get_bmrb_data/bmrb_nmrstar/bmse000572/bmse000572.str,no_1H_data_found,0,,,2-hydroxyoctanoic-acid,,,
bmse000573,/Users/alfred/Documents/GitHub/DDLS_project/code/get_bmrb_data/bmrb_nmrstar/bmse000573/bmse000573.str,no_1H_data_found,0,,,3-hydroxymandelic-acid,,,
bmse000574,/Users/alfred/Documents/GitHub/DDLS_project/code/get_bmrb_data/bmrb_nmrstar/bmse000574/bmse000574.str,no_1H_data_found,0,,,3-methyl-2-oxopentanoic-acid,,,
bmse000575,/Users/alfred/Documents/GitHub/DDLS_project/code/get_bmrb_data/bmrb_nmrstar/bmse000575/bmse000575.str,no_1H_data_found,0,,,3-methylglutaric-acid,,,
bmse000576,/Users/alfred/Documents/GitHub/DDLS_project/code/get_bmrb_data/bmrb_nmrstar/bmse000576/bmse000576.str,no_1H_data_found,0,,,acetosyringone,,,
bmse000577,/Users/alfred/Documents/GitHub/DDLS_project/code/get_bmrb_data/bmrb_nmrstar/bmse000577/bmse000577.str,no_1H_data_found,0,,,(-)-cotinine,,,
bmse000578,/Users/alfred/Documents/GitHub/DDLS_project/code/get_bmrb_data/bmrb_nmrstar/bmse000578/bmse000578.str,no_1H_data_found,0,,,ethylmalonic-acid,,,
bmse000579,/Users/alfred/Documents/GitHub/DDLS_project/code/get_bmrb_data/bmrb_nmrstar/bmse000579/bmse000579.str,no_1H_data_found,0,,,monoethyl-malonate,,,
bmse000580,/Users/alfred/Documents/GitHub/DDLS_project/code/get_bmrb_data/bmrb_nmrstar/bmse000580/bmse000580.str,no_1H_data_found,0,,,mono-methyl-glutarate,,,
bmse000581,/Users/alfred/Documents/GitHub/DDLS_project/code/get_bmrb_data/bmrb_nmrstar/bmse000581/bmse000581.str,no_1H_data_found,0,,,3-methyl-2-butenoic-acid,,,
bmse000582,/Users/alfred/Documents/GitHub/DDLS_project/code/get_bmrb_data/bmrb_nmrstar/bmse000582/bmse000582.str,no_1H_data_found,0,,,4-Hydroxybenzaldehyde,,,
bmse000583,/Users/alfred/Documents/GitHub/DDLS_project/code/get_bmrb_data/bmrb_nmrstar/bmse000583/bmse000583.str,no_1H_data_found,0,,,4-Hydroxy-benzoic-acid,,,
bmse000584,/Users/alfred/Documents/GitHub/DDLS_project/code/get_bmrb_data/bmrb_nmrstar/bmse000584/bmse000584.str,no_1H_data_found,0,,,acetovanillone,,,
bmse000585,/Users/alfred/Documents/GitHub/DDLS_project/code/get_bmrb_data/bmrb_nmrstar/bmse000585/bmse000585.str,no_1H_data_found,0,,,dihydroconiferyl-alcohol,,,
bmse000586,/Users/alfred/Documents/GitHub/DDLS_project/code/get_bmrb_data/bmrb_nmrstar/bmse000586/bmse000586.str,no_1H_data_found,0,,,dihydro-sinapyl-alcohol,,,
bmse000587,/Users/alfred/Documents/GitHub/DDLS_project/code/get_bmrb_data/bmrb_nmrstar/bmse000587/bmse000587.str,no_1H_data_found,0,,,Ferulic-acid,,,
bmse000588,/Users/alfred/Documents/GitHub/DDLS_project/code/get_bmrb_data/bmrb_nmrstar/bmse000588/bmse000588.str,no_1H_data_found,0,,,gly-pro,,,
bmse000589,/Users/alfred/Documents/GitHub/DDLS_project/code/get_bmrb_data/bmrb_nmrstar/bmse000589/bmse000589.str,no_1H_data_found,0,,,methyl-sinapate,,,
bmse000590,/Users/alfred/Documents/GitHub/DDLS_project/code/get_bmrb_data/bmrb_nmrstar/bmse000590/bmse000590.str,no_1H_data_found,0,,,palmitic-acid,,,
bmse000591,/Users/alfred/Documents/GitHub/DDLS_project/code/get_bmrb_data/bmrb_nmrstar/bmse000591/bmse000591.str,no_1H_data_found,0,,,p-coumaric-acid,,,
bmse000592,/Users/alfred/Documents/GitHub/DDLS_project/code/get_bmrb_data/bmrb_nmrstar/bmse000592/bmse000592.str,no_1H_data_found,0,,,p-coumaryl-alcohol,,,
bmse000593,/Users/alfred/Documents/GitHub/DDLS_project/code/get_bmrb_data/bmrb_nmrstar/bmse000593/bmse000593.str,no_1H_data_found,0,,,p-hydroxyacetophenone,,,
bmse000594,/Users/alfred/Documents/GitHub/DDLS_project/code/get_bmrb_data/bmrb_nmrstar/bmse000594/bmse000594.str,no_1H_data_found,0,,,sinapinic-acid,,,
bmse000595,/Users/alfred/Documents/GitHub/DDLS_project/code/get_bmrb_data/bmrb_nmrstar/bmse000595/bmse000595.str,no_1H_data_found,0,,,syringaldehyde,,,
bmse000596,/Users/alfred/Documents/GitHub/DDLS_project/code/get_bmrb_data/bmrb_nmrstar/bmse000596/bmse000596.str,no_1H_data_found,0,,,trans-3-hexenedioic-acid,,,
bmse000597,/Users/alfred/Documents/GitHub/DDLS_project/code/get_bmrb_data/bmrb_nmrstar/bmse000597/bmse000597.str,no_1H_data_found,0,,,vanillin,,,
bmse000598,/Users/alfred/Documents/GitHub/DDLS_project/code/get_bmrb_data/bmrb_nmrstar/bmse000598/bmse000598.str,no_1H_data_found,0,,,17-alpha-hydroxyprogesterone,,,
bmse000599,/Users/alfred/Documents/GitHub/DDLS_project/code/get_bmrb_data/bmrb_nmrstar/bmse000599/bmse000599.str,no_1H_data_found,0,,,4-isopropylbenzyl-alcohol,,,
bmse000600,/Users/alfred/Documents/GitHub/DDLS_project/code/get_bmrb_data/bmrb_nmrstar/bmse000600/bmse000600.str,no_1H_data_found,0,,,(+)alpha-tocopherol,,,
bmse000601,/Users/alfred/Documents/GitHub/DDLS_project/code/get_bmrb_data/bmrb_nmrstar/bmse000601/bmse000601.str,no_1H_data_found,0,,,coniferaldehyde,,,
bmse000602,/Users/alfred/Documents/GitHub/DDLS_project/code/get_bmrb_data/bmrb_nmrstar/bmse000602/bmse000602.str,no_1H_data_found,0,,,coniferyl-alcohol,,,
bmse000604,/Users/alfred/Documents/GitHub/DDLS_project/code/get_bmrb_data/bmrb_nmrstar/bmse000604/bmse000604.str,no_1H_data_found,0,,,Linoleic-Acid,,,
bmse000605,/Users/alfred/Documents/GitHub/DDLS_project/code/get_bmrb_data/bmrb_nmrstar/bmse000605/bmse000605.str,no_1H_data_found,0,,,methyl-4-coumarate,,,
bmse000606,/Users/alfred/Documents/GitHub/DDLS_project/code/get_bmrb_data/bmrb_nmrstar/bmse000606/bmse000606.str,no_1H_data_found,0,,,sinapaldehyde,,,
bmse000607,/Users/alfred/Documents/GitHub/DDLS_project/code/get_bmrb_data/bmrb_nmrstar/bmse000607/bmse000607.str,no_1H_data_found,0,,,syringic-acid,,,
bmse000608,/Users/alfred/Documents/GitHub/DDLS_project/code/get_bmrb_data/bmrb_nmrstar/bmse000608/bmse000608.str,no_1H_data_found,0,,,coniferin,,,
bmse000609,/Users/alfred/Documents/GitHub/DDLS_project/code/get_bmrb_data/bmrb_nmrstar/bmse000609/bmse000609.str,no_1H_data_found,0,,,methyl-ferulate,,,
bmse000610,/Users/alfred/Documents/GitHub/DDLS_project/code/get_bmrb_data/bmrb_nmrstar/bmse000610/bmse000610.str,no_1H_data_found,0,,,n-acetylglycine,,,
bmse000611,/Users/alfred/Documents/GitHub/DDLS_project/code/get_bmrb_data/bmrb_nmrstar/bmse000611/bmse000611.str,no_1H_data_found,0,,,p-coumaraldehyde,,,
bmse000612,/Users/alfred/Documents/GitHub/DDLS_project/code/get_bmrb_data/bmrb_nmrstar/bmse000612/bmse000612.str,no_1H_data_found,0,,,sinapyl-alcohol,,,
bmse000613,/Users/alfred/Documents/GitHub/DDLS_project/code/get_bmrb_data/bmrb_nmrstar/bmse000613/bmse000613.str,no_1H_data_found,0,,,syringin,,,
bmse000614,/Users/alfred/Documents/GitHub/DDLS_project/code/get_bmrb_data/bmrb_nmrstar/bmse000614/bmse000614.str,no_1H_data_found,0,,,vanillic-acid,,,
bmse000615,/Users/alfred/Documents/GitHub/DDLS_project/code/get_bmrb_data/bmrb_nmrstar/bmse000615/bmse000615.str,no_1H_data_found,0,,,2-furoylglycine,,,
bmse000616,/Users/alfred/Documents/GitHub/DDLS_project/code/get_bmrb_data/bmrb_nmrstar/bmse000616/bmse000616.str,no_1H_data_found,0,,,2-octenoic acid,,,
bmse000617,/Users/alfred/Documents/GitHub/DDLS_project/code/get_bmrb_data/bmrb_nmrstar/bmse000617/bmse000617.str,no_1H_data_found,0,,,2-phenylbutyric acid,,,
bmse000618,/Users/alfred/Documents/GitHub/DDLS_project/code/get_bmrb_data/bmrb_nmrstar/bmse000618/bmse000618.str,no_1H_data_found,0,,,3-hydroxy-4-methoxycinnamic acid,,,
bmse000619,/Users/alfred/Documents/GitHub/DDLS_project/code/get_bmrb_data/bmrb_nmrstar/bmse000619/bmse000619.str,no_1H_data_found,0,,,3-methyladipic acid,,,
bmse000620,/Users/alfred/Documents/GitHub/DDLS_project/code/get_bmrb_data/bmrb_nmrstar/bmse000620/bmse000620.str,no_1H_data_found,0,,,3-methylsalicylic acid,,,
bmse000621,/Users/alfred/Documents/GitHub/DDLS_project/code/get_bmrb_data/bmrb_nmrstar/bmse000621/bmse000621.str,no_1H_data_found,0,,,3-pyridine aldoxime,,,
bmse000622,/Users/alfred/Documents/GitHub/DDLS_project/code/get_bmrb_data/bmrb_nmrstar/bmse000622/bmse000622.str,no_1H_data_found,0,,,3-pyridinecarbonitrile,,,
bmse000623,/Users/alfred/Documents/GitHub/DDLS_project/code/get_bmrb_data/bmrb_nmrstar/bmse000623/bmse000623.str,no_1H_data_found,0,,,4-hydroxybenzyl alcohol,,,
bmse000624,/Users/alfred/Documents/GitHub/DDLS_project/code/get_bmrb_data/bmrb_nmrstar/bmse000624/bmse000624.str,no_1H_data_found,0,,,4-methylsalicylic acid,,,
bmse000625,/Users/alfred/Documents/GitHub/DDLS_project/code/get_bmrb_data/bmrb_nmrstar/bmse000625/bmse000625.str,no_1H_data_found,0,,,4-methylvaleric acid,,,
bmse000626,/Users/alfred/Documents/GitHub/DDLS_project/code/get_bmrb_data/bmrb_nmrstar/bmse000626/bmse000626.str,no_1H_data_found,0,,,5_methoxytryptamine,,,
bmse000627,/Users/alfred/Documents/GitHub/DDLS_project/code/get_bmrb_data/bmrb_nmrstar/bmse000627/bmse000627.str,no_1H_data_found,0,,,bilirubin,,,
bmse000628,/Users/alfred/Documents/GitHub/DDLS_project/code/get_bmrb_data/bmrb_nmrstar/bmse000628/bmse000628.str,no_1H_data_found,0,,,cis-fenpropimorph,,,
bmse000629,/Users/alfred/Documents/GitHub/DDLS_project/code/get_bmrb_data/bmrb_nmrstar/bmse000629/bmse000629.str,no_1H_data_found,0,,,L-4-hydroxyphenylglycine,,,
bmse000630,/Users/alfred/Documents/GitHub/DDLS_project/code/get_bmrb_data/bmrb_nmrstar/bmse000630/bmse000630.str,no_1H_data_found,0,,,N-cyclohexylformamide,,,
bmse000631,/Users/alfred/Documents/GitHub/DDLS_project/code/get_bmrb_data/bmrb_nmrstar/bmse000631/bmse000631.str,no_1H_data_found,0,,,O-phospho-DL-threonine,,,
bmse000632,/Users/alfred/Documents/GitHub/DDLS_project/code/get_bmrb_data/bmrb_nmrstar/bmse000632/bmse000632.str,no_1H_data_found,0,,,sulfoacetic acid,,,
bmse000634,/Users/alfred/Documents/GitHub/DDLS_project/code/get_bmrb_data/bmrb_nmrstar/bmse000634/bmse000634.str,no_1H_data_found,0,,,"4,4-DDT",,,
bmse000635,/Users/alfred/Documents/GitHub/DDLS_project/code/get_bmrb_data/bmrb_nmrstar/bmse000635/bmse000635.str,no_1H_data_found,0,,,4-chlorophenoxyacetic acid,,,
bmse000636,/Users/alfred/Documents/GitHub/DDLS_project/code/get_bmrb_data/bmrb_nmrstar/bmse000636/bmse000636.str,no_1H_data_found,0,,,phenylacetylglycine,,,
bmse000637,/Users/alfred/Documents/GitHub/DDLS_project/code/get_bmrb_data/bmrb_nmrstar/bmse000637/bmse000637.str,no_1H_data_found,0,,,phosphonoacetic acid,,,
bmse000638,/Users/alfred/Documents/GitHub/DDLS_project/code/get_bmrb_data/bmrb_nmrstar/bmse000638/bmse000638.str,no_1H_data_found,0,,,(S)-(-)-perillaldehyde,,,
bmse000639,/Users/alfred/Documents/GitHub/DDLS_project/code/get_bmrb_data/bmrb_nmrstar/bmse000639/bmse000639.str,no_1H_data_found,0,,,1-methylnicotinamide,,,
bmse000640,/Users/alfred/Documents/GitHub/DDLS_project/code/get_bmrb_data/bmrb_nmrstar/bmse000640/bmse000640.str,no_1H_data_found,0,,,"2,4,5-trichlorophenoxyacetic acid",,,
bmse000641,/Users/alfred/Documents/GitHub/DDLS_project/code/get_bmrb_data/bmrb_nmrstar/bmse000641/bmse000641.str,no_1H_data_found,0,,,3-ureidopropionic acid,,,
bmse000642,/Users/alfred/Documents/GitHub/DDLS_project/code/get_bmrb_data/bmrb_nmrstar/bmse000642/bmse000642.str,no_1H_data_found,0,,,beta-Estradiol,,,
bmse000643,/Users/alfred/Documents/GitHub/DDLS_project/code/get_bmrb_data/bmrb_nmrstar/bmse000643/bmse000643.str,no_1H_data_found,0,,,elaidic acid,,,
bmse000644,/Users/alfred/Documents/GitHub/DDLS_project/code/get_bmrb_data/bmrb_nmrstar/bmse000644/bmse000644.str,no_1H_data_found,0,,,glycodesoxycholic acid,,,
bmse000645,/Users/alfred/Documents/GitHub/DDLS_project/code/get_bmrb_data/bmrb_nmrstar/bmse000645/bmse000645.str,no_1H_data_found,0,,,indole-3-carboxaldehyde,,,
bmse000646,/Users/alfred/Documents/GitHub/DDLS_project/code/get_bmrb_data/bmrb_nmrstar/bmse000646/bmse000646.str,no_1H_data_found,0,,,indole-3-pyruvic acid,,,
bmse000647,/Users/alfred/Documents/GitHub/DDLS_project/code/get_bmrb_data/bmrb_nmrstar/bmse000647/bmse000647.str,no_1H_data_found,0,,,metaldehyde,,,
bmse000648,/Users/alfred/Documents/GitHub/DDLS_project/code/get_bmrb_data/bmrb_nmrstar/bmse000648/bmse000648.str,no_1H_data_found,0,,,rosmarinic acid,,,
bmse000649,/Users/alfred/Documents/GitHub/DDLS_project/code/get_bmrb_data/bmrb_nmrstar/bmse000649/bmse000649.str,no_1H_data_found,0,,,atropine,,,
bmse000650,/Users/alfred/Documents/GitHub/DDLS_project/code/get_bmrb_data/bmrb_nmrstar/bmse000650/bmse000650.str,no_1H_data_found,0,,,cholic acid,,,
bmse000651,/Users/alfred/Documents/GitHub/DDLS_project/code/get_bmrb_data/bmrb_nmrstar/bmse000651/bmse000651.str,no_1H_data_found,0,,,glycocholic acid,,,
bmse000652,/Users/alfred/Documents/GitHub/DDLS_project/code/get_bmrb_data/bmrb_nmrstar/bmse000652/bmse000652.str,no_1H_data_found,0,,,lactulose,,,
bmse000653,/Users/alfred/Documents/GitHub/DDLS_project/code/get_bmrb_data/bmrb_nmrstar/bmse000653/bmse000653.str,no_1H_data_found,0,,,"O,O-diethyl thiophosphate",,,
bmse000654,/Users/alfred/Documents/GitHub/DDLS_project/code/get_bmrb_data/bmrb_nmrstar/bmse000654/bmse000654.str,no_1H_data_found,0,,,2-methylglutaric acid,,,
bmse000655,/Users/alfred/Documents/GitHub/DDLS_project/code/get_bmrb_data/bmrb_nmrstar/bmse000655/bmse000655.str,no_1H_data_found,0,,,"cis-1,2-dihydronaphthalene-1,2-diol",,,
bmse000656,/Users/alfred/Documents/GitHub/DDLS_project/code/get_bmrb_data/bmrb_nmrstar/bmse000656/bmse000656.str,no_1H_data_found,0,,,cyanamide,,,
bmse000657,/Users/alfred/Documents/GitHub/DDLS_project/code/get_bmrb_data/bmrb_nmrstar/bmse000657/bmse000657.str,no_1H_data_found,0,,,N-cyclohexylsulfamic acid,,,
bmse000658,/Users/alfred/Documents/GitHub/DDLS_project/code/get_bmrb_data/bmrb_nmrstar/bmse000658/bmse000658.str,no_1H_data_found,0,,,phenylacetylglycine,,,
bmse000659,/Users/alfred/Documents/GitHub/DDLS_project/code/get_bmrb_data/bmrb_nmrstar/bmse000659/bmse000659.str,no_1H_data_found,0,,,2-phenylethanol,,,
bmse000660,/Users/alfred/Documents/GitHub/DDLS_project/code/get_bmrb_data/bmrb_nmrstar/bmse000660/bmse000660.str,no_1H_data_found,0,,,phosphonoacetic acid,,,
bmse000661,/Users/alfred/Documents/GitHub/DDLS_project/code/get_bmrb_data/bmrb_nmrstar/bmse000661/bmse000661.str,no_1H_data_found,0,,,"2,5-dichlorohydroquinone",,,
bmse000662,/Users/alfred/Documents/GitHub/DDLS_project/code/get_bmrb_data/bmrb_nmrstar/bmse000662/bmse000662.str,no_1H_data_found,0,,,4-isopropylbenzoic acid,,,
bmse000663,/Users/alfred/Documents/GitHub/DDLS_project/code/get_bmrb_data/bmrb_nmrstar/bmse000663/bmse000663.str,no_1H_data_found,0,,,cortisone,,,
bmse000664,/Users/alfred/Documents/GitHub/DDLS_project/code/get_bmrb_data/bmrb_nmrstar/bmse000664/bmse000664.str,no_1H_data_found,0,,,erythromycin,,,
bmse000665,/Users/alfred/Documents/GitHub/DDLS_project/code/get_bmrb_data/bmrb_nmrstar/bmse000665/bmse000665.str,no_1H_data_found,0,,,trans_dehydroandrosterone,,,
bmse000666,/Users/alfred/Documents/GitHub/DDLS_project/code/get_bmrb_data/bmrb_nmrstar/bmse000666/bmse000666.str,no_1H_data_found,0,,,carbazole,,,
bmse000667,/Users/alfred/Documents/GitHub/DDLS_project/code/get_bmrb_data/bmrb_nmrstar/bmse000667/bmse000667.str,no_1H_data_found,0,,,alpha_terpineol,,,
bmse000668,/Users/alfred/Documents/GitHub/DDLS_project/code/get_bmrb_data/bmrb_nmrstar/bmse000668/bmse000668.str,no_1H_data_found,0,,,benzamide,,,
bmse000669,/Users/alfred/Documents/GitHub/DDLS_project/code/get_bmrb_data/bmrb_nmrstar/bmse000669/bmse000669.str,no_1H_data_found,0,,,corticosterone,,,
bmse000670,/Users/alfred/Documents/GitHub/DDLS_project/code/get_bmrb_data/bmrb_nmrstar/bmse000670/bmse000670.str,no_1H_data_found,0,,,p-hydroxyacetophenone,,,
bmse000671,/Users/alfred/Documents/GitHub/DDLS_project/code/get_bmrb_data/bmrb_nmrstar/bmse000671/bmse000671.str,no_1H_data_found,0,,,2_2_bis(4_chlorophenyl)ethanol,,,
bmse000672,/Users/alfred/Documents/GitHub/DDLS_project/code/get_bmrb_data/bmrb_nmrstar/bmse000672/bmse000672.str,no_1H_data_found,0,,,2_4_dichlorobenzoic_acid,,,
bmse000673,/Users/alfred/Documents/GitHub/DDLS_project/code/get_bmrb_data/bmrb_nmrstar/bmse000673/bmse000673.str,no_1H_data_found,0,,,2_5_dichlorophenol,,,
bmse000674,/Users/alfred/Documents/GitHub/DDLS_project/code/get_bmrb_data/bmrb_nmrstar/bmse000674/bmse000674.str,no_1H_data_found,0,,,2_6_dichlorophenol,,,
bmse000675,/Users/alfred/Documents/GitHub/DDLS_project/code/get_bmrb_data/bmrb_nmrstar/bmse000675/bmse000675.str,no_1H_data_found,0,,,hydrocinnamic_acid,,,
bmse000676,/Users/alfred/Documents/GitHub/DDLS_project/code/get_bmrb_data/bmrb_nmrstar/bmse000676/bmse000676.str,no_1H_data_found,0,,,nitrobenzene,,,
bmse000677,/Users/alfred/Documents/GitHub/DDLS_project/code/get_bmrb_data/bmrb_nmrstar/bmse000677/bmse000677.str,no_1H_data_found,0,,,salicylaldehyde,,,
bmse000678,/Users/alfred/Documents/GitHub/DDLS_project/code/get_bmrb_data/bmrb_nmrstar/bmse000678/bmse000678.str,no_1H_data_found,0,,,"2,4,6-trichlorophenol",,,
bmse000679,/Users/alfred/Documents/GitHub/DDLS_project/code/get_bmrb_data/bmrb_nmrstar/bmse000679/bmse000679.str,no_1H_data_found,0,,,2-naphthaldehyde,,,
bmse000680,/Users/alfred/Documents/GitHub/DDLS_project/code/get_bmrb_data/bmrb_nmrstar/bmse000680/bmse000680.str,no_1H_data_found,0,,,"3,4-dihydroxyhydrocinnamate",,,
bmse000681,/Users/alfred/Documents/GitHub/DDLS_project/code/get_bmrb_data/bmrb_nmrstar/bmse000681/bmse000681.str,no_1H_data_found,0,,,4-ethylphenol,,,
bmse000682,/Users/alfred/Documents/GitHub/DDLS_project/code/get_bmrb_data/bmrb_nmrstar/bmse000682/bmse000682.str,no_1H_data_found,0,,,homoveratric acid,,,
bmse000683,/Users/alfred/Documents/GitHub/DDLS_project/code/get_bmrb_data/bmrb_nmrstar/bmse000683/bmse000683.str,no_1H_data_found,0,,,2-naphthalenemethanol,,,
bmse000684,/Users/alfred/Documents/GitHub/DDLS_project/code/get_bmrb_data/bmrb_nmrstar/bmse000684/bmse000684.str,no_1H_data_found,0,,,"DL-3,4-dihydroxymandelic acid",,,
bmse000685,/Users/alfred/Documents/GitHub/DDLS_project/code/get_bmrb_data/bmrb_nmrstar/bmse000685/bmse000685.str,no_1H_data_found,0,,,indole-3-pyruvic acid,,,
bmse000686,/Users/alfred/Documents/GitHub/DDLS_project/code/get_bmrb_data/bmrb_nmrstar/bmse000686/bmse000686.str,no_1H_data_found,0,,,lithocholic acid,,,
bmse000687,/Users/alfred/Documents/GitHub/DDLS_project/code/get_bmrb_data/bmrb_nmrstar/bmse000687/bmse000687.str,no_1H_data_found,0,,,N-(3-indolylacetyl)-L-alanine,,,
bmse000688,/Users/alfred/Documents/GitHub/DDLS_project/code/get_bmrb_data/bmrb_nmrstar/bmse000688/bmse000688.str,no_1H_data_found,0,,,"1,4-dihydroxy-2-naphthanoic acid",,,
bmse000689,/Users/alfred/Documents/GitHub/DDLS_project/code/get_bmrb_data/bmrb_nmrstar/bmse000689/bmse000689.str,no_1H_data_found,0,,,1-hydroxy-2-naphthoic acid,,,
bmse000690,/Users/alfred/Documents/GitHub/DDLS_project/code/get_bmrb_data/bmrb_nmrstar/bmse000690/bmse000690.str,no_1H_data_found,0,,,1_naphthalenemethanol,,,
bmse000691,/Users/alfred/Documents/GitHub/DDLS_project/code/get_bmrb_data/bmrb_nmrstar/bmse000691/bmse000691.str,no_1H_data_found,0,,,"2,4-dichlorophenol",,,
bmse000692,/Users/alfred/Documents/GitHub/DDLS_project/code/get_bmrb_data/bmrb_nmrstar/bmse000692/bmse000692.str,no_1H_data_found,0,,,2-amino-3-methoxybenzoic acid,,,
bmse000693,/Users/alfred/Documents/GitHub/DDLS_project/code/get_bmrb_data/bmrb_nmrstar/bmse000693/bmse000693.str,no_1H_data_found,0,,,2-naphthoic acid,,,
bmse000694,/Users/alfred/Documents/GitHub/DDLS_project/code/get_bmrb_data/bmrb_nmrstar/bmse000694/bmse000694.str,no_1H_data_found,0,,,5-methoxy-3-indoleacetic acid,,,
bmse000695,/Users/alfred/Documents/GitHub/DDLS_project/code/get_bmrb_data/bmrb_nmrstar/bmse000695/bmse000695.str,no_1H_data_found,0,,,benzylsuccinic acid,,,
bmse000696,/Users/alfred/Documents/GitHub/DDLS_project/code/get_bmrb_data/bmrb_nmrstar/bmse000696/bmse000696.str,no_1H_data_found,0,,,indole-3-acetamide,,,
bmse000697,/Users/alfred/Documents/GitHub/DDLS_project/code/get_bmrb_data/bmrb_nmrstar/bmse000697/bmse000697.str,no_1H_data_found,0,,,pentachlorophenol,,,
bmse000698,/Users/alfred/Documents/GitHub/DDLS_project/code/get_bmrb_data/bmrb_nmrstar/bmse000698/bmse000698.str,no_1H_data_found,0,,,(S)-(-)-perillic acid,,,
bmse000699,/Users/alfred/Documents/GitHub/DDLS_project/code/get_bmrb_data/bmrb_nmrstar/bmse000699/bmse000699.str,no_1H_data_found,0,,,thiamine monophosphate,,,
bmse000700,/Users/alfred/Documents/GitHub/DDLS_project/code/get_bmrb_data/bmrb_nmrstar/bmse000700/bmse000700.str,no_1H_data_found,0,,,16-hydroxyhexadecanoic acid,,,
bmse000701,/Users/alfred/Documents/GitHub/DDLS_project/code/get_bmrb_data/bmrb_nmrstar/bmse000701/bmse000701.str,no_1H_data_found,0,,,4-phenylbutyric acid,,,
bmse000702,/Users/alfred/Documents/GitHub/DDLS_project/code/get_bmrb_data/bmrb_nmrstar/bmse000702/bmse000702.str,no_1H_data_found,0,,,hyodeoxycholic acid,,,
bmse000703,/Users/alfred/Documents/GitHub/DDLS_project/code/get_bmrb_data/bmrb_nmrstar/bmse000703/bmse000703.str,no_1H_data_found,0,,,4-hydroxy-3-methoxymandelic acid,,,
bmse000704,/Users/alfred/Documents/GitHub/DDLS_project/code/get_bmrb_data/bmrb_nmrstar/bmse000704/bmse000704.str,no_1H_data_found,0,,,chalcone,,,
bmse000705,/Users/alfred/Documents/GitHub/DDLS_project/code/get_bmrb_data/bmrb_nmrstar/bmse000705/bmse000705.str,no_1H_data_found,0,,,cis-aconitic acid,,,
bmse000706,/Users/alfred/Documents/GitHub/DDLS_project/code/get_bmrb_data/bmrb_nmrstar/bmse000706/bmse000706.str,no_1H_data_found,0,,,L-cysteinesulfinic acid,,,
bmse000707,/Users/alfred/Documents/GitHub/DDLS_project/code/get_bmrb_data/bmrb_nmrstar/bmse000707/bmse000707.str,no_1H_data_found,0,,,N-acetyl-histidine,,,
bmse000708,/Users/alfred/Documents/GitHub/DDLS_project/code/get_bmrb_data/bmrb_nmrstar/bmse000708/bmse000708.str,no_1H_data_found,0,,,nicotinuric acid,,,
bmse000709,/Users/alfred/Documents/GitHub/DDLS_project/code/get_bmrb_data/bmrb_nmrstar/bmse000709/bmse000709.str,no_1H_data_found,0,,,"N,N-dimethylformamide",,,
bmse000710,/Users/alfred/Documents/GitHub/DDLS_project/code/get_bmrb_data/bmrb_nmrstar/bmse000710/bmse000710.str,no_1H_data_found,0,,,O-acetyl-L-serine,,,
bmse000711,/Users/alfred/Documents/GitHub/DDLS_project/code/get_bmrb_data/bmrb_nmrstar/bmse000711/bmse000711.str,no_1H_data_found,0,,,L-Arginine,,,
bmse000712,/Users/alfred/Documents/GitHub/DDLS_project/code/get_bmrb_data/bmrb_nmrstar/bmse000712/bmse000712.str,no_1H_data_found,0,,,"2,3-dideoxycytidine",,,
bmse000713,/Users/alfred/Documents/GitHub/DDLS_project/code/get_bmrb_data/bmrb_nmrstar/bmse000713/bmse000713.str,no_1H_data_found,0,,,2-amino-3-phosphonopropionic acid,,,
bmse000714,/Users/alfred/Documents/GitHub/DDLS_project/code/get_bmrb_data/bmrb_nmrstar/bmse000714/bmse000714.str,no_1H_data_found,0,,,2-ethylpiperidine,,,
bmse000715,/Users/alfred/Documents/GitHub/DDLS_project/code/get_bmrb_data/bmrb_nmrstar/bmse000715/bmse000715.str,no_1H_data_found,0,,,2-hydroxyphenylacetic acid,,,
bmse000716,/Users/alfred/Documents/GitHub/DDLS_project/code/get_bmrb_data/bmrb_nmrstar/bmse000716/bmse000716.str,no_1H_data_found,0,,,8-anilino-1-naphthalenesulfonic acid,,,
bmse000717,/Users/alfred/Documents/GitHub/DDLS_project/code/get_bmrb_data/bmrb_nmrstar/bmse000717/bmse000717.str,no_1H_data_found,0,,,cetyl-trimethyl-ammonium,,,
bmse000718,/Users/alfred/Documents/GitHub/DDLS_project/code/get_bmrb_data/bmrb_nmrstar/bmse000718/bmse000718.str,no_1H_data_found,0,,,"cis-1,3-dichloropropene",,,
bmse000719,/Users/alfred/Documents/GitHub/DDLS_project/code/get_bmrb_data/bmrb_nmrstar/bmse000719/bmse000719.str,no_1H_data_found,0,,,decamethonium,,,
bmse000720,/Users/alfred/Documents/GitHub/DDLS_project/code/get_bmrb_data/bmrb_nmrstar/bmse000720/bmse000720.str,no_1H_data_found,0,,,dioctyl sulfosuccinate,,,
bmse000721,/Users/alfred/Documents/GitHub/DDLS_project/code/get_bmrb_data/bmrb_nmrstar/bmse000721/bmse000721.str,no_1H_data_found,0,,,diphenylacetic acid,,,
bmse000722,/Users/alfred/Documents/GitHub/DDLS_project/code/get_bmrb_data/bmrb_nmrstar/bmse000722/bmse000722.str,no_1H_data_found,0,,,epichlorohydrin,,,
bmse000723,/Users/alfred/Documents/GitHub/DDLS_project/code/get_bmrb_data/bmrb_nmrstar/bmse000723/bmse000723.str,no_1H_data_found,0,,,N-(2-furoyl)glycine methyl ester,,,
bmse000724,/Users/alfred/Documents/GitHub/DDLS_project/code/get_bmrb_data/bmrb_nmrstar/bmse000724/bmse000724.str,no_1H_data_found,0,,,o-fluoroaniline,,,
bmse000725,/Users/alfred/Documents/GitHub/DDLS_project/code/get_bmrb_data/bmrb_nmrstar/bmse000725/bmse000725.str,no_1H_data_found,0,,,sec-butylbenzene,,,
bmse000726,/Users/alfred/Documents/GitHub/DDLS_project/code/get_bmrb_data/bmrb_nmrstar/bmse000726/bmse000726.str,no_1H_data_found,0,,,sulfanilic acid,,,
bmse000727,/Users/alfred/Documents/GitHub/DDLS_project/code/get_bmrb_data/bmrb_nmrstar/bmse000727/bmse000727.str,no_1H_data_found,0,,,"trans-2,3-dimethylacrylic acid",,,
bmse000728,/Users/alfred/Documents/GitHub/DDLS_project/code/get_bmrb_data/bmrb_nmrstar/bmse000728/bmse000728.str,no_1H_data_found,0,,,1-amino-1-cyclohexanecarboxylic acid,,,
bmse000729,/Users/alfred/Documents/GitHub/DDLS_project/code/get_bmrb_data/bmrb_nmrstar/bmse000729/bmse000729.str,no_1H_data_found,0,,,"2,3-difluorobenzyl alcohol",,,
bmse000730,/Users/alfred/Documents/GitHub/DDLS_project/code/get_bmrb_data/bmrb_nmrstar/bmse000730/bmse000730.str,no_1H_data_found,0,,,"2,2-dimethylsuccinic acid",,,
bmse000731,/Users/alfred/Documents/GitHub/DDLS_project/code/get_bmrb_data/bmrb_nmrstar/bmse000731/bmse000731.str,no_1H_data_found,0,,,3-deazauridine,,,
bmse000732,/Users/alfred/Documents/GitHub/DDLS_project/code/get_bmrb_data/bmrb_nmrstar/bmse000732/bmse000732.str,no_1H_data_found,0,,,6-ethylmercaptopurine,,,
bmse000733,/Users/alfred/Documents/GitHub/DDLS_project/code/get_bmrb_data/bmrb_nmrstar/bmse000733/bmse000733.str,no_1H_data_found,0,,,apocholic acid,,,
bmse000734,/Users/alfred/Documents/GitHub/DDLS_project/code/get_bmrb_data/bmrb_nmrstar/bmse000734/bmse000734.str,no_1H_data_found,0,,,bis(2-butoxyethyl)phthalate,,,
bmse000735,/Users/alfred/Documents/GitHub/DDLS_project/code/get_bmrb_data/bmrb_nmrstar/bmse000735/bmse000735.str,no_1H_data_found,0,,,digoxigenin,,,
bmse000736,/Users/alfred/Documents/GitHub/DDLS_project/code/get_bmrb_data/bmrb_nmrstar/bmse000736/bmse000736.str,no_1H_data_found,0,,,3-methylphenylacetate,,,
bmse000737,/Users/alfred/Documents/GitHub/DDLS_project/code/get_bmrb_data/bmrb_nmrstar/bmse000737/bmse000737.str,no_1H_data_found,0,,,myristic acid,,,
bmse000738,/Users/alfred/Documents/GitHub/DDLS_project/code/get_bmrb_data/bmrb_nmrstar/bmse000738/bmse000738.str,no_1H_data_found,0,,,N-methylurea,,,
bmse000739,/Users/alfred/Documents/GitHub/DDLS_project/code/get_bmrb_data/bmrb_nmrstar/bmse000739/bmse000739.str,no_1H_data_found,0,,,p-fluorobenzoic acid,,,
bmse000740,/Users/alfred/Documents/GitHub/DDLS_project/code/get_bmrb_data/bmrb_nmrstar/bmse000740/bmse000740.str,no_1H_data_found,0,,,D-pinitol,,,
bmse000741,/Users/alfred/Documents/GitHub/DDLS_project/code/get_bmrb_data/bmrb_nmrstar/bmse000741/bmse000741.str,no_1H_data_found,0,,,N-methyl-L-aspartic acid,,,
bmse000742,/Users/alfred/Documents/GitHub/DDLS_project/code/get_bmrb_data/bmrb_nmrstar/bmse000742/bmse000742.str,no_1H_data_found,0,,,phenoxyacetic acid,,,
bmse000743,/Users/alfred/Documents/GitHub/DDLS_project/code/get_bmrb_data/bmrb_nmrstar/bmse000743/bmse000743.str,no_1H_data_found,0,,,phenylglyoxylic acid,,,
bmse000744,/Users/alfred/Documents/GitHub/DDLS_project/code/get_bmrb_data/bmrb_nmrstar/bmse000744/bmse000744.str,no_1H_data_found,0,,,Histamine,,,
bmse000745,/Users/alfred/Documents/GitHub/DDLS_project/code/get_bmrb_data/bmrb_nmrstar/bmse000745/bmse000745.str,no_1H_data_found,0,,,Homoarginine,,,
bmse000746,/Users/alfred/Documents/GitHub/DDLS_project/code/get_bmrb_data/bmrb_nmrstar/bmse000746/bmse000746.str,no_1H_data_found,0,,,Mesaconic acid,,,
bmse000747,/Users/alfred/Documents/GitHub/DDLS_project/code/get_bmrb_data/bmrb_nmrstar/bmse000747/bmse000747.str,no_1H_data_found,0,,,Metrizamide,,,
bmse000748,/Users/alfred/Documents/GitHub/DDLS_project/code/get_bmrb_data/bmrb_nmrstar/bmse000748/bmse000748.str,no_1H_data_found,0,,,Parabanic acid,,,
bmse000749,/Users/alfred/Documents/GitHub/DDLS_project/code/get_bmrb_data/bmrb_nmrstar/bmse000749/bmse000749.str,no_1H_data_found,0,,,21-Hydroxypregnenolone,,,
bmse000750,/Users/alfred/Documents/GitHub/DDLS_project/code/get_bmrb_data/bmrb_nmrstar/bmse000750/bmse000750.str,no_1H_data_found,0,,,2-Hydroxyethyl salicylate,,,
bmse000751,/Users/alfred/Documents/GitHub/DDLS_project/code/get_bmrb_data/bmrb_nmrstar/bmse000751/bmse000751.str,no_1H_data_found,0,,,khellin,,,
bmse000752,/Users/alfred/Documents/GitHub/DDLS_project/code/get_bmrb_data/bmrb_nmrstar/bmse000752/bmse000752.str,no_1H_data_found,0,,,Phenylmethanesulfonyl fluoride,,,
bmse000753,/Users/alfred/Documents/GitHub/DDLS_project/code/get_bmrb_data/bmrb_nmrstar/bmse000753/bmse000753.str,no_1H_data_found,0,,,Polyoxyethylene 23 lauryl ether,,,
bmse000754,/Users/alfred/Documents/GitHub/DDLS_project/code/get_bmrb_data/bmrb_nmrstar/bmse000754/bmse000754.str,no_1H_data_found,0,,,Precocene 1,,,
bmse000755,/Users/alfred/Documents/GitHub/DDLS_project/code/get_bmrb_data/bmrb_nmrstar/bmse000755/bmse000755.str,no_1H_data_found,0,,,Procyclidine,,,
bmse000756,/Users/alfred/Documents/GitHub/DDLS_project/code/get_bmrb_data/bmrb_nmrstar/bmse000756/bmse000756.str,no_1H_data_found,0,,,3-Nitrofluoranthene,,,
bmse000757,/Users/alfred/Documents/GitHub/DDLS_project/code/get_bmrb_data/bmrb_nmrstar/bmse000757/bmse000757.str,no_1H_data_found,0,,,serotonin,,,
bmse000758,/Users/alfred/Documents/GitHub/DDLS_project/code/get_bmrb_data/bmrb_nmrstar/bmse000758/bmse000758.str,no_1H_data_found,0,,,5-Methoxypsoralen,,,
bmse000759,/Users/alfred/Documents/GitHub/DDLS_project/code/get_bmrb_data/bmrb_nmrstar/bmse000759/bmse000759.str,no_1H_data_found,0,,,5-methyluridine,,,
bmse000760,/Users/alfred/Documents/GitHub/DDLS_project/code/get_bmrb_data/bmrb_nmrstar/bmse000760/bmse000760.str,no_1H_data_found,0,,,Homoarginine,,,
bmse000761,/Users/alfred/Documents/GitHub/DDLS_project/code/get_bmrb_data/bmrb_nmrstar/bmse000761/bmse000761.str,no_1H_data_found,0,,,Mesaconic acid,,,
bmse000762,/Users/alfred/Documents/GitHub/DDLS_project/code/get_bmrb_data/bmrb_nmrstar/bmse000762/bmse000762.str,no_1H_data_found,0,,,neostigmine,,,
bmse000763,/Users/alfred/Documents/GitHub/DDLS_project/code/get_bmrb_data/bmrb_nmrstar/bmse000763/bmse000763.str,no_1H_data_found,0,,,nonactin,,,
bmse000764,/Users/alfred/Documents/GitHub/DDLS_project/code/get_bmrb_data/bmrb_nmrstar/bmse000764/bmse000764.str,no_1H_data_found,0,,,Nonadecane,,,
bmse000765,/Users/alfred/Documents/GitHub/DDLS_project/code/get_bmrb_data/bmrb_nmrstar/bmse000765/bmse000765.str,no_1H_data_found,0,,,octamethylcyclotetrasiloxane,,,
bmse000766,/Users/alfred/Documents/GitHub/DDLS_project/code/get_bmrb_data/bmrb_nmrstar/bmse000766/bmse000766.str,no_1H_data_found,0,,,orthanilic acid,,,
bmse000767,/Users/alfred/Documents/GitHub/DDLS_project/code/get_bmrb_data/bmrb_nmrstar/bmse000767/bmse000767.str,no_1H_data_found,0,,,Propiolic acid,,,
bmse000768,/Users/alfred/Documents/GitHub/DDLS_project/code/get_bmrb_data/bmrb_nmrstar/bmse000768/bmse000768.str,no_1H_data_found,0,,,saligenin,,,
bmse000769,/Users/alfred/Documents/GitHub/DDLS_project/code/get_bmrb_data/bmrb_nmrstar/bmse000769/bmse000769.str,no_1H_data_found,0,,,alpha-Lipoamide,,,
bmse000770,/Users/alfred/Documents/GitHub/DDLS_project/code/get_bmrb_data/bmrb_nmrstar/bmse000770/bmse000770.str,no_1H_data_found,0,,,Phenyl beta-D-glucoside,,,
bmse000771,/Users/alfred/Documents/GitHub/DDLS_project/code/get_bmrb_data/bmrb_nmrstar/bmse000771/bmse000771.str,no_1H_data_found,0,,,Pyromellitic acid,,,
bmse000772,/Users/alfred/Documents/GitHub/DDLS_project/code/get_bmrb_data/bmrb_nmrstar/bmse000772/bmse000772.str,no_1H_data_found,0,,,Salicylhydroxamic Acid,,,
bmse000773,/Users/alfred/Documents/GitHub/DDLS_project/code/get_bmrb_data/bmrb_nmrstar/bmse000773/bmse000773.str,no_1H_data_found,0,,,triethylenetetramine,,,
bmse000774,/Users/alfred/Documents/GitHub/DDLS_project/code/get_bmrb_data/bmrb_nmrstar/bmse000774/bmse000774.str,no_1H_data_found,0,,,Trimethyl Phosphate,,,
bmse000775,/Users/alfred/Documents/GitHub/DDLS_project/code/get_bmrb_data/bmrb_nmrstar/bmse000775/bmse000775.str,no_1H_data_found,0,,,3-Methoxybenzamide,,,
bmse000776,/Users/alfred/Documents/GitHub/DDLS_project/code/get_bmrb_data/bmrb_nmrstar/bmse000776/bmse000776.str,no_1H_data_found,0,,,L-Anserine,,,
bmse000777,/Users/alfred/Documents/GitHub/DDLS_project/code/get_bmrb_data/bmrb_nmrstar/bmse000777/bmse000777.str,no_1H_data_found,0,,,Tributyl Phosphate,,,
bmse000778,/Users/alfred/Documents/GitHub/DDLS_project/code/get_bmrb_data/bmrb_nmrstar/bmse000778/bmse000778.str,no_1H_data_found,0,,,gamma-terpinene,,,
bmse000779,/Users/alfred/Documents/GitHub/DDLS_project/code/get_bmrb_data/bmrb_nmrstar/bmse000779/bmse000779.str,no_1H_data_found,0,,,Metoclopramide,,,
bmse000780,/Users/alfred/Documents/GitHub/DDLS_project/code/get_bmrb_data/bmrb_nmrstar/bmse000780/bmse000780.str,no_1H_data_found,0,,,Tetramethylammonium,,,
bmse000781,/Users/alfred/Documents/GitHub/DDLS_project/code/get_bmrb_data/bmrb_nmrstar/bmse000781/bmse000781.str,no_1H_data_found,0,,,thioacetamide,,,
bmse000786,/Users/alfred/Documents/GitHub/DDLS_project/code/get_bmrb_data/bmrb_nmrstar/bmse000786/bmse000786.str,no_1H_data_found,0,,,cacodylic acid,,,
bmse000787,/Users/alfred/Documents/GitHub/DDLS_project/code/get_bmrb_data/bmrb_nmrstar/bmse000787/bmse000787.str,no_1H_data_found,0,,,MES,,,
bmse000788,/Users/alfred/Documents/GitHub/DDLS_project/code/get_bmrb_data/bmrb_nmrstar/bmse000788/bmse000788.str,no_1H_data_found,0,,,MOPS,,,
bmse000789,/Users/alfred/Documents/GitHub/DDLS_project/code/get_bmrb_data/bmrb_nmrstar/bmse000789/bmse000789.str,no_1H_data_found,0,,,Creatinine,,,
bmse000790,/Users/alfred/Documents/GitHub/DDLS_project/code/get_bmrb_data/bmrb_nmrstar/bmse000790/bmse000790.str,no_1H_data_found,0,,,imidazole,,,
bmse000791,/Users/alfred/Documents/GitHub/DDLS_project/code/get_bmrb_data/bmrb_nmrstar/bmse000791/bmse000791.str,no_1H_data_found,0,,,D-(+)-Glucose,,,
bmse000792,/Users/alfred/Documents/GitHub/DDLS_project/code/get_bmrb_data/bmrb_nmrstar/bmse000792/bmse000792.str,no_1H_data_found,0,,,HEPES,,,
bmse000793,/Users/alfred/Documents/GitHub/DDLS_project/code/get_bmrb_data/bmrb_nmrstar/bmse000793/bmse000793.str,no_1H_data_found,0,,,"1,4-D-xylobiose",,,
bmse000794,/Users/alfred/Documents/GitHub/DDLS_project/code/get_bmrb_data/bmrb_nmrstar/bmse000794/bmse000794.str,no_1H_data_found,0,,,3-carboxypropyl-trimethyl-ammonium,,,
bmse000795,/Users/alfred/Documents/GitHub/DDLS_project/code/get_bmrb_data/bmrb_nmrstar/bmse000795/bmse000795.str,no_1H_data_found,0,,,DSS,,,
bmse000796,/Users/alfred/Documents/GitHub/DDLS_project/code/get_bmrb_data/bmrb_nmrstar/bmse000796/bmse000796.str,no_1H_data_found,0,,,1-3-diaminopropane,,,
bmse000797,/Users/alfred/Documents/GitHub/DDLS_project/code/get_bmrb_data/bmrb_nmrstar/bmse000797/bmse000797.str,no_1H_data_found,0,,,D-(+)-Glucose,,,
bmse000798,/Users/alfred/Documents/GitHub/DDLS_project/code/get_bmrb_data/bmrb_nmrstar/bmse000798/bmse000798.str,no_1H_data_found,0,,,D-(+)-maltose,,,
bmse000799,/Users/alfred/Documents/GitHub/DDLS_project/code/get_bmrb_data/bmrb_nmrstar/bmse000799/bmse000799.str,no_1H_data_found,0,,,D-Psicose,,,
bmse000800,/Users/alfred/Documents/GitHub/DDLS_project/code/get_bmrb_data/bmrb_nmrstar/bmse000800/bmse000800.str,no_1H_data_found,0,,,L-citrulline,,,
bmse000801,/Users/alfred/Documents/GitHub/DDLS_project/code/get_bmrb_data/bmrb_nmrstar/bmse000801/bmse000801.str,no_1H_data_found,0,,,alpha-ketoglutaric acid,,,
bmse000802,/Users/alfred/Documents/GitHub/DDLS_project/code/get_bmrb_data/bmrb_nmrstar/bmse000802/bmse000802.str,no_1H_data_found,0,,,L-(-) arabitol,,,
bmse000803,/Users/alfred/Documents/GitHub/DDLS_project/code/get_bmrb_data/bmrb_nmrstar/bmse000803/bmse000803.str,no_1H_data_found,0,,,D-sorbitol,,,
bmse000804,/Users/alfred/Documents/GitHub/DDLS_project/code/get_bmrb_data/bmrb_nmrstar/bmse000804/bmse000804.str,no_1H_data_found,0,,,sucrose,,,
bmse000805,/Users/alfred/Documents/GitHub/DDLS_project/code/get_bmrb_data/bmrb_nmrstar/bmse000805/bmse000805.str,no_1H_data_found,0,,,taurine,,,
bmse000806,/Users/alfred/Documents/GitHub/DDLS_project/code/get_bmrb_data/bmrb_nmrstar/bmse000806/bmse000806.str,no_1H_data_found,0,,,"L(-)-Glutathione, oxidized",,,
bmse000807,/Users/alfred/Documents/GitHub/DDLS_project/code/get_bmrb_data/bmrb_nmrstar/bmse000807/bmse000807.str,no_1H_data_found,0,,,Glycerol,,,
bmse000808,/Users/alfred/Documents/GitHub/DDLS_project/code/get_bmrb_data/bmrb_nmrstar/bmse000808/bmse000808.str,no_1H_data_found,0,,,D-allose,,,
bmse000809,/Users/alfred/Documents/GitHub/DDLS_project/code/get_bmrb_data/bmrb_nmrstar/bmse000809/bmse000809.str,no_1H_data_found,0,,,L-serine,,,
bmse000810,/Users/alfred/Documents/GitHub/DDLS_project/code/get_bmrb_data/bmrb_nmrstar/bmse000810/bmse000810.str,no_1H_data_found,0,,,L-threonine,,,
bmse000811,/Users/alfred/Documents/GitHub/DDLS_project/code/get_bmrb_data/bmrb_nmrstar/bmse000811/bmse000811.str,no_1H_data_found,0,,,L-valine,,,
bmse000812,/Users/alfred/Documents/GitHub/DDLS_project/code/get_bmrb_data/bmrb_nmrstar/bmse000812/bmse000812.str,no_1H_data_found,0,,,agmatine,,,
bmse000813,/Users/alfred/Documents/GitHub/DDLS_project/code/get_bmrb_data/bmrb_nmrstar/bmse000813/bmse000813.str,no_1H_data_found,0,,,Lactose,,,
bmse000814,/Users/alfred/Documents/GitHub/DDLS_project/code/get_bmrb_data/bmrb_nmrstar/bmse000814/bmse000814.str,no_1H_data_found,0,,,"putrescine (1,4 diaminobutane)",,,
bmse000815,/Users/alfred/Documents/GitHub/DDLS_project/code/get_bmrb_data/bmrb_nmrstar/bmse000815/bmse000815.str,no_1H_data_found,0,,,D-Trehalose,,,
bmse000816,/Users/alfred/Documents/GitHub/DDLS_project/code/get_bmrb_data/bmrb_nmrstar/bmse000816/bmse000816.str,no_1H_data_found,0,,,Uridine,,,
bmse000817,/Users/alfred/Documents/GitHub/DDLS_project/code/get_bmrb_data/bmrb_nmrstar/bmse000817/bmse000817.str,no_1H_data_found,0,,,Acetic Acid,,,
bmse000818,/Users/alfred/Documents/GitHub/DDLS_project/code/get_bmrb_data/bmrb_nmrstar/bmse000818/bmse000818.str,no_1H_data_found,0,,,L-(+) lactic acid,,,
bmse000819,/Users/alfred/Documents/GitHub/DDLS_project/code/get_bmrb_data/bmrb_nmrstar/bmse000819/bmse000819.str,no_1H_data_found,0,,,Isethionic acid,,,
bmse000820,/Users/alfred/Documents/GitHub/DDLS_project/code/get_bmrb_data/bmrb_nmrstar/bmse000820/bmse000820.str,no_1H_data_found,0,,,gamma-Aminobutyric acid,,,
bmse000821,/Users/alfred/Documents/GitHub/DDLS_project/code/get_bmrb_data/bmrb_nmrstar/bmse000821/bmse000821.str,no_1H_data_found,0,,,R-(+)-2-Pyrrolidinone-5-carboxylate,,,
bmse000822,/Users/alfred/Documents/GitHub/DDLS_project/code/get_bmrb_data/bmrb_nmrstar/bmse000822/bmse000822.str,no_1H_data_found,0,,,cacodylic acid,,,
bmse000823,/Users/alfred/Documents/GitHub/DDLS_project/code/get_bmrb_data/bmrb_nmrstar/bmse000823/bmse000823.str,no_1H_data_found,0,,,"1,4-D-xylobiose",,,
bmse000824,/Users/alfred/Documents/GitHub/DDLS_project/code/get_bmrb_data/bmrb_nmrstar/bmse000824/bmse000824.str,no_1H_data_found,0,,,2'-Deoxyguanosine 5'-monophosphate,,,
bmse000825,/Users/alfred/Documents/GitHub/DDLS_project/code/get_bmrb_data/bmrb_nmrstar/bmse000825/bmse000825.str,no_1H_data_found,0,,,acetamide,,,
bmse000826,/Users/alfred/Documents/GitHub/DDLS_project/code/get_bmrb_data/bmrb_nmrstar/bmse000826/bmse000826.str,no_1H_data_found,0,,,acetonitrile,,,
bmse000827,/Users/alfred/Documents/GitHub/DDLS_project/code/get_bmrb_data/bmrb_nmrstar/bmse000827/bmse000827.str,no_1H_data_found,0,,,DL-2-Aminocaprylic acid,,,
bmse000828,/Users/alfred/Documents/GitHub/DDLS_project/code/get_bmrb_data/bmrb_nmrstar/bmse000828/bmse000828.str,no_1H_data_found,0,,,DL-3-Aminoisobutyric acid,,,
bmse000829,/Users/alfred/Documents/GitHub/DDLS_project/code/get_bmrb_data/bmrb_nmrstar/bmse000829/bmse000829.str,no_1H_data_found,0,,,IPTG,,,
bmse000830,/Users/alfred/Documents/GitHub/DDLS_project/code/get_bmrb_data/bmrb_nmrstar/bmse000830/bmse000830.str,no_1H_data_found,0,,,N-alpha-Acetyl-L-lysine,,,
bmse000831,/Users/alfred/Documents/GitHub/DDLS_project/code/get_bmrb_data/bmrb_nmrstar/bmse000831/bmse000831.str,no_1H_data_found,0,,,"1,2,4-Benzenetriol",,,
bmse000832,/Users/alfred/Documents/GitHub/DDLS_project/code/get_bmrb_data/bmrb_nmrstar/bmse000832/bmse000832.str,no_1H_data_found,0,,,beta-carotene,,,
bmse000833,/Users/alfred/Documents/GitHub/DDLS_project/code/get_bmrb_data/bmrb_nmrstar/bmse000833/bmse000833.str,no_1H_data_found,0,,,deoxycholic acid,,,
bmse000834,/Users/alfred/Documents/GitHub/DDLS_project/code/get_bmrb_data/bmrb_nmrstar/bmse000834/bmse000834.str,no_1H_data_found,0,,,p-xylene,,,
bmse000835,/Users/alfred/Documents/GitHub/DDLS_project/code/get_bmrb_data/bmrb_nmrstar/bmse000835/bmse000835.str,no_1H_data_found,0,,,2-chloro-4-ethylamino-6-isopropylamino-S-triazine,,,
bmse000836,/Users/alfred/Documents/GitHub/DDLS_project/code/get_bmrb_data/bmrb_nmrstar/bmse000836/bmse000836.str,no_1H_data_found,0,,,Iodoquinol,,,
bmse000837,/Users/alfred/Documents/GitHub/DDLS_project/code/get_bmrb_data/bmrb_nmrstar/bmse000837/bmse000837.str,no_1H_data_found,0,,,"cis-1,2-Cyclohexanediol",,,
bmse000838,/Users/alfred/Documents/GitHub/DDLS_project/code/get_bmrb_data/bmrb_nmrstar/bmse000838/bmse000838.str,no_1H_data_found,0,,,N-(3-Indolylacetyl)-DL-aspartic acid,,,
bmse000839,/Users/alfred/Documents/GitHub/DDLS_project/code/get_bmrb_data/bmrb_nmrstar/bmse000839/bmse000839.str,no_1H_data_found,0,,,(+)-Pulegone,,,
bmse000840,/Users/alfred/Documents/GitHub/DDLS_project/code/get_bmrb_data/bmrb_nmrstar/bmse000840/bmse000840.str,no_1H_data_found,0,,,rhodanine,,,
bmse000841,/Users/alfred/Documents/GitHub/DDLS_project/code/get_bmrb_data/bmrb_nmrstar/bmse000841/bmse000841.str,no_1H_data_found,0,,,"1,2,4-Trichlorobenzene",,,
bmse000842,/Users/alfred/Documents/GitHub/DDLS_project/code/get_bmrb_data/bmrb_nmrstar/bmse000842/bmse000842.str,no_1H_data_found,0,,,3-Furoic acid,,,
bmse000843,/Users/alfred/Documents/GitHub/DDLS_project/code/get_bmrb_data/bmrb_nmrstar/bmse000843/bmse000843.str,no_1H_data_found,0,,,3-Methylsalicylaldehyde,,,
bmse000844,/Users/alfred/Documents/GitHub/DDLS_project/code/get_bmrb_data/bmrb_nmrstar/bmse000844/bmse000844.str,no_1H_data_found,0,,,Isoprene,,,
bmse000845,/Users/alfred/Documents/GitHub/DDLS_project/code/get_bmrb_data/bmrb_nmrstar/bmse000845/bmse000845.str,no_1H_data_found,0,,,"4,4'-DDD",,,
bmse000846,/Users/alfred/Documents/GitHub/DDLS_project/code/get_bmrb_data/bmrb_nmrstar/bmse000846/bmse000846.str,no_1H_data_found,0,,,Phthalic acid diethyl ester,,,
bmse000847,/Users/alfred/Documents/GitHub/DDLS_project/code/get_bmrb_data/bmrb_nmrstar/bmse000847/bmse000847.str,no_1H_data_found,0,,,undecanedioic acid,,,
bmse000848,/Users/alfred/Documents/GitHub/DDLS_project/code/get_bmrb_data/bmrb_nmrstar/bmse000848/bmse000848.str,no_1H_data_found,0,,,2-Thiophenecarboxylic acid,,,
bmse000849,/Users/alfred/Documents/GitHub/DDLS_project/code/get_bmrb_data/bmrb_nmrstar/bmse000849/bmse000849.str,no_1H_data_found,0,,,Cholesteryl stearate,,,
bmse000850,/Users/alfred/Documents/GitHub/DDLS_project/code/get_bmrb_data/bmrb_nmrstar/bmse000850/bmse000850.str,no_1H_data_found,0,,,D-Sphingosine,,,
bmse000851,/Users/alfred/Documents/GitHub/DDLS_project/code/get_bmrb_data/bmrb_nmrstar/bmse000851/bmse000851.str,no_1H_data_found,0,,,octanal,,,
bmse000852,/Users/alfred/Documents/GitHub/DDLS_project/code/get_bmrb_data/bmrb_nmrstar/bmse000852/bmse000852.str,no_1H_data_found,0,,,Petroselinic acid,,,
bmse000853,/Users/alfred/Documents/GitHub/DDLS_project/code/get_bmrb_data/bmrb_nmrstar/bmse000853/bmse000853.str,no_1H_data_found,0,,,Protoveratrine,,,
bmse000854,/Users/alfred/Documents/GitHub/DDLS_project/code/get_bmrb_data/bmrb_nmrstar/bmse000854/bmse000854.str,no_1H_data_found,0,,,ATP,,,
bmse000855,/Users/alfred/Documents/GitHub/DDLS_project/code/get_bmrb_data/bmrb_nmrstar/bmse000855/bmse000855.str,no_1H_data_found,0,,,D-(+)-Glucose,,,
bmse000856,/Users/alfred/Documents/GitHub/DDLS_project/code/get_bmrb_data/bmrb_nmrstar/bmse000856/bmse000856.str,no_1H_data_found,0,,,Glycerol,,,
bmse000857,/Users/alfred/Documents/GitHub/DDLS_project/code/get_bmrb_data/bmrb_nmrstar/bmse000857/bmse000857.str,no_1H_data_found,0,,,Acetic Acid,,,
bmse000858,/Users/alfred/Documents/GitHub/DDLS_project/code/get_bmrb_data/bmrb_nmrstar/bmse000858/bmse000858.str,no_1H_data_found,0,,,L-citrulline,,,
bmse000859,/Users/alfred/Documents/GitHub/DDLS_project/code/get_bmrb_data/bmrb_nmrstar/bmse000859/bmse000859.str,no_1H_data_found,0,,,L-threonine,,,
bmse000860,/Users/alfred/Documents/GitHub/DDLS_project/code/get_bmrb_data/bmrb_nmrstar/bmse000860/bmse000860.str,no_1H_data_found,0,,,L-valine,,,
bmse000861,/Users/alfred/Documents/GitHub/DDLS_project/code/get_bmrb_data/bmrb_nmrstar/bmse000861/bmse000861.str,no_1H_data_found,0,,,adenine,,,
bmse000862,/Users/alfred/Documents/GitHub/DDLS_project/code/get_bmrb_data/bmrb_nmrstar/bmse000862/bmse000862.str,no_1H_data_found,0,,,"putrescine (1,4 diaminobutane)",,,
bmse000863,/Users/alfred/Documents/GitHub/DDLS_project/code/get_bmrb_data/bmrb_nmrstar/bmse000863/bmse000863.str,no_1H_data_found,0,,,taurine,,,
bmse000864,/Users/alfred/Documents/GitHub/DDLS_project/code/get_bmrb_data/bmrb_nmrstar/bmse000864/bmse000864.str,no_1H_data_found,0,,,Uridine,,,
bmse000865,/Users/alfred/Documents/GitHub/DDLS_project/code/get_bmrb_data/bmrb_nmrstar/bmse000865/bmse000865.str,no_1H_data_found,0,,,D-(-)-Tagatose,,,
bmse000866,/Users/alfred/Documents/GitHub/DDLS_project/code/get_bmrb_data/bmrb_nmrstar/bmse000866/bmse000866.str,no_1H_data_found,0,,,L-isoleucine,,,
bmse000867,/Users/alfred/Documents/GitHub/DDLS_project/code/get_bmrb_data/bmrb_nmrstar/bmse000867/bmse000867.str,no_1H_data_found,0,,,L-serine,,,
bmse000868,/Users/alfred/Documents/GitHub/DDLS_project/code/get_bmrb_data/bmrb_nmrstar/bmse000868/bmse000868.str,no_1H_data_found,0,,,L-tryptophan,,,
bmse000869,/Users/alfred/Documents/GitHub/DDLS_project/code/get_bmrb_data/bmrb_nmrstar/bmse000869/bmse000869.str,no_1H_data_found,0,,,L-(-) arabitol,,,
bmse000870,/Users/alfred/Documents/GitHub/DDLS_project/code/get_bmrb_data/bmrb_nmrstar/bmse000870/bmse000870.str,no_1H_data_found,0,,,Tyramine,,,
bmse000871,/Users/alfred/Documents/GitHub/DDLS_project/code/get_bmrb_data/bmrb_nmrstar/bmse000871/bmse000871.str,no_1H_data_found,0,,,gamma-Aminobutyric acid,,,
bmse000872,/Users/alfred/Documents/GitHub/DDLS_project/code/get_bmrb_data/bmrb_nmrstar/bmse000872/bmse000872.str,no_1H_data_found,0,,,1-3-diaminopropane,,,
bmse000873,/Users/alfred/Documents/GitHub/DDLS_project/code/get_bmrb_data/bmrb_nmrstar/bmse000873/bmse000873.str,no_1H_data_found,0,,,AMP,,,
bmse000874,/Users/alfred/Documents/GitHub/DDLS_project/code/get_bmrb_data/bmrb_nmrstar/bmse000874/bmse000874.str,no_1H_data_found,0,,,D-(+)-Mannose,,,
bmse000875,/Users/alfred/Documents/GitHub/DDLS_project/code/get_bmrb_data/bmrb_nmrstar/bmse000875/bmse000875.str,no_1H_data_found,0,,,L-aspartic acid,,,
bmse000876,/Users/alfred/Documents/GitHub/DDLS_project/code/get_bmrb_data/bmrb_nmrstar/bmse000876/bmse000876.str,no_1H_data_found,0,,,D-Trehalose,,,
bmse000877,/Users/alfred/Documents/GitHub/DDLS_project/code/get_bmrb_data/bmrb_nmrstar/bmse000877/bmse000877.str,no_1H_data_found,0,,,HEPES,,,
bmse000878,/Users/alfred/Documents/GitHub/DDLS_project/code/get_bmrb_data/bmrb_nmrstar/bmse000878/bmse000878.str,no_1H_data_found,0,,,R-(+)-2-Pyrrolidinone-5-carboxylate,,,
bmse000879,/Users/alfred/Documents/GitHub/DDLS_project/code/get_bmrb_data/bmrb_nmrstar/bmse000879/bmse000879.str,no_1H_data_found,0,,,2'-Deoxyguanosine 5'-monophosphate,,,
bmse000880,/Users/alfred/Documents/GitHub/DDLS_project/code/get_bmrb_data/bmrb_nmrstar/bmse000880/bmse000880.str,no_1H_data_found,0,,,undecanedioic acid,,,
bmse000881,/Users/alfred/Documents/GitHub/DDLS_project/code/get_bmrb_data/bmrb_nmrstar/bmse000881/bmse000881.str,no_1H_data_found,0,,,"5,6-Dimethylbenzimidazole",,,
bmse000882,/Users/alfred/Documents/GitHub/DDLS_project/code/get_bmrb_data/bmrb_nmrstar/bmse000882/bmse000882.str,no_1H_data_found,0,,,D-(+)-Mannose,,,
bmse000883,/Users/alfred/Documents/GitHub/DDLS_project/code/get_bmrb_data/bmrb_nmrstar/bmse000883/bmse000883.str,no_1H_data_found,0,,,D-(-)-Tagatose,,,
bmse000884,/Users/alfred/Documents/GitHub/DDLS_project/code/get_bmrb_data/bmrb_nmrstar/bmse000884/bmse000884.str,no_1H_data_found,0,,,L-isoleucine,,,
bmse000885,/Users/alfred/Documents/GitHub/DDLS_project/code/get_bmrb_data/bmrb_nmrstar/bmse000885/bmse000885.str,no_1H_data_found,0,,,L-serine,,,
bmse000886,/Users/alfred/Documents/GitHub/DDLS_project/code/get_bmrb_data/bmrb_nmrstar/bmse000886/bmse000886.str,no_1H_data_found,0,,,adonitol,,,
bmse000887,/Users/alfred/Documents/GitHub/DDLS_project/code/get_bmrb_data/bmrb_nmrstar/bmse000887/bmse000887.str,no_1H_data_found,0,,,4-aminobenzoic acid,,,
bmse000888,/Users/alfred/Documents/GitHub/DDLS_project/code/get_bmrb_data/bmrb_nmrstar/bmse000888/bmse000888.str,no_1H_data_found,0,,,inosine,,,
bmse000889,/Users/alfred/Documents/GitHub/DDLS_project/code/get_bmrb_data/bmrb_nmrstar/bmse000889/bmse000889.str,no_1H_data_found,0,,,D-cellobiose,,,
bmse000890,/Users/alfred/Documents/GitHub/DDLS_project/code/get_bmrb_data/bmrb_nmrstar/bmse000890/bmse000890.str,no_1H_data_found,0,,,HEPES,,,
bmse000891,/Users/alfred/Documents/GitHub/DDLS_project/code/get_bmrb_data/bmrb_nmrstar/bmse000891/bmse000891.str,no_1H_data_found,0,,,Tyramine,,,
bmse000892,/Users/alfred/Documents/GitHub/DDLS_project/code/get_bmrb_data/bmrb_nmrstar/bmse000892/bmse000892.str,no_1H_data_found,0,,,MES,,,
bmse000893,/Users/alfred/Documents/GitHub/DDLS_project/code/get_bmrb_data/bmrb_nmrstar/bmse000893/bmse000893.str,no_1H_data_found,0,,,MOPS,,,
bmse000894,/Users/alfred/Documents/GitHub/DDLS_project/code/get_bmrb_data/bmrb_nmrstar/bmse000894/bmse000894.str,no_1H_data_found,0,,,3-carboxypropyl-trimethyl-ammonium,,,
bmse000895,/Users/alfred/Documents/GitHub/DDLS_project/code/get_bmrb_data/bmrb_nmrstar/bmse000895/bmse000895.str,no_1H_data_found,0,,,acetamide,,,
bmse000896,/Users/alfred/Documents/GitHub/DDLS_project/code/get_bmrb_data/bmrb_nmrstar/bmse000896/bmse000896.str,no_1H_data_found,0,,,acetonitrile,,,
bmse000897,/Users/alfred/Documents/GitHub/DDLS_project/code/get_bmrb_data/bmrb_nmrstar/bmse000897/bmse000897.str,no_1H_data_found,0,,,D-ornithine,,,
bmse000898,/Users/alfred/Documents/GitHub/DDLS_project/code/get_bmrb_data/bmrb_nmrstar/bmse000898/bmse000898.str,no_1H_data_found,0,,,D-(+)-xylose,,,
bmse000899,/Users/alfred/Documents/GitHub/DDLS_project/code/get_bmrb_data/bmrb_nmrstar/bmse000899/bmse000899.str,no_1H_data_found,0,,,L-arginine,,,
bmse000900,/Users/alfred/Documents/GitHub/DDLS_project/code/get_bmrb_data/bmrb_nmrstar/bmse000900/bmse000900.str,no_1H_data_found,0,,,L-phenylalanine,,,
bmse000901,/Users/alfred/Documents/GitHub/DDLS_project/code/get_bmrb_data/bmrb_nmrstar/bmse000901/bmse000901.str,no_1H_data_found,0,,,myo-inositol,,,
bmse000902,/Users/alfred/Documents/GitHub/DDLS_project/code/get_bmrb_data/bmrb_nmrstar/bmse000902/bmse000902.str,no_1H_data_found,0,,,D-(-)-Fructose,,,
bmse000903,/Users/alfred/Documents/GitHub/DDLS_project/code/get_bmrb_data/bmrb_nmrstar/bmse000903/bmse000903.str,no_1H_data_found,0,,,D-(+)-Sorbose,,,
bmse000904,/Users/alfred/Documents/GitHub/DDLS_project/code/get_bmrb_data/bmrb_nmrstar/bmse000904/bmse000904.str,no_1H_data_found,0,,,malic_acid,,,
bmse000905,/Users/alfred/Documents/GitHub/DDLS_project/code/get_bmrb_data/bmrb_nmrstar/bmse000905/bmse000905.str,no_1H_data_found,0,,,3-hydroxybutyrate,,,
bmse000906,/Users/alfred/Documents/GitHub/DDLS_project/code/get_bmrb_data/bmrb_nmrstar/bmse000906/bmse000906.str,no_1H_data_found,0,,,"L(-)-Glutathione, oxidized",,,
bmse000907,/Users/alfred/Documents/GitHub/DDLS_project/code/get_bmrb_data/bmrb_nmrstar/bmse000907/bmse000907.str,no_1H_data_found,0,,,6-Chloropurine riboside,,,
bmse000908,/Users/alfred/Documents/GitHub/DDLS_project/code/get_bmrb_data/bmrb_nmrstar/bmse000908/bmse000908.str,no_1H_data_found,0,,,Chenodeoxycholic acid,,,
bmse000909,/Users/alfred/Documents/GitHub/DDLS_project/code/get_bmrb_data/bmrb_nmrstar/bmse000909/bmse000909.str,no_1H_data_found,0,,,Dopamine,,,
bmse000910,/Users/alfred/Documents/GitHub/DDLS_project/code/get_bmrb_data/bmrb_nmrstar/bmse000910/bmse000910.str,no_1H_data_found,0,,,2-alpha-Mannobiose,,,
bmse000911,/Users/alfred/Documents/GitHub/DDLS_project/code/get_bmrb_data/bmrb_nmrstar/bmse000911/bmse000911.str,no_1H_data_found,0,,,tetrahydrobiopterin,,,
bmse000912,/Users/alfred/Documents/GitHub/DDLS_project/code/get_bmrb_data/bmrb_nmrstar/bmse000912/bmse000912.str,no_1H_data_found,0,,,L-asparagine,,,
bmse000913,/Users/alfred/Documents/GitHub/DDLS_project/code/get_bmrb_data/bmrb_nmrstar/bmse000913/bmse000913.str,no_1H_data_found,0,,,L-glutamic acid,,,
bmse000914,/Users/alfred/Documents/GitHub/DDLS_project/code/get_bmrb_data/bmrb_nmrstar/bmse000914/bmse000914.str,no_1H_data_found,0,,,L-lysine,,,
bmse000915,/Users/alfred/Documents/GitHub/DDLS_project/code/get_bmrb_data/bmrb_nmrstar/bmse000915/bmse000915.str,no_1H_data_found,0,,,L-methionine,,,
bmse000916,/Users/alfred/Documents/GitHub/DDLS_project/code/get_bmrb_data/bmrb_nmrstar/bmse000916/bmse000916.str,no_1H_data_found,0,,,4-aminobenzoic acid,,,
bmse000917,/Users/alfred/Documents/GitHub/DDLS_project/code/get_bmrb_data/bmrb_nmrstar/bmse000917/bmse000917.str,no_1H_data_found,0,,,anthranilic acid,,,
bmse000918,/Users/alfred/Documents/GitHub/DDLS_project/code/get_bmrb_data/bmrb_nmrstar/bmse000918/bmse000918.str,no_1H_data_found,0,,,sucrose,,,
bmse000919,/Users/alfred/Documents/GitHub/DDLS_project/code/get_bmrb_data/bmrb_nmrstar/bmse000919/bmse000919.str,no_1H_data_found,0,,,L-arginine,,,
bmse000920,/Users/alfred/Documents/GitHub/DDLS_project/code/get_bmrb_data/bmrb_nmrstar/bmse000920/bmse000920.str,no_1H_data_found,0,,,L-leucine,,,
bmse000921,/Users/alfred/Documents/GitHub/DDLS_project/code/get_bmrb_data/bmrb_nmrstar/bmse000921/bmse000921.str,no_1H_data_found,0,,,L-phenylalanine,,,
bmse000922,/Users/alfred/Documents/GitHub/DDLS_project/code/get_bmrb_data/bmrb_nmrstar/bmse000922/bmse000922.str,no_1H_data_found,0,,,myo-inositol,,,
bmse000923,/Users/alfred/Documents/GitHub/DDLS_project/code/get_bmrb_data/bmrb_nmrstar/bmse000923/bmse000923.str,no_1H_data_found,0,,,L-Thyroxine,,,
bmse000924,/Users/alfred/Documents/GitHub/DDLS_project/code/get_bmrb_data/bmrb_nmrstar/bmse000924/bmse000924.str,no_1H_data_found,0,,,Miconazole,,,
bmse000925,/Users/alfred/Documents/GitHub/DDLS_project/code/get_bmrb_data/bmrb_nmrstar/bmse000925/bmse000925.str,no_1H_data_found,0,,,nitrosobenzene,,,
bmse000926,/Users/alfred/Documents/GitHub/DDLS_project/code/get_bmrb_data/bmrb_nmrstar/bmse000926/bmse000926.str,no_1H_data_found,0,,,Palmitoleic acid,,,
bmse000927,/Users/alfred/Documents/GitHub/DDLS_project/code/get_bmrb_data/bmrb_nmrstar/bmse000927/bmse000927.str,no_1H_data_found,0,,,Taurocholic acid,,,
bmse000928,/Users/alfred/Documents/GitHub/DDLS_project/code/get_bmrb_data/bmrb_nmrstar/bmse000928/bmse000928.str,no_1H_data_found,0,,,thiram,,,
bmse000929,/Users/alfred/Documents/GitHub/DDLS_project/code/get_bmrb_data/bmrb_nmrstar/bmse000929/bmse000929.str,no_1H_data_found,0,,,3-Methoxytyramine,,,
bmse000930,/Users/alfred/Documents/GitHub/DDLS_project/code/get_bmrb_data/bmrb_nmrstar/bmse000930/bmse000930.str,no_1H_data_found,0,,,4-Pyridoxic acid,,,
bmse000931,/Users/alfred/Documents/GitHub/DDLS_project/code/get_bmrb_data/bmrb_nmrstar/bmse000931/bmse000931.str,no_1H_data_found,0,,,Argininosuccinic acid,,,
bmse000932,/Users/alfred/Documents/GitHub/DDLS_project/code/get_bmrb_data/bmrb_nmrstar/bmse000932/bmse000932.str,no_1H_data_found,0,,,3-Phosphono-DL-alanine,,,
bmse000933,/Users/alfred/Documents/GitHub/DDLS_project/code/get_bmrb_data/bmrb_nmrstar/bmse000933/bmse000933.str,no_1H_data_found,0,,,dopamine,,,
bmse000934,/Users/alfred/Documents/GitHub/DDLS_project/code/get_bmrb_data/bmrb_nmrstar/bmse000934/bmse000934.str,no_1H_data_found,0,,,"2,3-diphospho-D-glyceric acid",,,
bmse000935,/Users/alfred/Documents/GitHub/DDLS_project/code/get_bmrb_data/bmrb_nmrstar/bmse000935/bmse000935.str,no_1H_data_found,0,,,ADP,,,
bmse000936,/Users/alfred/Documents/GitHub/DDLS_project/code/get_bmrb_data/bmrb_nmrstar/bmse000936/bmse000936.str,no_1H_data_found,0,,,agmatine,,,
bmse000937,/Users/alfred/Documents/GitHub/DDLS_project/code/get_bmrb_data/bmrb_nmrstar/bmse000937/bmse000937.str,no_1H_data_found,0,,,alpha-ketoglutaric acid,,,
bmse000938,/Users/alfred/Documents/GitHub/DDLS_project/code/get_bmrb_data/bmrb_nmrstar/bmse000938/bmse000938.str,no_1H_data_found,0,,,Lactose,,,
bmse000939,/Users/alfred/Documents/GitHub/DDLS_project/code/get_bmrb_data/bmrb_nmrstar/bmse000939/bmse000939.str,no_1H_data_found,0,,,D-cellobiose,,,
bmse000940,/Users/alfred/Documents/GitHub/DDLS_project/code/get_bmrb_data/bmrb_nmrstar/bmse000940/bmse000940.str,no_1H_data_found,0,,,Uracil,,,
bmse000941,/Users/alfred/Documents/GitHub/DDLS_project/code/get_bmrb_data/bmrb_nmrstar/bmse000941/bmse000941.str,no_1H_data_found,0,,,Boric acid,,,
bmse000942,/Users/alfred/Documents/GitHub/DDLS_project/code/get_bmrb_data/bmrb_nmrstar/bmse000942/bmse000942.str,no_1H_data_found,0,,,2'-Deoxyinosine,,,
bmse000943,/Users/alfred/Documents/GitHub/DDLS_project/code/get_bmrb_data/bmrb_nmrstar/bmse000943/bmse000943.str,no_1H_data_found,0,,,5-Methoxy-DL-tryptophan,,,
bmse000944,/Users/alfred/Documents/GitHub/DDLS_project/code/get_bmrb_data/bmrb_nmrstar/bmse000944/bmse000944.str,no_1H_data_found,0,,,Ethyl acetoacetate,,,
bmse000945,/Users/alfred/Documents/GitHub/DDLS_project/code/get_bmrb_data/bmrb_nmrstar/bmse000945/bmse000945.str,no_1H_data_found,0,,,Flavone,,,
bmse000946,/Users/alfred/Documents/GitHub/DDLS_project/code/get_bmrb_data/bmrb_nmrstar/bmse000946/bmse000946.str,no_1H_data_found,0,,,D-(+)-maltose,,,
bmse000947,/Users/alfred/Documents/GitHub/DDLS_project/code/get_bmrb_data/bmrb_nmrstar/bmse000947/bmse000947.str,no_1H_data_found,0,,,L-proline,,,
bmse000948,/Users/alfred/Documents/GitHub/DDLS_project/code/get_bmrb_data/bmrb_nmrstar/bmse000948/bmse000948.str,no_1H_data_found,0,,,betaine,,,
bmse000949,/Users/alfred/Documents/GitHub/DDLS_project/code/get_bmrb_data/bmrb_nmrstar/bmse000949/bmse000949.str,no_1H_data_found,0,,,D-Carnitine,,,
bmse000950,/Users/alfred/Documents/GitHub/DDLS_project/code/get_bmrb_data/bmrb_nmrstar/bmse000950/bmse000950.str,no_1H_data_found,0,,,creatine,,,
bmse000951,/Users/alfred/Documents/GitHub/DDLS_project/code/get_bmrb_data/bmrb_nmrstar/bmse000951/bmse000951.str,no_1H_data_found,0,,,spermidine,,,
bmse000952,/Users/alfred/Documents/GitHub/DDLS_project/code/get_bmrb_data/bmrb_nmrstar/bmse000952/bmse000952.str,no_1H_data_found,0,,,L-Glutathione reduced,,,
bmse000953,/Users/alfred/Documents/GitHub/DDLS_project/code/get_bmrb_data/bmrb_nmrstar/bmse000953/bmse000953.str,no_1H_data_found,0,,,Choline,,,
bmse000954,/Users/alfred/Documents/GitHub/DDLS_project/code/get_bmrb_data/bmrb_nmrstar/bmse000954/bmse000954.str,no_1H_data_found,0,,,"2,3-diphospho-D-glyceric acid",,,
bmse000955,/Users/alfred/Documents/GitHub/DDLS_project/code/get_bmrb_data/bmrb_nmrstar/bmse000955/bmse000955.str,no_1H_data_found,0,,,spermidine,,,
bmse000956,/Users/alfred/Documents/GitHub/DDLS_project/code/get_bmrb_data/bmrb_nmrstar/bmse000956/bmse000956.str,no_1H_data_found,0,,,L-Glutathione reduced,,,
bmse000957,/Users/alfred/Documents/GitHub/DDLS_project/code/get_bmrb_data/bmrb_nmrstar/bmse000957/bmse000957.str,no_1H_data_found,0,,,5-Aminovaleric acid,,,
bmse000958,/Users/alfred/Documents/GitHub/DDLS_project/code/get_bmrb_data/bmrb_nmrstar/bmse000958/bmse000958.str,no_1H_data_found,0,,,3-Methoxytyramine,,,
bmse000959,/Users/alfred/Documents/GitHub/DDLS_project/code/get_bmrb_data/bmrb_nmrstar/bmse000959/bmse000959.str,no_1H_data_found,0,,,Argininosuccinic acid,,,
bmse000960,/Users/alfred/Documents/GitHub/DDLS_project/code/get_bmrb_data/bmrb_nmrstar/bmse000960/bmse000960.str,no_1H_data_found,0,,,3-Acetylphenylboronic acid,,,
bmse000961,/Users/alfred/Documents/GitHub/DDLS_project/code/get_bmrb_data/bmrb_nmrstar/bmse000961/bmse000961.str,no_1H_data_found,0,,,cholesteryl sulfate,,,
bmse000962,/Users/alfred/Documents/GitHub/DDLS_project/code/get_bmrb_data/bmrb_nmrstar/bmse000962/bmse000962.str,no_1H_data_found,0,,,Gentisaldehyde,,,
bmse000963,/Users/alfred/Documents/GitHub/DDLS_project/code/get_bmrb_data/bmrb_nmrstar/bmse000963/bmse000963.str,no_1H_data_found,0,,,(+)-Limonene oxide,,,
bmse000964,/Users/alfred/Documents/GitHub/DDLS_project/code/get_bmrb_data/bmrb_nmrstar/bmse000964/bmse000964.str,no_1H_data_found,0,,,Ocimene,,,
bmse000965,/Users/alfred/Documents/GitHub/DDLS_project/code/get_bmrb_data/bmrb_nmrstar/bmse000965/bmse000965.str,no_1H_data_found,0,,,D-Psicose,,,
bmse000966,/Users/alfred/Documents/GitHub/DDLS_project/code/get_bmrb_data/bmrb_nmrstar/bmse000966/bmse000966.str,no_1H_data_found,0,,,trans 4 hydroxy l proline,,,
bmse000967,/Users/alfred/Documents/GitHub/DDLS_project/code/get_bmrb_data/bmrb_nmrstar/bmse000967/bmse000967.str,no_1H_data_found,0,,,beta-alanine,,,
bmse000968,/Users/alfred/Documents/GitHub/DDLS_project/code/get_bmrb_data/bmrb_nmrstar/bmse000968/bmse000968.str,no_1H_data_found,0,,,Succinic acid,,,
bmse000969,/Users/alfred/Documents/GitHub/DDLS_project/code/get_bmrb_data/bmrb_nmrstar/bmse000969/bmse000969.str,no_1H_data_found,0,,,Cytidine,,,
bmse000970,/Users/alfred/Documents/GitHub/DDLS_project/code/get_bmrb_data/bmrb_nmrstar/bmse000970/bmse000970.str,no_1H_data_found,0,,,1-Octanol,,,
bmse000971,/Users/alfred/Documents/GitHub/DDLS_project/code/get_bmrb_data/bmrb_nmrstar/bmse000971/bmse000971.str,no_1H_data_found,0,,,3-Morpholinopropylamine,,,
bmse000972,/Users/alfred/Documents/GitHub/DDLS_project/code/get_bmrb_data/bmrb_nmrstar/bmse000972/bmse000972.str,no_1H_data_found,0,,,Butyraldehyde,,,
bmse000973,/Users/alfred/Documents/GitHub/DDLS_project/code/get_bmrb_data/bmrb_nmrstar/bmse000973/bmse000973.str,no_1H_data_found,0,,,Ethyl 4-aminobutyrate,,,
bmse000974,/Users/alfred/Documents/GitHub/DDLS_project/code/get_bmrb_data/bmrb_nmrstar/bmse000974/bmse000974.str,no_1H_data_found,0,,,Tropine,,,
bmse000975,/Users/alfred/Documents/GitHub/DDLS_project/code/get_bmrb_data/bmrb_nmrstar/bmse000975/bmse000975.str,no_1H_data_found,0,,,L-cysteine,,,
bmse000976,/Users/alfred/Documents/GitHub/DDLS_project/code/get_bmrb_data/bmrb_nmrstar/bmse000976/bmse000976.str,no_1H_data_found,0,,,L-histidine,,,
bmse000977,/Users/alfred/Documents/GitHub/DDLS_project/code/get_bmrb_data/bmrb_nmrstar/bmse000977/bmse000977.str,no_1H_data_found,0,,,glycine,,,
bmse000978,/Users/alfred/Documents/GitHub/DDLS_project/code/get_bmrb_data/bmrb_nmrstar/bmse000978/bmse000978.str,no_1H_data_found,0,,,inosine,,,
bmse000979,/Users/alfred/Documents/GitHub/DDLS_project/code/get_bmrb_data/bmrb_nmrstar/bmse000979/bmse000979.str,no_1H_data_found,0,,,L-(+) lactic acid,,,
bmse000980,/Users/alfred/Documents/GitHub/DDLS_project/code/get_bmrb_data/bmrb_nmrstar/bmse000980/bmse000980.str,no_1H_data_found,0,,,1-Octanol,,,
bmse000981,/Users/alfred/Documents/GitHub/DDLS_project/code/get_bmrb_data/bmrb_nmrstar/bmse000981/bmse000981.str,no_1H_data_found,0,,,3-Morpholinopropylamine,,,
bmse000982,/Users/alfred/Documents/GitHub/DDLS_project/code/get_bmrb_data/bmrb_nmrstar/bmse000982/bmse000982.str,no_1H_data_found,0,,,2-Isopropylmalic acid,,,
bmse000983,/Users/alfred/Documents/GitHub/DDLS_project/code/get_bmrb_data/bmrb_nmrstar/bmse000983/bmse000983.str,no_1H_data_found,0,,,O-Acetyl-L-serine,,,
bmse000984,/Users/alfred/Documents/GitHub/DDLS_project/code/get_bmrb_data/bmrb_nmrstar/bmse000984/bmse000984.str,no_1H_data_found,0,,,2-Amino-6-chloropurine,,,
bmse000985,/Users/alfred/Documents/GitHub/DDLS_project/code/get_bmrb_data/bmrb_nmrstar/bmse000985/bmse000985.str,no_1H_data_found,0,,,6-Hydroxyflavanone,,,
bmse000986,/Users/alfred/Documents/GitHub/DDLS_project/code/get_bmrb_data/bmrb_nmrstar/bmse000986/bmse000986.str,no_1H_data_found,0,,,Esculetin,,,
bmse000987,/Users/alfred/Documents/GitHub/DDLS_project/code/get_bmrb_data/bmrb_nmrstar/bmse000987/bmse000987.str,no_1H_data_found,0,,,Fludrocortisone,,,
bmse000988,/Users/alfred/Documents/GitHub/DDLS_project/code/get_bmrb_data/bmrb_nmrstar/bmse000988/bmse000988.str,no_1H_data_found,0,,,Harmalol,,,
bmse000989,/Users/alfred/Documents/GitHub/DDLS_project/code/get_bmrb_data/bmrb_nmrstar/bmse000989/bmse000989.str,no_1H_data_found,0,,,lapachol,,,
bmse000990,/Users/alfred/Documents/GitHub/DDLS_project/code/get_bmrb_data/bmrb_nmrstar/bmse000990/bmse000990.str,no_1H_data_found,0,,,5-Aminovaleric acid,,,
bmse000991,/Users/alfred/Documents/GitHub/DDLS_project/code/get_bmrb_data/bmrb_nmrstar/bmse000991/bmse000991.str,no_1H_data_found,0,,,ADP,,,
bmse000992,/Users/alfred/Documents/GitHub/DDLS_project/code/get_bmrb_data/bmrb_nmrstar/bmse000992/bmse000992.str,no_1H_data_found,0,,,AMP,,,
bmse000993,/Users/alfred/Documents/GitHub/DDLS_project/code/get_bmrb_data/bmrb_nmrstar/bmse000993/bmse000993.str,no_1H_data_found,0,,,ATP,,,
bmse000994,/Users/alfred/Documents/GitHub/DDLS_project/code/get_bmrb_data/bmrb_nmrstar/bmse000994/bmse000994.str,no_1H_data_found,0,,,L-alanine,,,
bmse000995,/Users/alfred/Documents/GitHub/DDLS_project/code/get_bmrb_data/bmrb_nmrstar/bmse000995/bmse000995.str,no_1H_data_found,0,,,adenine,,,
bmse000996,/Users/alfred/Documents/GitHub/DDLS_project/code/get_bmrb_data/bmrb_nmrstar/bmse000996/bmse000996.str,no_1H_data_found,0,,,adenosine,,,
bmse000997,/Users/alfred/Documents/GitHub/DDLS_project/code/get_bmrb_data/bmrb_nmrstar/bmse000997/bmse000997.str,no_1H_data_found,0,,,betaine,,,
bmse000998,/Users/alfred/Documents/GitHub/DDLS_project/code/get_bmrb_data/bmrb_nmrstar/bmse000998/bmse000998.str,no_1H_data_found,0,,,chorismic acid,,,
bmse000999,/Users/alfred/Documents/GitHub/DDLS_project/code/get_bmrb_data/bmrb_nmrstar/bmse000999/bmse000999.str,no_1H_data_found,0,,,creatine,,,
bmse001000,/Users/alfred/Documents/GitHub/DDLS_project/code/get_bmrb_data/bmrb_nmrstar/bmse001000/bmse001000.str,no_1H_data_found,0,,,N-acetyl-L-Glutamine,,,
bmse001001,/Users/alfred/Documents/GitHub/DDLS_project/code/get_bmrb_data/bmrb_nmrstar/bmse001001/bmse001001.str,no_1H_data_found,0,,,Creatinine,,,
bmse001002,/Users/alfred/Documents/GitHub/DDLS_project/code/get_bmrb_data/bmrb_nmrstar/bmse001002/bmse001002.str,no_1H_data_found,0,,,L-carnosine,,,
bmse001003,/Users/alfred/Documents/GitHub/DDLS_project/code/get_bmrb_data/bmrb_nmrstar/bmse001003/bmse001003.str,no_1H_data_found,0,,,Choline,,,
bmse001004,/Users/alfred/Documents/GitHub/DDLS_project/code/get_bmrb_data/bmrb_nmrstar/bmse001004/bmse001004.str,no_1H_data_found,0,,,L-Anserine,,,
bmse001005,/Users/alfred/Documents/GitHub/DDLS_project/code/get_bmrb_data/bmrb_nmrstar/bmse001005/bmse001005.str,no_1H_data_found,0,,,D-(-)-Fructose,,,
bmse001006,/Users/alfred/Documents/GitHub/DDLS_project/code/get_bmrb_data/bmrb_nmrstar/bmse001006/bmse001006.str,no_1H_data_found,0,,,D-(+)-Galactose,,,
bmse001007,/Users/alfred/Documents/GitHub/DDLS_project/code/get_bmrb_data/bmrb_nmrstar/bmse001007/bmse001007.str,no_1H_data_found,0,,,D-sorbitol,,,
bmse001008,/Users/alfred/Documents/GitHub/DDLS_project/code/get_bmrb_data/bmrb_nmrstar/bmse001008/bmse001008.str,no_1H_data_found,0,,,D-allose,,,
bmse001009,/Users/alfred/Documents/GitHub/DDLS_project/code/get_bmrb_data/bmrb_nmrstar/bmse001009/bmse001009.str,no_1H_data_found,0,,,Fludrocortisone,,,
bmse001010,/Users/alfred/Documents/GitHub/DDLS_project/code/get_bmrb_data/bmrb_nmrstar/bmse001010/bmse001010.str,no_1H_data_found,0,,,Harmalol,,,
bmse001011,/Users/alfred/Documents/GitHub/DDLS_project/code/get_bmrb_data/bmrb_nmrstar/bmse001011/bmse001011.str,no_1H_data_found,0,,,Boric acid,,,
bmse001012,/Users/alfred/Documents/GitHub/DDLS_project/code/get_bmrb_data/bmrb_nmrstar/bmse001012/bmse001012.str,no_1H_data_found,0,,,D-(-)-Fructose,,,
bmse001013,/Users/alfred/Documents/GitHub/DDLS_project/code/get_bmrb_data/bmrb_nmrstar/bmse001013/bmse001013.str,no_1H_data_found,0,,,L-glutamic acid,,,
bmse001014,/Users/alfred/Documents/GitHub/DDLS_project/code/get_bmrb_data/bmrb_nmrstar/bmse001014/bmse001014.str,no_1H_data_found,0,,,L-glutamine,,,
bmse001015,/Users/alfred/Documents/GitHub/DDLS_project/code/get_bmrb_data/bmrb_nmrstar/bmse001015/bmse001015.str,no_1H_data_found,0,,,L-histidine,,,
bmse001016,/Users/alfred/Documents/GitHub/DDLS_project/code/get_bmrb_data/bmrb_nmrstar/bmse001016/bmse001016.str,no_1H_data_found,0,,,L-phenylalanine,,,
bmse001017,/Users/alfred/Documents/GitHub/DDLS_project/code/get_bmrb_data/bmrb_nmrstar/bmse001017/bmse001017.str,no_1H_data_found,0,,,L-tryptophan,,,
bmse001018,/Users/alfred/Documents/GitHub/DDLS_project/code/get_bmrb_data/bmrb_nmrstar/bmse001018/bmse001018.str,no_1H_data_found,0,,,guanosine,,,
bmse001019,/Users/alfred/Documents/GitHub/DDLS_project/code/get_bmrb_data/bmrb_nmrstar/bmse001019/bmse001019.str,no_1H_data_found,0,,,beta-alanine,,,
bmse001020,/Users/alfred/Documents/GitHub/DDLS_project/code/get_bmrb_data/bmrb_nmrstar/bmse001020/bmse001020.str,no_1H_data_found,0,,,Cytidine,,,
bmse001021,/Users/alfred/Documents/GitHub/DDLS_project/code/get_bmrb_data/bmrb_nmrstar/bmse001021/bmse001021.str,no_1H_data_found,0,,,11-Ketoetiocholanolone,,,
bmse001022,/Users/alfred/Documents/GitHub/DDLS_project/code/get_bmrb_data/bmrb_nmrstar/bmse001022/bmse001022.str,no_1H_data_found,0,,,3-Deazauridine,,,
bmse001023,/Users/alfred/Documents/GitHub/DDLS_project/code/get_bmrb_data/bmrb_nmrstar/bmse001023/bmse001023.str,no_1H_data_found,0,,,D-(+)-Glucuronic acid G-lactone,,,
bmse001024,/Users/alfred/Documents/GitHub/DDLS_project/code/get_bmrb_data/bmrb_nmrstar/bmse001024/bmse001024.str,no_1H_data_found,0,,,UDP Galactose,,,
bmse001025,/Users/alfred/Documents/GitHub/DDLS_project/code/get_bmrb_data/bmrb_nmrstar/bmse001025/bmse001025.str,no_1H_data_found,0,,,2-Isopropylmalic acid,,,
bmse001026,/Users/alfred/Documents/GitHub/DDLS_project/code/get_bmrb_data/bmrb_nmrstar/bmse001026/bmse001026.str,no_1H_data_found,0,,,L-alpha-Lysophosphatidylcholine,,,
bmse001027,/Users/alfred/Documents/GitHub/DDLS_project/code/get_bmrb_data/bmrb_nmrstar/bmse001027/bmse001027.str,no_1H_data_found,0,,,L-alpha-Phosphatidylcholine,,,
bmse001028,/Users/alfred/Documents/GitHub/DDLS_project/code/get_bmrb_data/bmrb_nmrstar/bmse001028/bmse001028.str,no_1H_data_found,0,,,L-alpha-Phosphatidyl-DL-glycerol,,,
bmse001029,/Users/alfred/Documents/GitHub/DDLS_project/code/get_bmrb_data/bmrb_nmrstar/bmse001029/bmse001029.str,no_1H_data_found,0,,,4-chlorobenzaldehyde,,,
bmse001030,/Users/alfred/Documents/GitHub/DDLS_project/code/get_bmrb_data/bmrb_nmrstar/bmse001030/bmse001030.str,no_1H_data_found,0,,,chlorobenzene,,,
bmse001031,/Users/alfred/Documents/GitHub/DDLS_project/code/get_bmrb_data/bmrb_nmrstar/bmse001031/bmse001031.str,no_1H_data_found,0,,,"2,3-dihydro-2-oxofuran-5-acetate",,,
bmse001032,/Users/alfred/Documents/GitHub/DDLS_project/code/get_bmrb_data/bmrb_nmrstar/bmse001032/bmse001032.str,no_1H_data_found,0,,,11-Ketoetiocholanolone,,,
bmse001100,/Users/alfred/Documents/GitHub/DDLS_project/code/get_bmrb_data/bmrb_nmrstar/bmse001100/bmse001100.str,no_1H_data_found,0,,,"2-methyl-3,4,5,6-tetrahydropyrimidine-4-carboxylic acid",,,
bmse001101,/Users/alfred/Documents/GitHub/DDLS_project/code/get_bmrb_data/bmrb_nmrstar/bmse001101/bmse001101.str,no_1H_data_found,0,,,Isovelleral,,,
bmse001102,/Users/alfred/Documents/GitHub/DDLS_project/code/get_bmrb_data/bmrb_nmrstar/bmse001102/bmse001102.str,no_1H_data_found,0,,,(Z)-octadec-11-enoic acid,,,
bmse001103,/Users/alfred/Documents/GitHub/DDLS_project/code/get_bmrb_data/bmrb_nmrstar/bmse001103/bmse001103.str,no_1H_data_found,0,,,"5,7-dihydroxy-2-phenylchromen-4-one",,,
bmse001104,/Users/alfred/Documents/GitHub/DDLS_project/code/get_bmrb_data/bmrb_nmrstar/bmse001104/bmse001104.str,no_1H_data_found,0,,,PENTYL BENZOATE,,,
bmse001105,/Users/alfred/Documents/GitHub/DDLS_project/code/get_bmrb_data/bmrb_nmrstar/bmse001105/bmse001105.str,no_1H_data_found,0,,,tetraoleoylcardiolipin,,,
bmse001106,/Users/alfred/Documents/GitHub/DDLS_project/code/get_bmrb_data/bmrb_nmrstar/bmse001106/bmse001106.str,no_1H_data_found,0,,,"5,10,15,20-Tetraphenyl-21H,23H-porphine zinc",,,
bmse001107,/Users/alfred/Documents/GitHub/DDLS_project/code/get_bmrb_data/bmrb_nmrstar/bmse001107/bmse001107.str,no_1H_data_found,0,,,L-alpha-phosphatidylinositol,,,
bmse001108,/Users/alfred/Documents/GitHub/DDLS_project/code/get_bmrb_data/bmrb_nmrstar/bmse001108/bmse001108.str,no_1H_data_found,0,,,Nonanal,,,
bmse001109,/Users/alfred/Documents/GitHub/DDLS_project/code/get_bmrb_data/bmrb_nmrstar/bmse001109/bmse001109.str,no_1H_data_found,0,,,Sphingomyelin,,,
bmse001110,/Users/alfred/Documents/GitHub/DDLS_project/code/get_bmrb_data/bmrb_nmrstar/bmse001110/bmse001110.str,no_1H_data_found,0,,,Sodium glycochenodeoxycholate,,,
bmse001111,/Users/alfred/Documents/GitHub/DDLS_project/code/get_bmrb_data/bmrb_nmrstar/bmse001111/bmse001111.str,no_1H_data_found,0,,,"4a,5-dimethyl-3-prop-1-en-2-yl-2,3,4,5,6,7-hexahydro-1H-naphthalene",,,
bmse001112,/Users/alfred/Documents/GitHub/DDLS_project/code/get_bmrb_data/bmrb_nmrstar/bmse001112/bmse001112.str,no_1H_data_found,0,,,1-Kestose,,,
bmse001113,/Users/alfred/Documents/GitHub/DDLS_project/code/get_bmrb_data/bmrb_nmrstar/bmse001113/bmse001113.str,no_1H_data_found,0,,,"8a-(hydroxymethyl)-4,4,6a,6b,11,12,14b-heptamethyl-2,3,4a,5,6,7,8,9,10,11,12,12a,14,14a-tetradecahydro-1H-picen-3-ol",,,
bmse001114,/Users/alfred/Documents/GitHub/DDLS_project/code/get_bmrb_data/bmrb_nmrstar/bmse001114/bmse001114.str,no_1H_data_found,0,,,3-(1H-indol-3-yl)prop-2-enoic acid,,,
bmse001115,/Users/alfred/Documents/GitHub/DDLS_project/code/get_bmrb_data/bmrb_nmrstar/bmse001115/bmse001115.str,no_1H_data_found,0,,,"2-[2,3-di(hexanoyloxy)propoxy-hydroxyphosphoryl]oxyethyl-trimethylazanium",,,
bmse001116,/Users/alfred/Documents/GitHub/DDLS_project/code/get_bmrb_data/bmrb_nmrstar/bmse001116/bmse001116.str,no_1H_data_found,0,,,"16:0 Biotinyl PE,1,2-dipalmitoyl-sn-glycero-3-phosphoethanolamine-N-(biotinyl) (sodium salt)",,,
bmse001117,/Users/alfred/Documents/GitHub/DDLS_project/code/get_bmrb_data/bmrb_nmrstar/bmse001117/bmse001117.str,no_1H_data_found,0,,,"16:0 Succinyl PE 1,2-dipalmitoyl-sn-glycero-3-phosphoethanolamine-N-(succinyl) (sodium salt)",,,
bmse001118,/Users/alfred/Documents/GitHub/DDLS_project/code/get_bmrb_data/bmrb_nmrstar/bmse001118/bmse001118.str,no_1H_data_found,0,,,"sodium (10,13-dimethyl-17-oxo-1,2,3,4,5,6,7,8,9,11,12,14,15,16-tetradecahydrocyclopenta[a]phenanthren-3-yl) sulfate",,,
bmse001119,/Users/alfred/Documents/GitHub/DDLS_project/code/get_bmrb_data/bmrb_nmrstar/bmse001119/bmse001119.str,no_1H_data_found,0,,,[(2R)-3-hexadecanoyloxy-2-[(Z)-octadec-9-enoyl]oxypropyl] 2-trimethylazaniumylethyl phosphate,,,
bmse001120,/Users/alfred/Documents/GitHub/DDLS_project/code/get_bmrb_data/bmrb_nmrstar/bmse001120/bmse001120.str,no_1H_data_found,0,,,"methyl (10E,12Z)-octadeca-10,12-dienoate",,,
bmse001121,/Users/alfred/Documents/GitHub/DDLS_project/code/get_bmrb_data/bmrb_nmrstar/bmse001121/bmse001121.str,no_1H_data_found,0,,,"5,7-Dihydroxy-2-(4-hydroxyphenyl)chroman-4-one",,,
bmse001122,/Users/alfred/Documents/GitHub/DDLS_project/code/get_bmrb_data/bmrb_nmrstar/bmse001122/bmse001122.str,no_1H_data_found,0,,,"3-(4-Hydroxyphenyl)-1-(2,4,6-trihydroxyphenyl)propan-1-one",,,
bmse001123,/Users/alfred/Documents/GitHub/DDLS_project/code/get_bmrb_data/bmrb_nmrstar/bmse001123/bmse001123.str,no_1H_data_found,0,,,"(E)-3,7,11,15-tetramethylhexadec-2-en-1-ol",,,
bmse001124,/Users/alfred/Documents/GitHub/DDLS_project/code/get_bmrb_data/bmrb_nmrstar/bmse001124/bmse001124.str,no_1H_data_found,0,,,"5,7-dihydroxy-2-(4-hydroxyphenyl)chromen-4-one",,,
bmse001125,/Users/alfred/Documents/GitHub/DDLS_project/code/get_bmrb_data/bmrb_nmrstar/bmse001125/bmse001125.str,no_1H_data_found,0,,,"(2E)-3,7-dimethylocta-2,6-dien-1-ol",,,
bmse001126,/Users/alfred/Documents/GitHub/DDLS_project/code/get_bmrb_data/bmrb_nmrstar/bmse001126/bmse001126.str,no_1H_data_found,0,,,Puromycin dihydrochloride from Streptomyces alboniger,,,
bmse001127,/Users/alfred/Documents/GitHub/DDLS_project/code/get_bmrb_data/bmrb_nmrstar/bmse001127/bmse001127.str,no_1H_data_found,0,,,"5,7-dihydroxy-2-(3-hydroxy-4-methoxyphenyl)chroman-4-one",,,
bmse001128,/Users/alfred/Documents/GitHub/DDLS_project/code/get_bmrb_data/bmrb_nmrstar/bmse001128/bmse001128.str,no_1H_data_found,0,,,"4,4,10,13,14-pentamethyl-17-(6-methylhept-5-en-2-yl)-2,3,5,6,7,11,12,15,16,17-decahydro-1H-cyclopenta[a]phenanthren-3-ol",,,
bmse001129,/Users/alfred/Documents/GitHub/DDLS_project/code/get_bmrb_data/bmrb_nmrstar/bmse001129/bmse001129.str,no_1H_data_found,0,,,Scopoletin,,,
bmse001130,/Users/alfred/Documents/GitHub/DDLS_project/code/get_bmrb_data/bmrb_nmrstar/bmse001130/bmse001130.str,no_1H_data_found,0,,,Spectinomycin Hydrochloride,,,
bmse001131,/Users/alfred/Documents/GitHub/DDLS_project/code/get_bmrb_data/bmrb_nmrstar/bmse001131/bmse001131.str,no_1H_data_found,0,,,"1,3,3-trimethyl-2-[3,7,12,16-tetramethyl-18-(2,6,6-trimethyl-1-cyclohexenyl)octadeca-1,3,5,7,9,11,13,15,17-nonaenyl]cyclohexene",,,
bmse001132,/Users/alfred/Documents/GitHub/DDLS_project/code/get_bmrb_data/bmrb_nmrstar/bmse001132/bmse001132.str,no_1H_data_found,0,,,Chenodeoxycholic acid,,,
bmse001133,/Users/alfred/Documents/GitHub/DDLS_project/code/get_bmrb_data/bmrb_nmrstar/bmse001133/bmse001133.str,no_1H_data_found,0,,,N-(4-aminobutyl)acetamide,,,
bmse001134,/Users/alfred/Documents/GitHub/DDLS_project/code/get_bmrb_data/bmrb_nmrstar/bmse001134/bmse001134.str,no_1H_data_found,0,,,Formiminoglycine,,,
bmse001135,/Users/alfred/Documents/GitHub/DDLS_project/code/get_bmrb_data/bmrb_nmrstar/bmse001135/bmse001135.str,no_1H_data_found,0,,,"17-acetyl-10,13-dimethyl-1,2,6,7,8,9,11,12,14,15-decahydrocyclopenta[a]phenanthren-3-one",,,
bmse001136,/Users/alfred/Documents/GitHub/DDLS_project/code/get_bmrb_data/bmrb_nmrstar/bmse001136/bmse001136.str,no_1H_data_found,0,,,"5-[(E)-2-(4-hydroxyphenyl)ethenyl]benzene-1,3-diol",,,
bmse001137,/Users/alfred/Documents/GitHub/DDLS_project/code/get_bmrb_data/bmrb_nmrstar/bmse001137/bmse001137.str,no_1H_data_found,0,,,2-[hydroxy-[2-hydroxy-3-[(Z)-octadec-9-enoyl]oxypropoxy]phosphoryl]oxyethyl-trimethylazanium,,,
bmse001138,/Users/alfred/Documents/GitHub/DDLS_project/code/get_bmrb_data/bmrb_nmrstar/bmse001138/bmse001138.str,no_1H_data_found,0,,,"3,7-Dimethylocta-1,6-dien-3-ol",,,
bmse001139,/Users/alfred/Documents/GitHub/DDLS_project/code/get_bmrb_data/bmrb_nmrstar/bmse001139/bmse001139.str,no_1H_data_found,0,,,"13-methyl-6,7,8,9,11,12,14,15,16,17-decahydrocyclopenta[a]phenanthrene-3,16,17-triol",,,
bmse001140,/Users/alfred/Documents/GitHub/DDLS_project/code/get_bmrb_data/bmrb_nmrstar/bmse001140/bmse001140.str,no_1H_data_found,0,,,"2,3-dihydroxy-13-methyl-7,8,9,11,12,14,15,16-octahydro-6H-cyclopenta[a]phenanthren-17-one",,,
bmse001141,/Users/alfred/Documents/GitHub/DDLS_project/code/get_bmrb_data/bmrb_nmrstar/bmse001141/bmse001141.str,no_1H_data_found,0,,,"2-methylnaphthalene-1,4-dione",,,
bmse001142,/Users/alfred/Documents/GitHub/DDLS_project/code/get_bmrb_data/bmrb_nmrstar/bmse001142/bmse001142.str,no_1H_data_found,0,,,2-amino-3-hydroxybutanoic acid,,,
bmse001143,/Users/alfred/Documents/GitHub/DDLS_project/code/get_bmrb_data/bmrb_nmrstar/bmse001143/bmse001143.str,no_1H_data_found,0,,,Rutin trihydrate,,,
bmse001144,/Users/alfred/Documents/GitHub/DDLS_project/code/get_bmrb_data/bmrb_nmrstar/bmse001144/bmse001144.str,no_1H_data_found,0,,,2-amino-3-(3H-imidazol-4-yl)propanoic acid,,,
bmse001145,/Users/alfred/Documents/GitHub/DDLS_project/code/get_bmrb_data/bmrb_nmrstar/bmse001145/bmse001145.str,no_1H_data_found,0,,,"(6Z,9Z,12Z)-octadeca-6,9,12-trienoic acid",,,
bmse001146,/Users/alfred/Documents/GitHub/DDLS_project/code/get_bmrb_data/bmrb_nmrstar/bmse001146/bmse001146.str,no_1H_data_found,0,,,"(5Z,8Z,11Z,14Z,17Z)-icosa-5,8,11,14,17-pentaenoic acid",,,
bmse001147,/Users/alfred/Documents/GitHub/DDLS_project/code/get_bmrb_data/bmrb_nmrstar/bmse001147/bmse001147.str,no_1H_data_found,0,,,"2-(3,4-dihydroxyphenyl)chroman-3,5,7-triol",,,
bmse001148,/Users/alfred/Documents/GitHub/DDLS_project/code/get_bmrb_data/bmrb_nmrstar/bmse001148/bmse001148.str,no_1H_data_found,0,,,6-Methylhept-5-en-2-one,,,
bmse001149,/Users/alfred/Documents/GitHub/DDLS_project/code/get_bmrb_data/bmrb_nmrstar/bmse001149/bmse001149.str,no_1H_data_found,0,,,"17-ethynyl-3-methoxy-13-methyl-7,8,9,11,12,14,15,16-octahydro-6H-cyclopenta[a]phenanthren-17-ol",,,
bmse001150,/Users/alfred/Documents/GitHub/DDLS_project/code/get_bmrb_data/bmrb_nmrstar/bmse001150/bmse001150.str,no_1H_data_found,0,,,"4-amino-1,2-oxazolidin-3-one",,,
bmse001151,/Users/alfred/Documents/GitHub/DDLS_project/code/get_bmrb_data/bmrb_nmrstar/bmse001151/bmse001151.str,no_1H_data_found,0,,,Methyldisulfanylmethane,,,
bmse001152,/Users/alfred/Documents/GitHub/DDLS_project/code/get_bmrb_data/bmrb_nmrstar/bmse001152/bmse001152.str,no_1H_data_found,0,,,methylsulfanyldisulfanylmethane,,,
bmse001153,/Users/alfred/Documents/GitHub/DDLS_project/code/get_bmrb_data/bmrb_nmrstar/bmse001153/bmse001153.str,no_1H_data_found,0,,,(~)-Eburnamonine,,,
bmse001154,/Users/alfred/Documents/GitHub/DDLS_project/code/get_bmrb_data/bmrb_nmrstar/bmse001154/bmse001154.str,no_1H_data_found,0,,,2-methyl-5-propan-2-ylphenol,,,
bmse001155,/Users/alfred/Documents/GitHub/DDLS_project/code/get_bmrb_data/bmrb_nmrstar/bmse001155/bmse001155.str,no_1H_data_found,0,,,"3,7-Dimethyloct-6-en-1-ol",,,
bmse001156,/Users/alfred/Documents/GitHub/DDLS_project/code/get_bmrb_data/bmrb_nmrstar/bmse001156/bmse001156.str,no_1H_data_found,0,,,"(1E,6E)-1,7-bis(4-hydroxy-3-methoxyphenyl)hepta-1,6-diene-3,5-dione",,,
bmse001157,/Users/alfred/Documents/GitHub/DDLS_project/code/get_bmrb_data/bmrb_nmrstar/bmse001157/bmse001157.str,no_1H_data_found,0,,,"4-[4-(3,4-dihydroxyphenyl)-2,3-dimethylbutyl]benzene-1,2-diol",,,
bmse001158,/Users/alfred/Documents/GitHub/DDLS_project/code/get_bmrb_data/bmrb_nmrstar/bmse001158/bmse001158.str,no_1H_data_found,0,,,2-amino-4-ethylsulfanylbutanoic acid,,,
bmse001159,/Users/alfred/Documents/GitHub/DDLS_project/code/get_bmrb_data/bmrb_nmrstar/bmse001159/bmse001159.str,no_1H_data_found,0,,,7-Hydroxyflavone,,,
bmse001160,/Users/alfred/Documents/GitHub/DDLS_project/code/get_bmrb_data/bmrb_nmrstar/bmse001160/bmse001160.str,no_1H_data_found,0,,,3-oxo-N-(2-oxooxolan-3-yl)dodecanamide,,,
bmse001161,/Users/alfred/Documents/GitHub/DDLS_project/code/get_bmrb_data/bmrb_nmrstar/bmse001161/bmse001161.str,no_1H_data_found,0,,,"3-acetamido-5-(acetyl-methylamino)-2,4,6-triiodo-N-[2,4,5-trihydroxy-6-(hydroxymethyl)oxan-3-yl]benzamide",,,
bmse001162,/Users/alfred/Documents/GitHub/DDLS_project/code/get_bmrb_data/bmrb_nmrstar/bmse001162/bmse001162.str,no_1H_data_found,0,,,AZULENE,,,
bmse001163,/Users/alfred/Documents/GitHub/DDLS_project/code/get_bmrb_data/bmrb_nmrstar/bmse001163/bmse001163.str,no_1H_data_found,0,,,"3-octadecoxypropane-1,2-diol",,,
bmse001164,/Users/alfred/Documents/GitHub/DDLS_project/code/get_bmrb_data/bmrb_nmrstar/bmse001164/bmse001164.str,no_1H_data_found,0,,,"3,16,17-trihydroxy-13-methyl-8,9,11,12,14,15,16,17-octahydro-7H-cyclopenta[a]phenanthren-6-one",,,
bmse001165,/Users/alfred/Documents/GitHub/DDLS_project/code/get_bmrb_data/bmrb_nmrstar/bmse001165/bmse001165.str,no_1H_data_found,0,,,"10,13-dimethyl-17-(6-methylheptan-2-yl)-2,3,4,5,6,7,8,9,11,12,14,15,16,17-tetradecahydro-1H-cyclopenta[a]phenanthren-3-ol",,,
bmse001166,/Users/alfred/Documents/GitHub/DDLS_project/code/get_bmrb_data/bmrb_nmrstar/bmse001166/bmse001166.str,no_1H_data_found,0,,,5-Phenylpentanoic acid,,,
bmse001167,/Users/alfred/Documents/GitHub/DDLS_project/code/get_bmrb_data/bmrb_nmrstar/bmse001167/bmse001167.str,no_1H_data_found,0,,,"3,5,7-trihydroxy-2-(4-hydroxyphenyl)chromen-4-one",,,
bmse001168,/Users/alfred/Documents/GitHub/DDLS_project/code/get_bmrb_data/bmrb_nmrstar/bmse001168/bmse001168.str,no_1H_data_found,0,,,(2-hydroxy-3-tetradecanoyloxypropyl) 2-trimethylazaniumylethyl phosphate,,,
bmse001169,/Users/alfred/Documents/GitHub/DDLS_project/code/get_bmrb_data/bmrb_nmrstar/bmse001169/bmse001169.str,no_1H_data_found,0,,,"3-hydroxy-10,13-dimethyl-2,3,4,5,6,7,8,9,12,14,15,16-dodecahydro-1H-cyclopenta[a]phenanthrene-11,17-dione",,,
bmse001170,/Users/alfred/Documents/GitHub/DDLS_project/code/get_bmrb_data/bmrb_nmrstar/bmse001170/bmse001170.str,no_1H_data_found,0,,,"17-acetyl-3,17-dihydroxy-10,13-dimethyl-2,3,4,5,6,7,8,9,12,14,15,16-dodecahydro-1H-cyclopenta[a]phenanthren-11-one",,,
bmse001171,/Users/alfred/Documents/GitHub/DDLS_project/code/get_bmrb_data/bmrb_nmrstar/bmse001171/bmse001171.str,no_1H_data_found,0,,,"1-(3,17-dihydroxy-10,13-dimethyl-1,2,3,4,5,6,7,8,9,11,12,14,15,16-tetradecahydrocyclopenta[a]phenanthren-17-yl)ethanone",,,
bmse001172,/Users/alfred/Documents/GitHub/DDLS_project/code/get_bmrb_data/bmrb_nmrstar/bmse001172/bmse001172.str,no_1H_data_found,0,,,"13-methyl-7,8,9,11,12,14,15,16-octahydro-6H-cyclopenta[a]phenanthren-17-one",,,
bmse001173,/Users/alfred/Documents/GitHub/DDLS_project/code/get_bmrb_data/bmrb_nmrstar/bmse001173/bmse001173.str,no_1H_data_found,0,,,"5,7-dihydroxy-3-(4-methoxyphenyl)chromen-4-one",,,
bmse001174,/Users/alfred/Documents/GitHub/DDLS_project/code/get_bmrb_data/bmrb_nmrstar/bmse001174/bmse001174.str,no_1H_data_found,0,,,Genistein,,,
bmse001175,/Users/alfred/Documents/GitHub/DDLS_project/code/get_bmrb_data/bmrb_nmrstar/bmse001175/bmse001175.str,no_1H_data_found,0,,,Tuftsin acetate salt hydrate,,,
bmse001176,/Users/alfred/Documents/GitHub/DDLS_project/code/get_bmrb_data/bmrb_nmrstar/bmse001176/bmse001176.str,no_1H_data_found,0,,,"2-(3,4-dihydroxyphenyl)-3,5,7-trihydroxychromen-4-one",,,
bmse001177,/Users/alfred/Documents/GitHub/DDLS_project/code/get_bmrb_data/bmrb_nmrstar/bmse001177/bmse001177.str,no_1H_data_found,0,,,Protoporphyrin IX,,,
bmse001178,/Users/alfred/Documents/GitHub/DDLS_project/code/get_bmrb_data/bmrb_nmrstar/bmse001178/bmse001178.str,no_1H_data_found,0,,,"(5Z,8Z,11Z,14Z)-icosa-5,8,11,14-tetraenoic acid",,,
bmse001179,/Users/alfred/Documents/GitHub/DDLS_project/code/get_bmrb_data/bmrb_nmrstar/bmse001179/bmse001179.str,no_1H_data_found,0,,,"3,4,5-trihydroxycyclohexene-1-carboxylic acid",,,
bmse001180,/Users/alfred/Documents/GitHub/DDLS_project/code/get_bmrb_data/bmrb_nmrstar/bmse001180/bmse001180.str,no_1H_data_found,0,,,4-methyl-1-propan-2-ylbicyclo[3.1.0]hexan-4-ol hydrate,,,
bmse001181,/Users/alfred/Documents/GitHub/DDLS_project/code/get_bmrb_data/bmrb_nmrstar/bmse001181/bmse001181.str,no_1H_data_found,0,,,3-Methylbutanal,,,
bmse001182,/Users/alfred/Documents/GitHub/DDLS_project/code/get_bmrb_data/bmrb_nmrstar/bmse001182/bmse001182.str,no_1H_data_found,0,,,"1-(1H-indol-3-yl)-N,N-dimethylmethanamine",,,
bmse001183,/Users/alfred/Documents/GitHub/DDLS_project/code/get_bmrb_data/bmrb_nmrstar/bmse001183/bmse001183.str,no_1H_data_found,0,,,"6-hydroxy-1,4a-dimethyl-2,3,4,9,10,10a-hexahydrophenanthrene-1-carboxylic acid",,,
bmse001184,/Users/alfred/Documents/GitHub/DDLS_project/code/get_bmrb_data/bmrb_nmrstar/bmse001184/bmse001184.str,no_1H_data_found,0,,,Chartreusin from Streptomyces chartreusis,,,
bmse001185,/Users/alfred/Documents/GitHub/DDLS_project/code/get_bmrb_data/bmrb_nmrstar/bmse001185/bmse001185.str,no_1H_data_found,0,,,"4,7,7-trimethyl-8-oxabicyclo[2.2.2]octane",,,
bmse001186,/Users/alfred/Documents/GitHub/DDLS_project/code/get_bmrb_data/bmrb_nmrstar/bmse001186/bmse001186.str,no_1H_data_found,0,,,"2-methyl-5-propan-2-ylcyclohexa-1,3-diene",,,
bmse001187,/Users/alfred/Documents/GitHub/DDLS_project/code/get_bmrb_data/bmrb_nmrstar/bmse001187/bmse001187.str,no_1H_data_found,0,,,"5-hydroxy-2-methylnaphthalene-1,4-dione",,,
bmse001188,/Users/alfred/Documents/GitHub/DDLS_project/code/get_bmrb_data/bmrb_nmrstar/bmse001188/bmse001188.str,no_1H_data_found,0,,,2-(4-hydroxy-3-prop-2-enylphenyl)-4-prop-2-enylphenol,,,
bmse001189,/Users/alfred/Documents/GitHub/DDLS_project/code/get_bmrb_data/bmrb_nmrstar/bmse001189/bmse001189.str,no_1H_data_found,0,,,2-(2-hydroxy-5-prop-2-enylphenyl)-4-prop-2-enylphenol,,,
bmse001190,/Users/alfred/Documents/GitHub/DDLS_project/code/get_bmrb_data/bmrb_nmrstar/bmse001190/bmse001190.str,no_1H_data_found,0,,,Ellagic acid,,,
bmse001191,/Users/alfred/Documents/GitHub/DDLS_project/code/get_bmrb_data/bmrb_nmrstar/bmse001191/bmse001191.str,no_1H_data_found,0,,,5-Methylfuran-2-carbaldehyde,,,
bmse001192,/Users/alfred/Documents/GitHub/DDLS_project/code/get_bmrb_data/bmrb_nmrstar/bmse001192/bmse001192.str,no_1H_data_found,0,,,"5-CHLORO-2-(2,4-DICHLOROPHENOXY)PHENOL",,,
bmse001193,/Users/alfred/Documents/GitHub/DDLS_project/code/get_bmrb_data/bmrb_nmrstar/bmse001193/bmse001193.str,no_1H_data_found,0,,,Berberine chloride,,,
bmse001194,/Users/alfred/Documents/GitHub/DDLS_project/code/get_bmrb_data/bmrb_nmrstar/bmse001194/bmse001194.str,no_1H_data_found,0,,,Methyl 4-hydroxybenzoate,,,
bmse001195,/Users/alfred/Documents/GitHub/DDLS_project/code/get_bmrb_data/bmrb_nmrstar/bmse001195/bmse001195.str,no_1H_data_found,0,,,2-prop-2-enylphenol,,,
bmse001196,/Users/alfred/Documents/GitHub/DDLS_project/code/get_bmrb_data/bmrb_nmrstar/bmse001196/bmse001196.str,no_1H_data_found,0,,,5-hydroxy-2-(hydroxymethyl)pyran-4-one,,,
bmse001197,/Users/alfred/Documents/GitHub/DDLS_project/code/get_bmrb_data/bmrb_nmrstar/bmse001197/bmse001197.str,no_1H_data_found,0,,,(E)-6-(4-hydroxy-6-methoxy-7-methyl-3-oxo-1H-2-benzofuran-5-yl)-4-methylhex-4-enoic acid,,,
bmse001198,/Users/alfred/Documents/GitHub/DDLS_project/code/get_bmrb_data/bmrb_nmrstar/bmse001198/bmse001198.str,no_1H_data_found,0,,,Acenaphthene,,,
bmse001199,/Users/alfred/Documents/GitHub/DDLS_project/code/get_bmrb_data/bmrb_nmrstar/bmse001199/bmse001199.str,no_1H_data_found,0,,,benzyl-dimethyl-tetradecylazanium chloride,,,
bmse001200,/Users/alfred/Documents/GitHub/DDLS_project/code/get_bmrb_data/bmrb_nmrstar/bmse001200/bmse001200.str,no_1H_data_found,0,,,2-[2-[2-[2-(Bis(carboxymethyl)amino)ethoxy]ethoxy]ethyl-(carboxymethyl)amino]acetic acid,,,
bmse001201,/Users/alfred/Documents/GitHub/DDLS_project/code/get_bmrb_data/bmrb_nmrstar/bmse001201/bmse001201.str,no_1H_data_found,0,,,"1-hydroxyanthracene-9,10-dione",,,
bmse001202,/Users/alfred/Documents/GitHub/DDLS_project/code/get_bmrb_data/bmrb_nmrstar/bmse001202/bmse001202.str,no_1H_data_found,0,,,2-methyl-5-prop-1-en-2-ylcyclohex-2-en-1-one,,,
bmse001203,/Users/alfred/Documents/GitHub/DDLS_project/code/get_bmrb_data/bmrb_nmrstar/bmse001203/bmse001203.str,no_1H_data_found,0,,,"4-hydroxy-2,5-dimethylfuran-3-one",,,
bmse001204,/Users/alfred/Documents/GitHub/DDLS_project/code/get_bmrb_data/bmrb_nmrstar/bmse001204/bmse001204.str,no_1H_data_found,0,,,2-METHYL-BICYCLO(2.2.1)HEPT-5-ENE-2-CARBOXYLIC ACID,,,
bmse001205,/Users/alfred/Documents/GitHub/DDLS_project/code/get_bmrb_data/bmrb_nmrstar/bmse001205/bmse001205.str,no_1H_data_found,0,,,D-Norvaline,,,
bmse001206,/Users/alfred/Documents/GitHub/DDLS_project/code/get_bmrb_data/bmrb_nmrstar/bmse001206/bmse001206.str,no_1H_data_found,0,,,Haloperidol,,,
bmse001207,/Users/alfred/Documents/GitHub/DDLS_project/code/get_bmrb_data/bmrb_nmrstar/bmse001207/bmse001207.str,no_1H_data_found,0,,,Isonicotinamide,,,
bmse001208,/Users/alfred/Documents/GitHub/DDLS_project/code/get_bmrb_data/bmrb_nmrstar/bmse001208/bmse001208.str,no_1H_data_found,0,,,Myrcene,,,
bmse001209,/Users/alfred/Documents/GitHub/DDLS_project/code/get_bmrb_data/bmrb_nmrstar/bmse001209/bmse001209.str,no_1H_data_found,0,,,(-)-Isoproterenol hydrochloride,,,
bmse001210,/Users/alfred/Documents/GitHub/DDLS_project/code/get_bmrb_data/bmrb_nmrstar/bmse001210/bmse001210.str,no_1H_data_found,0,,,Loperamide hydrochloride,,,
bmse001211,/Users/alfred/Documents/GitHub/DDLS_project/code/get_bmrb_data/bmrb_nmrstar/bmse001211/bmse001211.str,no_1H_data_found,0,,,Dichloroisoproterenol hydrochloride,,,
bmse001212,/Users/alfred/Documents/GitHub/DDLS_project/code/get_bmrb_data/bmrb_nmrstar/bmse001212/bmse001212.str,no_1H_data_found,0,,,2-Nitrophenyl 2-acetamido-2-deoxy-alpha-D-glucopyranoside,,,
bmse001213,/Users/alfred/Documents/GitHub/DDLS_project/code/get_bmrb_data/bmrb_nmrstar/bmse001213/bmse001213.str,no_1H_data_found,0,,,Pleurotine,,,
bmse001214,/Users/alfred/Documents/GitHub/DDLS_project/code/get_bmrb_data/bmrb_nmrstar/bmse001214/bmse001214.str,no_1H_data_found,0,,,beta-Yohimbine,,,
bmse001215,/Users/alfred/Documents/GitHub/DDLS_project/code/get_bmrb_data/bmrb_nmrstar/bmse001215/bmse001215.str,no_1H_data_found,0,,,Sequiterpene lactone 326,,,
bmse001216,/Users/alfred/Documents/GitHub/DDLS_project/code/get_bmrb_data/bmrb_nmrstar/bmse001216/bmse001216.str,no_1H_data_found,0,,,Coumestrol,,,
bmse001217,/Users/alfred/Documents/GitHub/DDLS_project/code/get_bmrb_data/bmrb_nmrstar/bmse001217/bmse001217.str,no_1H_data_found,0,,,Bactobolin,,,
bmse001218,/Users/alfred/Documents/GitHub/DDLS_project/code/get_bmrb_data/bmrb_nmrstar/bmse001218/bmse001218.str,no_1H_data_found,0,,,LONCHOCARPIC ACID,,,
bmse001219,/Users/alfred/Documents/GitHub/DDLS_project/code/get_bmrb_data/bmrb_nmrstar/bmse001219/bmse001219.str,no_1H_data_found,0,,,Pyrethrosin,,,
bmse001220,/Users/alfred/Documents/GitHub/DDLS_project/code/get_bmrb_data/bmrb_nmrstar/bmse001220/bmse001220.str,no_1H_data_found,0,,,Pubescine,,,
bmse001221,/Users/alfred/Documents/GitHub/DDLS_project/code/get_bmrb_data/bmrb_nmrstar/bmse001221/bmse001221.str,no_1H_data_found,0,,,(-)-Ambroxide,,,
bmse001222,/Users/alfred/Documents/GitHub/DDLS_project/code/get_bmrb_data/bmrb_nmrstar/bmse001222/bmse001222.str,no_1H_data_found,0,,,LDCast,,,
bmse001223,/Users/alfred/Documents/GitHub/DDLS_project/code/get_bmrb_data/bmrb_nmrstar/bmse001223/bmse001223.str,no_1H_data_found,0,,,Guaiacol glyceryl ether carbamate,,,
bmse001224,/Users/alfred/Documents/GitHub/DDLS_project/code/get_bmrb_data/bmrb_nmrstar/bmse001224/bmse001224.str,no_1H_data_found,0,,,Ginkgotoxin,,,
bmse001225,/Users/alfred/Documents/GitHub/DDLS_project/code/get_bmrb_data/bmrb_nmrstar/bmse001225/bmse001225.str,no_1H_data_found,0,,,Arecoline hydrobromide,,,
bmse001226,/Users/alfred/Documents/GitHub/DDLS_project/code/get_bmrb_data/bmrb_nmrstar/bmse001226/bmse001226.str,no_1H_data_found,0,,,Isoborneol,,,
bmse001227,/Users/alfred/Documents/GitHub/DDLS_project/code/get_bmrb_data/bmrb_nmrstar/bmse001227/bmse001227.str,no_1H_data_found,0,,,DL-Kavain,,,
bmse001228,/Users/alfred/Documents/GitHub/DDLS_project/code/get_bmrb_data/bmrb_nmrstar/bmse001228/bmse001228.str,no_1H_data_found,0,,,Zeatin,,,
bmse001230,/Users/alfred/Documents/GitHub/DDLS_project/code/get_bmrb_data/bmrb_nmrstar/bmse001230/bmse001230.str,no_1H_data_found,0,,,Camphor,,,
bmse001231,/Users/alfred/Documents/GitHub/DDLS_project/code/get_bmrb_data/bmrb_nmrstar/bmse001231/bmse001231.str,no_1H_data_found,0,,,Formononetin,,,
bmse001232,/Users/alfred/Documents/GitHub/DDLS_project/code/get_bmrb_data/bmrb_nmrstar/bmse001232/bmse001232.str,no_1H_data_found,0,,,Methoxsalen,,,
bmse001233,/Users/alfred/Documents/GitHub/DDLS_project/code/get_bmrb_data/bmrb_nmrstar/bmse001233/bmse001233.str,no_1H_data_found,0,,,(-)-alpha-Santonin,,,
bmse001234,/Users/alfred/Documents/GitHub/DDLS_project/code/get_bmrb_data/bmrb_nmrstar/bmse001234/bmse001234.str,no_1H_data_found,0,,,Canadine,,,
bmse001236,/Users/alfred/Documents/GitHub/DDLS_project/code/get_bmrb_data/bmrb_nmrstar/bmse001236/bmse001236.str,no_1H_data_found,0,,,4-Hydroxytamoxifen,,,
bmse001237,/Users/alfred/Documents/GitHub/DDLS_project/code/get_bmrb_data/bmrb_nmrstar/bmse001237/bmse001237.str,no_1H_data_found,0,,,Nalidixic acid sodium salt,,,
bmse001238,/Users/alfred/Documents/GitHub/DDLS_project/code/get_bmrb_data/bmrb_nmrstar/bmse001238/bmse001238.str,no_1H_data_found,0,,,(+)-Abscisic acid,,,
bmse001239,/Users/alfred/Documents/GitHub/DDLS_project/code/get_bmrb_data/bmrb_nmrstar/bmse001239/bmse001239.str,no_1H_data_found,0,,,Hordenine,,,
bmse001240,/Users/alfred/Documents/GitHub/DDLS_project/code/get_bmrb_data/bmrb_nmrstar/bmse001240/bmse001240.str,no_1H_data_found,0,,,Papaverine hydrochloride,,,
bmse001241,/Users/alfred/Documents/GitHub/DDLS_project/code/get_bmrb_data/bmrb_nmrstar/bmse001241/bmse001241.str,no_1H_data_found,0,,,Capsaicin,,,
bmse001242,/Users/alfred/Documents/GitHub/DDLS_project/code/get_bmrb_data/bmrb_nmrstar/bmse001242/bmse001242.str,no_1H_data_found,0,,,Probucol,,,
bmse001243,/Users/alfred/Documents/GitHub/DDLS_project/code/get_bmrb_data/bmrb_nmrstar/bmse001243/bmse001243.str,no_1H_data_found,0,,,Rotenone,,,
bmse001244,/Users/alfred/Documents/GitHub/DDLS_project/code/get_bmrb_data/bmrb_nmrstar/bmse001244/bmse001244.str,no_1H_data_found,0,,,Riluzole,,,
bmse001245,/Users/alfred/Documents/GitHub/DDLS_project/code/get_bmrb_data/bmrb_nmrstar/bmse001245/bmse001245.str,no_1H_data_found,0,,,Chelidonic acid,,,
bmse001246,/Users/alfred/Documents/GitHub/DDLS_project/code/get_bmrb_data/bmrb_nmrstar/bmse001246/bmse001246.str,no_1H_data_found,0,,,Cis-Jasmone,,,
bmse001247,/Users/alfred/Documents/GitHub/DDLS_project/code/get_bmrb_data/bmrb_nmrstar/bmse001247/bmse001247.str,no_1H_data_found,0,,,Diosgenin,,,
bmse001248,/Users/alfred/Documents/GitHub/DDLS_project/code/get_bmrb_data/bmrb_nmrstar/bmse001248/bmse001248.str,no_1H_data_found,0,,,Boldine,,,
bmse001249,/Users/alfred/Documents/GitHub/DDLS_project/code/get_bmrb_data/bmrb_nmrstar/bmse001249/bmse001249.str,no_1H_data_found,0,,,Artemisinin,,,
bmse001250,/Users/alfred/Documents/GitHub/DDLS_project/code/get_bmrb_data/bmrb_nmrstar/bmse001250/bmse001250.str,no_1H_data_found,0,,,Isocorydine,,,
bmse001251,/Users/alfred/Documents/GitHub/DDLS_project/code/get_bmrb_data/bmrb_nmrstar/bmse001251/bmse001251.str,no_1H_data_found,0,,,Noscapine hydrochloride hydrate,,,
bmse001252,/Users/alfred/Documents/GitHub/DDLS_project/code/get_bmrb_data/bmrb_nmrstar/bmse001252/bmse001252.str,no_1H_data_found,0,,,beta-Caryophyllene,,,
bmse001253,/Users/alfred/Documents/GitHub/DDLS_project/code/get_bmrb_data/bmrb_nmrstar/bmse001253/bmse001253.str,no_1H_data_found,0,,,Guaiazulene,,,
bmse001254,/Users/alfred/Documents/GitHub/DDLS_project/code/get_bmrb_data/bmrb_nmrstar/bmse001254/bmse001254.str,no_1H_data_found,0,,,trans-Nerolidol,,,
bmse001255,/Users/alfred/Documents/GitHub/DDLS_project/code/get_bmrb_data/bmrb_nmrstar/bmse001255/bmse001255.str,no_1H_data_found,0,,,(-)-Epicatechin,,,
bmse001256,/Users/alfred/Documents/GitHub/DDLS_project/code/get_bmrb_data/bmrb_nmrstar/bmse001256/bmse001256.str,no_1H_data_found,0,,,(R)-(+)-Pulegone,,,
bmse001257,/Users/alfred/Documents/GitHub/DDLS_project/code/get_bmrb_data/bmrb_nmrstar/bmse001257/bmse001257.str,no_1H_data_found,0,,,Diosmetin,,,
bmse001258,/Users/alfred/Documents/GitHub/DDLS_project/code/get_bmrb_data/bmrb_nmrstar/bmse001258/bmse001258.str,no_1H_data_found,0,,,Aloin,,,
bmse001259,/Users/alfred/Documents/GitHub/DDLS_project/code/get_bmrb_data/bmrb_nmrstar/bmse001259/bmse001259.str,no_1H_data_found,0,,,Chrysophanol,,,
bmse001260,/Users/alfred/Documents/GitHub/DDLS_project/code/get_bmrb_data/bmrb_nmrstar/bmse001260/bmse001260.str,no_1H_data_found,0,,,2-(Hydroxymethyl)anthraquinone,,,
bmse001261,/Users/alfred/Documents/GitHub/DDLS_project/code/get_bmrb_data/bmrb_nmrstar/bmse001261/bmse001261.str,no_1H_data_found,0,,,Chicoric Acid,,,
bmse001262,/Users/alfred/Documents/GitHub/DDLS_project/code/get_bmrb_data/bmrb_nmrstar/bmse001262/bmse001262.str,no_1H_data_found,0,,,4-Allylanisole,,,
bmse001263,/Users/alfred/Documents/GitHub/DDLS_project/code/get_bmrb_data/bmrb_nmrstar/bmse001263/bmse001263.str,no_1H_data_found,0,,,"4-Allyl-1,2-dimethoxybenzene",,,
bmse001264,/Users/alfred/Documents/GitHub/DDLS_project/code/get_bmrb_data/bmrb_nmrstar/bmse001264/bmse001264.str,no_1H_data_found,0,,,Myristicin,,,
bmse001265,/Users/alfred/Documents/GitHub/DDLS_project/code/get_bmrb_data/bmrb_nmrstar/bmse001265/bmse001265.str,no_1H_data_found,0,,,Safrole,,,
bmse001266,/Users/alfred/Documents/GitHub/DDLS_project/code/get_bmrb_data/bmrb_nmrstar/bmse001266/bmse001266.str,no_1H_data_found,0,,,rottlerin,,,
bmse001267,/Users/alfred/Documents/GitHub/DDLS_project/code/get_bmrb_data/bmrb_nmrstar/bmse001267/bmse001267.str,no_1H_data_found,0,,,Sesamol,,,
bmse001268,/Users/alfred/Documents/GitHub/DDLS_project/code/get_bmrb_data/bmrb_nmrstar/bmse001268/bmse001268.str,no_1H_data_found,0,,,3-Carene,,,
bmse001269,/Users/alfred/Documents/GitHub/DDLS_project/code/get_bmrb_data/bmrb_nmrstar/bmse001269/bmse001269.str,no_1H_data_found,0,,,beta-Ionone,,,
bmse001270,/Users/alfred/Documents/GitHub/DDLS_project/code/get_bmrb_data/bmrb_nmrstar/bmse001270/bmse001270.str,no_1H_data_found,0,,,Vinpocetine,,,
bmse001271,/Users/alfred/Documents/GitHub/DDLS_project/code/get_bmrb_data/bmrb_nmrstar/bmse001271/bmse001271.str,no_1H_data_found,0,,,Proglumide sodium salt,,,
bmse001272,/Users/alfred/Documents/GitHub/DDLS_project/code/get_bmrb_data/bmrb_nmrstar/bmse001272/bmse001272.str,no_1H_data_found,0,,,Myricetin,,,
bmse001273,/Users/alfred/Documents/GitHub/DDLS_project/code/get_bmrb_data/bmrb_nmrstar/bmse001273/bmse001273.str,no_1H_data_found,0,,,Simvastatin,,,
bmse001274,/Users/alfred/Documents/GitHub/DDLS_project/code/get_bmrb_data/bmrb_nmrstar/bmse001274/bmse001274.str,no_1H_data_found,0,,,Isophorone,,,
bmse001275,/Users/alfred/Documents/GitHub/DDLS_project/code/get_bmrb_data/bmrb_nmrstar/bmse001275/bmse001275.str,no_1H_data_found,0,,,Vitamin K1,,,
bmse001276,/Users/alfred/Documents/GitHub/DDLS_project/code/get_bmrb_data/bmrb_nmrstar/bmse001276/bmse001276.str,no_1H_data_found,0,,,Luteolin,,,
bmse001277,/Users/alfred/Documents/GitHub/DDLS_project/code/get_bmrb_data/bmrb_nmrstar/bmse001277/bmse001277.str,no_1H_data_found,0,,,Sparstolonin B,,,
bmse001278,/Users/alfred/Documents/GitHub/DDLS_project/code/get_bmrb_data/bmrb_nmrstar/bmse001278/bmse001278.str,no_1H_data_found,0,,,Bicuculline,,,
bmse001279,/Users/alfred/Documents/GitHub/DDLS_project/code/get_bmrb_data/bmrb_nmrstar/bmse001279/bmse001279.str,no_1H_data_found,0,,,Aspergillic acid,,,
bmse001280,/Users/alfred/Documents/GitHub/DDLS_project/code/get_bmrb_data/bmrb_nmrstar/bmse001280/bmse001280.str,no_1H_data_found,0,,,Aleuritic acid,,,
bmse001281,/Users/alfred/Documents/GitHub/DDLS_project/code/get_bmrb_data/bmrb_nmrstar/bmse001281/bmse001281.str,no_1H_data_found,0,,,Noscapine hydrochloride,,,
bmse001282,/Users/alfred/Documents/GitHub/DDLS_project/code/get_bmrb_data/bmrb_nmrstar/bmse001282/bmse001282.str,no_1H_data_found,0,,,Daphnetin diacetate,,,
bmse001283,/Users/alfred/Documents/GitHub/DDLS_project/code/get_bmrb_data/bmrb_nmrstar/bmse001283/bmse001283.str,no_1H_data_found,0,,,Picrotin,,,
bmse001284,/Users/alfred/Documents/GitHub/DDLS_project/code/get_bmrb_data/bmrb_nmrstar/bmse001284/bmse001284.str,no_1H_data_found,0,,,Pomiferin,,,
bmse001285,/Users/alfred/Documents/GitHub/DDLS_project/code/get_bmrb_data/bmrb_nmrstar/bmse001285/bmse001285.str,no_1H_data_found,0,,,Radicinin,,,
bmse001286,/Users/alfred/Documents/GitHub/DDLS_project/code/get_bmrb_data/bmrb_nmrstar/bmse001286/bmse001286.str,no_1H_data_found,0,,,Hispanolone,,,
bmse001287,/Users/alfred/Documents/GitHub/DDLS_project/code/get_bmrb_data/bmrb_nmrstar/bmse001287/bmse001287.str,no_1H_data_found,0,,,Dehydroabietic acid,,,
bmse001288,/Users/alfred/Documents/GitHub/DDLS_project/code/get_bmrb_data/bmrb_nmrstar/bmse001288/bmse001288.str,no_1H_data_found,0,,,Quadrone,,,
bmse001289,/Users/alfred/Documents/GitHub/DDLS_project/code/get_bmrb_data/bmrb_nmrstar/bmse001289/bmse001289.str,no_1H_data_found,0,,,Gelcohol,,,
bmse001290,/Users/alfred/Documents/GitHub/DDLS_project/code/get_bmrb_data/bmrb_nmrstar/bmse001290/bmse001290.str,no_1H_data_found,0,,,Medicarpin,,,
bmse001291,/Users/alfred/Documents/GitHub/DDLS_project/code/get_bmrb_data/bmrb_nmrstar/bmse001291/bmse001291.str,no_1H_data_found,0,,,Fastigillin B,,,
bmse001292,/Users/alfred/Documents/GitHub/DDLS_project/code/get_bmrb_data/bmrb_nmrstar/bmse001292/bmse001292.str,no_1H_data_found,0,,,Confertifoline,,,
bmse001293,/Users/alfred/Documents/GitHub/DDLS_project/code/get_bmrb_data/bmrb_nmrstar/bmse001293/bmse001293.str,no_1H_data_found,0,,,Pentoxifylline,,,
bmse001294,/Users/alfred/Documents/GitHub/DDLS_project/code/get_bmrb_data/bmrb_nmrstar/bmse001294/bmse001294.str,no_1H_data_found,0,,,Parthenolide,,,
bmse001295,/Users/alfred/Documents/GitHub/DDLS_project/code/get_bmrb_data/bmrb_nmrstar/bmse001295/bmse001295.str,no_1H_data_found,0,,,3-(4-Hydroxyphenyl)propionic acid,,,
bmse001296,/Users/alfred/Documents/GitHub/DDLS_project/code/get_bmrb_data/bmrb_nmrstar/bmse001296/bmse001296.str,no_1H_data_found,0,,,Betulin,,,
bmse001297,/Users/alfred/Documents/GitHub/DDLS_project/code/get_bmrb_data/bmrb_nmrstar/bmse001297/bmse001297.str,no_1H_data_found,0,,,Emodin,,,
bmse001298,/Users/alfred/Documents/GitHub/DDLS_project/code/get_bmrb_data/bmrb_nmrstar/bmse001298/bmse001298.str,no_1H_data_found,0,,,Daidzein,,,
bmse001299,/Users/alfred/Documents/GitHub/DDLS_project/code/get_bmrb_data/bmrb_nmrstar/bmse001299/bmse001299.str,no_1H_data_found,0,,,Parthenin,,,
bmse001300,/Users/alfred/Documents/GitHub/DDLS_project/code/get_bmrb_data/bmrb_nmrstar/bmse001300/bmse001300.str,no_1H_data_found,0,,,Dihydroisorescinnamine,,,
bmse001301,/Users/alfred/Documents/GitHub/DDLS_project/code/get_bmrb_data/bmrb_nmrstar/bmse001301/bmse001301.str,no_1H_data_found,0,,,"Norlobaric acid, decarboxy-",,,
bmse001302,/Users/alfred/Documents/GitHub/DDLS_project/code/get_bmrb_data/bmrb_nmrstar/bmse001302/bmse001302.str,no_1H_data_found,0,,,Taxifolin,,,
bmse001303,/Users/alfred/Documents/GitHub/DDLS_project/code/get_bmrb_data/bmrb_nmrstar/bmse001303/bmse001303.str,no_1H_data_found,0,,,Pseudoyohimbine,,,
bmse001304,/Users/alfred/Documents/GitHub/DDLS_project/code/get_bmrb_data/bmrb_nmrstar/bmse001304/bmse001304.str,no_1H_data_found,0,,,Beta-Lapachone,,,
bmse001305,/Users/alfred/Documents/GitHub/DDLS_project/code/get_bmrb_data/bmrb_nmrstar/bmse001305/bmse001305.str,no_1H_data_found,0,,,Himbacine,,,
bmse001306,/Users/alfred/Documents/GitHub/DDLS_project/code/get_bmrb_data/bmrb_nmrstar/bmse001306/bmse001306.str,no_1H_data_found,0,,,Atorvastatin,,,
bmse001307,/Users/alfred/Documents/GitHub/DDLS_project/code/get_bmrb_data/bmrb_nmrstar/bmse001307/bmse001307.str,no_1H_data_found,0,,,Cordycepin,,,
bmse001308,/Users/alfred/Documents/GitHub/DDLS_project/code/get_bmrb_data/bmrb_nmrstar/bmse001308/bmse001308.str,no_1H_data_found,0,,,Neohesperidin,,,
bmse001309,/Users/alfred/Documents/GitHub/DDLS_project/code/get_bmrb_data/bmrb_nmrstar/bmse001309/bmse001309.str,no_1H_data_found,0,,,Madecassic acid,,,
bmse001310,/Users/alfred/Documents/GitHub/DDLS_project/code/get_bmrb_data/bmrb_nmrstar/bmse001310/bmse001310.str,no_1H_data_found,0,,,Stictic acid,,,
bmse001311,/Users/alfred/Documents/GitHub/DDLS_project/code/get_bmrb_data/bmrb_nmrstar/bmse001311/bmse001311.str,no_1H_data_found,0,,,Ascochitine,,,
bmse001312,/Users/alfred/Documents/GitHub/DDLS_project/code/get_bmrb_data/bmrb_nmrstar/bmse001312/bmse001312.str,no_1H_data_found,0,,,Patchouli alcohol,,,
bmse001313,/Users/alfred/Documents/GitHub/DDLS_project/code/get_bmrb_data/bmrb_nmrstar/bmse001313/bmse001313.str,no_1H_data_found,0,,,Magnolin,,,
bmse001314,/Users/alfred/Documents/GitHub/DDLS_project/code/get_bmrb_data/bmrb_nmrstar/bmse001314/bmse001314.str,no_1H_data_found,0,,,Genipin,,,
bmse001315,/Users/alfred/Documents/GitHub/DDLS_project/code/get_bmrb_data/bmrb_nmrstar/bmse001315/bmse001315.str,no_1H_data_found,0,,,Bakuchiol,,,
bmse001316,/Users/alfred/Documents/GitHub/DDLS_project/code/get_bmrb_data/bmrb_nmrstar/bmse001316/bmse001316.str,no_1H_data_found,0,,,Cardamonin,,,
bmse001317,/Users/alfred/Documents/GitHub/DDLS_project/code/get_bmrb_data/bmrb_nmrstar/bmse001317/bmse001317.str,no_1H_data_found,0,,,Panaxatriol,,,
bmse001318,/Users/alfred/Documents/GitHub/DDLS_project/code/get_bmrb_data/bmrb_nmrstar/bmse001318/bmse001318.str,no_1H_data_found,0,,,Silibinin,,,
bmse001319,/Users/alfred/Documents/GitHub/DDLS_project/code/get_bmrb_data/bmrb_nmrstar/bmse001319/bmse001319.str,no_1H_data_found,0,,,(-)-dehydrocostuslactone,,,
bmse001320,/Users/alfred/Documents/GitHub/DDLS_project/code/get_bmrb_data/bmrb_nmrstar/bmse001320/bmse001320.str,no_1H_data_found,0,,,Galangin,,,
bmse001321,/Users/alfred/Documents/GitHub/DDLS_project/code/get_bmrb_data/bmrb_nmrstar/bmse001321/bmse001321.str,no_1H_data_found,0,,,Pterostilbene,,,
bmse001322,/Users/alfred/Documents/GitHub/DDLS_project/code/get_bmrb_data/bmrb_nmrstar/bmse001322/bmse001322.str,no_1H_data_found,0,,,Purpurin,,,
bmse001323,/Users/alfred/Documents/GitHub/DDLS_project/code/get_bmrb_data/bmrb_nmrstar/bmse001323/bmse001323.str,no_1H_data_found,0,,,Paeonol,,,
bmse001324,/Users/alfred/Documents/GitHub/DDLS_project/code/get_bmrb_data/bmrb_nmrstar/bmse001324/bmse001324.str,no_1H_data_found,0,,,Camptothecin,,,
bmse001325,/Users/alfred/Documents/GitHub/DDLS_project/code/get_bmrb_data/bmrb_nmrstar/bmse001325/bmse001325.str,no_1H_data_found,0,,,Maslinic acid,,,
bmse001326,/Users/alfred/Documents/GitHub/DDLS_project/code/get_bmrb_data/bmrb_nmrstar/bmse001326/bmse001326.str,no_1H_data_found,0,,,2'-Fucosyllactose,,,
bmse001327,/Users/alfred/Documents/GitHub/DDLS_project/code/get_bmrb_data/bmrb_nmrstar/bmse001327/bmse001327.str,no_1H_data_found,0,,,Lacto-N-tetraose,,,
bmse001328,/Users/alfred/Documents/GitHub/DDLS_project/code/get_bmrb_data/bmrb_nmrstar/bmse001328/bmse001328.str,no_1H_data_found,0,,,Lacto-N-fucopentaitolI,,,
bmse001329,/Users/alfred/Documents/GitHub/DDLS_project/code/get_bmrb_data/bmrb_nmrstar/bmse001329/bmse001329.str,no_1H_data_found,0,,,3'-Sialyllactose Sodium Salt,,,
bmse001330,/Users/alfred/Documents/GitHub/DDLS_project/code/get_bmrb_data/bmrb_nmrstar/bmse001330/bmse001330.str,no_1H_data_found,0,,,3-Fucosyllactose,,,
bmse001331,/Users/alfred/Documents/GitHub/DDLS_project/code/get_bmrb_data/bmrb_nmrstar/bmse001331/bmse001331.str,no_1H_data_found,0,,,6'-Sialyllactose sodium salt,,,
bmse001332,/Users/alfred/Documents/GitHub/DDLS_project/code/get_bmrb_data/bmrb_nmrstar/bmse001332/bmse001332.str,no_1H_data_found,0,,,LNnT,,,
bmse001333,/Users/alfred/Documents/GitHub/DDLS_project/code/get_bmrb_data/bmrb_nmrstar/bmse001333/bmse001333.str,no_1H_data_found,0,,,Tanshinone IIA,,,
bmse001334,/Users/alfred/Documents/GitHub/DDLS_project/code/get_bmrb_data/bmrb_nmrstar/bmse001334/bmse001334.str,no_1H_data_found,0,,,Schisandrin,,,
bmse001335,/Users/alfred/Documents/GitHub/DDLS_project/code/get_bmrb_data/bmrb_nmrstar/bmse001335/bmse001335.str,no_1H_data_found,0,,,Lovastatin,,,
bmse001336,/Users/alfred/Documents/GitHub/DDLS_project/code/get_bmrb_data/bmrb_nmrstar/bmse001336/bmse001336.str,no_1H_data_found,0,,,Tangeretin,,,
bmse001337,/Users/alfred/Documents/GitHub/DDLS_project/code/get_bmrb_data/bmrb_nmrstar/bmse001337/bmse001337.str,no_1H_data_found,0,,,Estradiene dione-3-keta,,,
bmse001338,/Users/alfred/Documents/GitHub/DDLS_project/code/get_bmrb_data/bmrb_nmrstar/bmse001338/bmse001338.str,no_1H_data_found,0,,,4-Ipomeanol,,,
bmse001339,/Users/alfred/Documents/GitHub/DDLS_project/code/get_bmrb_data/bmrb_nmrstar/bmse001339/bmse001339.str,no_1H_data_found,0,,,Streptonigrin,,,
bmse001340,/Users/alfred/Documents/GitHub/DDLS_project/code/get_bmrb_data/bmrb_nmrstar/bmse001340/bmse001340.str,no_1H_data_found,0,,,Ellipticine,,,
bmse001341,/Users/alfred/Documents/GitHub/DDLS_project/code/get_bmrb_data/bmrb_nmrstar/bmse001341/bmse001341.str,no_1H_data_found,0,,,Colchicine,,,
bmse001342,/Users/alfred/Documents/GitHub/DDLS_project/code/get_bmrb_data/bmrb_nmrstar/bmse001342/bmse001342.str,no_1H_data_found,0,,,Daunorubicin,,,
bmse001343,/Users/alfred/Documents/GitHub/DDLS_project/code/get_bmrb_data/bmrb_nmrstar/bmse001343/bmse001343.str,no_1H_data_found,0,,,Voglibose,,,
bmse010001,/Users/alfred/Documents/GitHub/DDLS_project/code/get_bmrb_data/bmrb_nmrstar/bmse010001/bmse010001.str,no_1H_data_found,0,,,1-(4-Hydroxyphenyl)ethanol,,,
bmse010002,/Users/alfred/Documents/GitHub/DDLS_project/code/get_bmrb_data/bmrb_nmrstar/bmse010002/bmse010002.str,no_1H_data_found,0,,,Apocynol,,,
bmse010003,/Users/alfred/Documents/GitHub/DDLS_project/code/get_bmrb_data/bmrb_nmrstar/bmse010003/bmse010003.str,no_1H_data_found,0,,,"1-(4-Hydroxy-3,5-dimethoxyphenyl)ethanol",,,
bmse010004,/Users/alfred/Documents/GitHub/DDLS_project/code/get_bmrb_data/bmrb_nmrstar/bmse010004/bmse010004.str,no_1H_data_found,0,,,"1-(3,4-Dimethoxyphenyl)ethanol",,,
bmse010005,/Users/alfred/Documents/GitHub/DDLS_project/code/get_bmrb_data/bmrb_nmrstar/bmse010005/bmse010005.str,no_1H_data_found,0,,,p-Hydroxybenzaldehyde,,,
bmse010006,/Users/alfred/Documents/GitHub/DDLS_project/code/get_bmrb_data/bmrb_nmrstar/bmse010006/bmse010006.str,no_1H_data_found,0,,,Vanillin,,,
bmse010007,/Users/alfred/Documents/GitHub/DDLS_project/code/get_bmrb_data/bmrb_nmrstar/bmse010007/bmse010007.str,no_1H_data_found,0,,,Syringyl-alcohol,,,
bmse010008,/Users/alfred/Documents/GitHub/DDLS_project/code/get_bmrb_data/bmrb_nmrstar/bmse010008/bmse010008.str,no_1H_data_found,0,,,Methyl-4-acetoxybenzoate,,,
bmse010009,/Users/alfred/Documents/GitHub/DDLS_project/code/get_bmrb_data/bmrb_nmrstar/bmse010009/bmse010009.str,no_1H_data_found,0,,,Methyl-4-hydroxybenzoate,,,
bmse010010,/Users/alfred/Documents/GitHub/DDLS_project/code/get_bmrb_data/bmrb_nmrstar/bmse010010/bmse010010.str,no_1H_data_found,0,,,4-Hydroxy-3-methoxybenzyl-alcohol,,,
bmse010011,/Users/alfred/Documents/GitHub/DDLS_project/code/get_bmrb_data/bmrb_nmrstar/bmse010011/bmse010011.str,no_1H_data_found,0,,,"2,3-Diacetoxypropioveratrone",,,
bmse010012,/Users/alfred/Documents/GitHub/DDLS_project/code/get_bmrb_data/bmrb_nmrstar/bmse010012/bmse010012.str,no_1H_data_found,0,,,p-Anisic-acid,,,
bmse010013,/Users/alfred/Documents/GitHub/DDLS_project/code/get_bmrb_data/bmrb_nmrstar/bmse010013/bmse010013.str,no_1H_data_found,0,,,"2-(2,6-Dimethoxyphenoxy)-1-(4-hydroxy-3,5-dimethoxyphenyl)ethanone",,,
bmse010014,/Users/alfred/Documents/GitHub/DDLS_project/code/get_bmrb_data/bmrb_nmrstar/bmse010014/bmse010014.str,no_1H_data_found,0,,,Hydroxyphenylethanol-diacetate,,,
bmse010015,/Users/alfred/Documents/GitHub/DDLS_project/code/get_bmrb_data/bmrb_nmrstar/bmse010015/bmse010015.str,no_1H_data_found,0,,,4-acetoxybenzyl-acetate,,,
bmse010016,/Users/alfred/Documents/GitHub/DDLS_project/code/get_bmrb_data/bmrb_nmrstar/bmse010016/bmse010016.str,no_1H_data_found,0,,,Methyl-p-anisate,,,
bmse010017,/Users/alfred/Documents/GitHub/DDLS_project/code/get_bmrb_data/bmrb_nmrstar/bmse010017/bmse010017.str,no_1H_data_found,0,,,"1-(4-acetoxy-3,5-dimethoxyphenyl)-2-(2,6-dmethoxyphenoxy)ethanone",,,
bmse010018,/Users/alfred/Documents/GitHub/DDLS_project/code/get_bmrb_data/bmrb_nmrstar/bmse010018/bmse010018.str,no_1H_data_found,0,,,"1-(4-acetoxy-3,5-dimethoxyphenyl)-2-(2-methoxyphenoxy)ethanone",,,
bmse010019,/Users/alfred/Documents/GitHub/DDLS_project/code/get_bmrb_data/bmrb_nmrstar/bmse010019/bmse010019.str,no_1H_data_found,0,,,Dehydrodivanillin,,,
bmse010020,/Users/alfred/Documents/GitHub/DDLS_project/code/get_bmrb_data/bmrb_nmrstar/bmse010020/bmse010020.str,no_1H_data_found,0,,,Veratrylglycerol-B-syringol-ether-triacetate,,,
bmse010021,/Users/alfred/Documents/GitHub/DDLS_project/code/get_bmrb_data/bmrb_nmrstar/bmse010021/bmse010021.str,no_1H_data_found,0,,,"1-(3,4-Dimethoxyphenyl)-2-[4-(1-hydroxyethyl)-2,6-dimethoxyphenoxy]propane-1,3-diol",,,
bmse010022,/Users/alfred/Documents/GitHub/DDLS_project/code/get_bmrb_data/bmrb_nmrstar/bmse010022/bmse010022.str,no_1H_data_found,0,,,Xylan,,,
bmse010023,/Users/alfred/Documents/GitHub/DDLS_project/code/get_bmrb_data/bmrb_nmrstar/bmse010023/bmse010023.str,no_1H_data_found,0,,,Dihydroferulic-Acid,,,
bmse010024,/Users/alfred/Documents/GitHub/DDLS_project/code/get_bmrb_data/bmrb_nmrstar/bmse010024/bmse010024.str,no_1H_data_found,0,,,4-Methoxyacetophenone,,,
bmse010025,/Users/alfred/Documents/GitHub/DDLS_project/code/get_bmrb_data/bmrb_nmrstar/bmse010025/bmse010025.str,no_1H_data_found,0,,,p-Methoxybenzyl-alcohol,,,
bmse010026,/Users/alfred/Documents/GitHub/DDLS_project/code/get_bmrb_data/bmrb_nmrstar/bmse010026/bmse010026.str,no_1H_data_found,0,,,Phenol,,,
bmse010027,/Users/alfred/Documents/GitHub/DDLS_project/code/get_bmrb_data/bmrb_nmrstar/bmse010027/bmse010027.str,no_1H_data_found,0,,,Guaiacol,,,
bmse010028,/Users/alfred/Documents/GitHub/DDLS_project/code/get_bmrb_data/bmrb_nmrstar/bmse010028/bmse010028.str,no_1H_data_found,0,,,p-Hydroxybenzyl-alcohol,,,
bmse010029,/Users/alfred/Documents/GitHub/DDLS_project/code/get_bmrb_data/bmrb_nmrstar/bmse010029/bmse010029.str,no_1H_data_found,0,,,"3,4-Dimethoxybenzyl-alcohol",,,
bmse010030,/Users/alfred/Documents/GitHub/DDLS_project/code/get_bmrb_data/bmrb_nmrstar/bmse010030/bmse010030.str,no_1H_data_found,0,,,p-Hydroxyacetophenone,,,
bmse010031,/Users/alfred/Documents/GitHub/DDLS_project/code/get_bmrb_data/bmrb_nmrstar/bmse010031/bmse010031.str,no_1H_data_found,0,,,Acetovanillone,,,
bmse010032,/Users/alfred/Documents/GitHub/DDLS_project/code/get_bmrb_data/bmrb_nmrstar/bmse010032/bmse010032.str,no_1H_data_found,0,,,Acetosyringone,,,
bmse010033,/Users/alfred/Documents/GitHub/DDLS_project/code/get_bmrb_data/bmrb_nmrstar/bmse010033/bmse010033.str,no_1H_data_found,0,,,Acetoveratrone,,,
bmse010034,/Users/alfred/Documents/GitHub/DDLS_project/code/get_bmrb_data/bmrb_nmrstar/bmse010034/bmse010034.str,no_1H_data_found,0,,,lignin_cw_compound_1001,,,
bmse010035,/Users/alfred/Documents/GitHub/DDLS_project/code/get_bmrb_data/bmrb_nmrstar/bmse010035/bmse010035.str,no_1H_data_found,0,,,lignin_cw_compound_1002,,,
bmse010036,/Users/alfred/Documents/GitHub/DDLS_project/code/get_bmrb_data/bmrb_nmrstar/bmse010036/bmse010036.str,no_1H_data_found,0,,,lignin_cw_compound_1003,,,
bmse010037,/Users/alfred/Documents/GitHub/DDLS_project/code/get_bmrb_data/bmrb_nmrstar/bmse010037/bmse010037.str,no_1H_data_found,0,,,lignin_cw_compound_1004,,,
bmse010038,/Users/alfred/Documents/GitHub/DDLS_project/code/get_bmrb_data/bmrb_nmrstar/bmse010038/bmse010038.str,no_1H_data_found,0,,,lignin_cw_compound_1005,,,
bmse010039,/Users/alfred/Documents/GitHub/DDLS_project/code/get_bmrb_data/bmrb_nmrstar/bmse010039/bmse010039.str,no_1H_data_found,0,,,lignin_cw_compound_1006,,,
bmse010040,/Users/alfred/Documents/GitHub/DDLS_project/code/get_bmrb_data/bmrb_nmrstar/bmse010040/bmse010040.str,no_1H_data_found,0,,,"1-(4-acetoxy-3,5-dimethoxyphenyl)-1,3-diacetoxy-2-[4-(1-acetoxyethyl)phenoxy] propane",,,
bmse010041,/Users/alfred/Documents/GitHub/DDLS_project/code/get_bmrb_data/bmrb_nmrstar/bmse010041/bmse010041.str,no_1H_data_found,0,,,Guaiacylglycerol-B-guaiacyl ether,,,
bmse010042,/Users/alfred/Documents/GitHub/DDLS_project/code/get_bmrb_data/bmrb_nmrstar/bmse010042/bmse010042.str,no_1H_data_found,0,,,Guaiacylglycerol-B-guaiacyl ether,,,
bmse010043,/Users/alfred/Documents/GitHub/DDLS_project/code/get_bmrb_data/bmrb_nmrstar/bmse010043/bmse010043.str,no_1H_data_found,0,,,Acetylated acetovanillone,,,
bmse010044,/Users/alfred/Documents/GitHub/DDLS_project/code/get_bmrb_data/bmrb_nmrstar/bmse010044/bmse010044.str,no_1H_data_found,0,,,Veratrylglycerol-B-guaiacyl ether,,,
bmse010045,/Users/alfred/Documents/GitHub/DDLS_project/code/get_bmrb_data/bmrb_nmrstar/bmse010045/bmse010045.str,no_1H_data_found,0,,,Veratrylglycerol-B-guaiacyl ether,,,
bmse010046,/Users/alfred/Documents/GitHub/DDLS_project/code/get_bmrb_data/bmrb_nmrstar/bmse010046/bmse010046.str,no_1H_data_found,0,,,Erone,,,
bmse010047,/Users/alfred/Documents/GitHub/DDLS_project/code/get_bmrb_data/bmrb_nmrstar/bmse010047/bmse010047.str,no_1H_data_found,0,,,Vanillyl-B-D-Glucoside,,,
bmse010048,/Users/alfred/Documents/GitHub/DDLS_project/code/get_bmrb_data/bmrb_nmrstar/bmse010048/bmse010048.str,no_1H_data_found,0,,,Acetylated ferulic acid,,,
bmse010049,/Users/alfred/Documents/GitHub/DDLS_project/code/get_bmrb_data/bmrb_nmrstar/bmse010049/bmse010049.str,no_1H_data_found,0,,,Pinoresinol diacetate,,,
bmse010050,/Users/alfred/Documents/GitHub/DDLS_project/code/get_bmrb_data/bmrb_nmrstar/bmse010050/bmse010050.str,no_1H_data_found,0,,,Veratrone,,,
bmse010051,/Users/alfred/Documents/GitHub/DDLS_project/code/get_bmrb_data/bmrb_nmrstar/bmse010051/bmse010051.str,no_1H_data_found,0,,,acetylated isoeugenol,,,
bmse010052,/Users/alfred/Documents/GitHub/DDLS_project/code/get_bmrb_data/bmrb_nmrstar/bmse010052/bmse010052.str,no_1H_data_found,0,,,Isoeugenol,,,
bmse010053,/Users/alfred/Documents/GitHub/DDLS_project/code/get_bmrb_data/bmrb_nmrstar/bmse010053/bmse010053.str,no_1H_data_found,0,,,Eugenol,,,
bmse010054,/Users/alfred/Documents/GitHub/DDLS_project/code/get_bmrb_data/bmrb_nmrstar/bmse010054/bmse010054.str,no_1H_data_found,0,,,"4-Allyl-2,6-dimethoxyphenol",,,
bmse010055,/Users/alfred/Documents/GitHub/DDLS_project/code/get_bmrb_data/bmrb_nmrstar/bmse010055/bmse010055.str,no_1H_data_found,0,,,acetylated eugenol,,,
bmse010056,/Users/alfred/Documents/GitHub/DDLS_project/code/get_bmrb_data/bmrb_nmrstar/bmse010056/bmse010056.str,no_1H_data_found,0,,,"1-(3,5-dimethoxy-4-acetoxyphenyl)-2-propene",,,
bmse010057,/Users/alfred/Documents/GitHub/DDLS_project/code/get_bmrb_data/bmrb_nmrstar/bmse010057/bmse010057.str,no_1H_data_found,0,,,Syringylresinol,,,
bmse010058,/Users/alfred/Documents/GitHub/DDLS_project/code/get_bmrb_data/bmrb_nmrstar/bmse010058/bmse010058.str,no_1H_data_found,0,,,Coniferin acetate,,,
bmse010059,/Users/alfred/Documents/GitHub/DDLS_project/code/get_bmrb_data/bmrb_nmrstar/bmse010059/bmse010059.str,no_1H_data_found,0,,,Syringin acetate,,,
bmse010060,/Users/alfred/Documents/GitHub/DDLS_project/code/get_bmrb_data/bmrb_nmrstar/bmse010060/bmse010060.str,no_1H_data_found,0,,,Syringylresinol diacetate,,,
bmse010061,/Users/alfred/Documents/GitHub/DDLS_project/code/get_bmrb_data/bmrb_nmrstar/bmse010061/bmse010061.str,no_1H_data_found,0,,,cis - Ferulic Acid,,,
bmse010062,/Users/alfred/Documents/GitHub/DDLS_project/code/get_bmrb_data/bmrb_nmrstar/bmse010062/bmse010062.str,no_1H_data_found,0,,,1-(4-hydroxyphenyl)-2-phenoxyethanol,,,
bmse010063,/Users/alfred/Documents/GitHub/DDLS_project/code/get_bmrb_data/bmrb_nmrstar/bmse010063/bmse010063.str,no_1H_data_found,0,,,lignin_cw_compound_126,,,
bmse010064,/Users/alfred/Documents/GitHub/DDLS_project/code/get_bmrb_data/bmrb_nmrstar/bmse010064/bmse010064.str,no_1H_data_found,0,,,Dihydrocoumaric acid,,,
bmse010065,/Users/alfred/Documents/GitHub/DDLS_project/code/get_bmrb_data/bmrb_nmrstar/bmse010065/bmse010065.str,no_1H_data_found,0,,,acetylated dihydrocoumaric acid,,,
bmse010066,/Users/alfred/Documents/GitHub/DDLS_project/code/get_bmrb_data/bmrb_nmrstar/bmse010066/bmse010066.str,no_1H_data_found,0,,,acetylated coumaric acid,,,
bmse010067,/Users/alfred/Documents/GitHub/DDLS_project/code/get_bmrb_data/bmrb_nmrstar/bmse010067/bmse010067.str,no_1H_data_found,0,,,"2-acetoxy-1-(4-hydroxy-3,5-dimethoxyphenyl)propan-1-one",,,
bmse010068,/Users/alfred/Documents/GitHub/DDLS_project/code/get_bmrb_data/bmrb_nmrstar/bmse010068/bmse010068.str,no_1H_data_found,0,,,1-(4-hydroxy-3-methoxyphenyl)-2-[4-(1-hydroxyethyl)-2-methoxyphenoxy]ethanol,,,
bmse010069,/Users/alfred/Documents/GitHub/DDLS_project/code/get_bmrb_data/bmrb_nmrstar/bmse010069/bmse010069.str,no_1H_data_found,0,,,"1-(4-Hydroxy-3-methoxyphenyl)-2-[4-(1-hydroxyethyl)-2,6-dimethoxyphenoxy]propane-1,3-diol",,,
bmse010070,/Users/alfred/Documents/GitHub/DDLS_project/code/get_bmrb_data/bmrb_nmrstar/bmse010070/bmse010070.str,no_1H_data_found,0,,,"3-(4-hydroxy-3-methoxyphenyl)-2-[4-(1-hydroxyethyl)-2,6-dimethoxyphenoxy]propan-1-ol",,,
bmse010071,/Users/alfred/Documents/GitHub/DDLS_project/code/get_bmrb_data/bmrb_nmrstar/bmse010071/bmse010071.str,no_1H_data_found,0,,,Vinyl guaiacol,,,
bmse010072,/Users/alfred/Documents/GitHub/DDLS_project/code/get_bmrb_data/bmrb_nmrstar/bmse010072/bmse010072.str,no_1H_data_found,0,,,1-Acetoxy-1-(4-acetoxy-3-methoxyphenyl)2-[4-(1-acetoxyethyl)phenoxy] ethane,,,
bmse010073,/Users/alfred/Documents/GitHub/DDLS_project/code/get_bmrb_data/bmrb_nmrstar/bmse010073/bmse010073.str,no_1H_data_found,0,,,acetylated coniferylaldehyde,,,
bmse010074,/Users/alfred/Documents/GitHub/DDLS_project/code/get_bmrb_data/bmrb_nmrstar/bmse010074/bmse010074.str,no_1H_data_found,0,,,acetylated coniferyl alcohol,,,
bmse010075,/Users/alfred/Documents/GitHub/DDLS_project/code/get_bmrb_data/bmrb_nmrstar/bmse010075/bmse010075.str,no_1H_data_found,0,,,"3,4-dimethoxybenzylacetate",,,
bmse010076,/Users/alfred/Documents/GitHub/DDLS_project/code/get_bmrb_data/bmrb_nmrstar/bmse010076/bmse010076.str,no_1H_data_found,0,,,coniferaldehyde,,,
bmse010077,/Users/alfred/Documents/GitHub/DDLS_project/code/get_bmrb_data/bmrb_nmrstar/bmse010077/bmse010077.str,no_1H_data_found,0,,,"3,4-dimethoxycinnamyl alcohol",,,
bmse010078,/Users/alfred/Documents/GitHub/DDLS_project/code/get_bmrb_data/bmrb_nmrstar/bmse010078/bmse010078.str,no_1H_data_found,0,,,"2-(4-Acetyl-2-methoxyphenoxy)-1-(3,4-dimethoxyphenyl)ethanone",,,
bmse010079,/Users/alfred/Documents/GitHub/DDLS_project/code/get_bmrb_data/bmrb_nmrstar/bmse010079/bmse010079.str,no_1H_data_found,0,,,"1-(3,4-Dimethoxyphenyl)-2-(2-methoxyphenoxy)ethanol",,,
bmse010080,/Users/alfred/Documents/GitHub/DDLS_project/code/get_bmrb_data/bmrb_nmrstar/bmse010080/bmse010080.str,no_1H_data_found,0,,,methyl 4-acetoxycinnamate,,,
bmse010081,/Users/alfred/Documents/GitHub/DDLS_project/code/get_bmrb_data/bmrb_nmrstar/bmse010081/bmse010081.str,no_1H_data_found,0,,,acetylated methyl ferulate,,,
bmse010082,/Users/alfred/Documents/GitHub/DDLS_project/code/get_bmrb_data/bmrb_nmrstar/bmse010082/bmse010082.str,no_1H_data_found,0,,,"3,4-dimethoxy cinnamaldehyde",,,
bmse010083,/Users/alfred/Documents/GitHub/DDLS_project/code/get_bmrb_data/bmrb_nmrstar/bmse010083/bmse010083.str,no_1H_data_found,0,,,p-Coumaryl alcohol,,,
bmse010084,/Users/alfred/Documents/GitHub/DDLS_project/code/get_bmrb_data/bmrb_nmrstar/bmse010084/bmse010084.str,no_1H_data_found,0,,,p-Coumaraldehyde,,,
bmse010085,/Users/alfred/Documents/GitHub/DDLS_project/code/get_bmrb_data/bmrb_nmrstar/bmse010085/bmse010085.str,no_1H_data_found,0,,,Sinapaldehyde,,,
bmse010086,/Users/alfred/Documents/GitHub/DDLS_project/code/get_bmrb_data/bmrb_nmrstar/bmse010086/bmse010086.str,no_1H_data_found,0,,,1-(4-hydroxy-3-methoxyphenyl)-2-(2-methoxyphenoxy)- ethanone,,,
bmse010087,/Users/alfred/Documents/GitHub/DDLS_project/code/get_bmrb_data/bmrb_nmrstar/bmse010087/bmse010087.str,no_1H_data_found,0,,,Acetylated sinapaldehyde,,,
bmse010088,/Users/alfred/Documents/GitHub/DDLS_project/code/get_bmrb_data/bmrb_nmrstar/bmse010088/bmse010088.str,no_1H_data_found,0,,,"3,4,5-Trimethoxyacetophenone",,,
bmse010089,/Users/alfred/Documents/GitHub/DDLS_project/code/get_bmrb_data/bmrb_nmrstar/bmse010089/bmse010089.str,no_1H_data_found,0,,,acetylated p-gluco cinnamic acid,,,
bmse010090,/Users/alfred/Documents/GitHub/DDLS_project/code/get_bmrb_data/bmrb_nmrstar/bmse010090/bmse010090.str,no_1H_data_found,0,,,"3,4-dimethoxycinnamyl acetate",,,
bmse010091,/Users/alfred/Documents/GitHub/DDLS_project/code/get_bmrb_data/bmrb_nmrstar/bmse010091/bmse010091.str,no_1H_data_found,0,,,Veratryl glycerol,,,
bmse010092,/Users/alfred/Documents/GitHub/DDLS_project/code/get_bmrb_data/bmrb_nmrstar/bmse010092/bmse010092.str,no_1H_data_found,0,,,"1-(3,4-dimethoxyphenyl)-2,3-dihydroxypropan-1-one",,,
bmse010093,/Users/alfred/Documents/GitHub/DDLS_project/code/get_bmrb_data/bmrb_nmrstar/bmse010093/bmse010093.str,no_1H_data_found,0,,,Erone diacetate,,,
bmse010094,/Users/alfred/Documents/GitHub/DDLS_project/code/get_bmrb_data/bmrb_nmrstar/bmse010094/bmse010094.str,no_1H_data_found,0,,,Veratrone acetate,,,
bmse010095,/Users/alfred/Documents/GitHub/DDLS_project/code/get_bmrb_data/bmrb_nmrstar/bmse010095/bmse010095.str,no_1H_data_found,0,,,Pinoresinol biphenyl,,,
bmse010096,/Users/alfred/Documents/GitHub/DDLS_project/code/get_bmrb_data/bmrb_nmrstar/bmse010096/bmse010096.str,no_1H_data_found,0,,,Pinoresinol biphenyl acetate,,,
bmse010097,/Users/alfred/Documents/GitHub/DDLS_project/code/get_bmrb_data/bmrb_nmrstar/bmse010097/bmse010097.str,no_1H_data_found,0,,,Ethyl vanillin,,,
bmse010098,/Users/alfred/Documents/GitHub/DDLS_project/code/get_bmrb_data/bmrb_nmrstar/bmse010098/bmse010098.str,no_1H_data_found,0,,,Phenylcoumaran biphenyl acetate,,,
bmse010099,/Users/alfred/Documents/GitHub/DDLS_project/code/get_bmrb_data/bmrb_nmrstar/bmse010099/bmse010099.str,no_1H_data_found,0,,,Phenyl coumaran biphenyl,,,
bmse010100,/Users/alfred/Documents/GitHub/DDLS_project/code/get_bmrb_data/bmrb_nmrstar/bmse010100/bmse010100.str,no_1H_data_found,0,,,"1,2-diguaiacylpropane-1,3-diol",,,
bmse010101,/Users/alfred/Documents/GitHub/DDLS_project/code/get_bmrb_data/bmrb_nmrstar/bmse010101/bmse010101.str,no_1H_data_found,0,,,4-acetoxy-acetophenone,,,
bmse010102,/Users/alfred/Documents/GitHub/DDLS_project/code/get_bmrb_data/bmrb_nmrstar/bmse010102/bmse010102.str,no_1H_data_found,0,,,Vanillin acetate,,,
bmse010103,/Users/alfred/Documents/GitHub/DDLS_project/code/get_bmrb_data/bmrb_nmrstar/bmse010103/bmse010103.str,no_1H_data_found,0,,,Syringic Acid Acetate,,,
bmse010104,/Users/alfred/Documents/GitHub/DDLS_project/code/get_bmrb_data/bmrb_nmrstar/bmse010104/bmse010104.str,no_1H_data_found,0,,,Guaiacol acetate,,,
bmse010105,/Users/alfred/Documents/GitHub/DDLS_project/code/get_bmrb_data/bmrb_nmrstar/bmse010105/bmse010105.str,no_1H_data_found,0,,,Acetosyringone acetate,,,
bmse010106,/Users/alfred/Documents/GitHub/DDLS_project/code/get_bmrb_data/bmrb_nmrstar/bmse010106/bmse010106.str,no_1H_data_found,0,,,Sinapic acid acetate,,,
bmse010107,/Users/alfred/Documents/GitHub/DDLS_project/code/get_bmrb_data/bmrb_nmrstar/bmse010107/bmse010107.str,no_1H_data_found,0,,,4-acetoxy-3-methoxy methyl benzoate,,,
bmse010108,/Users/alfred/Documents/GitHub/DDLS_project/code/get_bmrb_data/bmrb_nmrstar/bmse010108/bmse010108.str,no_1H_data_found,0,,,G-b-S-c-CA,,,
bmse010109,/Users/alfred/Documents/GitHub/DDLS_project/code/get_bmrb_data/bmrb_nmrstar/bmse010109/bmse010109.str,no_1H_data_found,0,,,G-b-S-c-CA (acetate),,,
bmse010110,/Users/alfred/Documents/GitHub/DDLS_project/code/get_bmrb_data/bmrb_nmrstar/bmse010110/bmse010110.str,no_1H_data_found,0,,,G-b-S-r-S,,,
bmse010111,/Users/alfred/Documents/GitHub/DDLS_project/code/get_bmrb_data/bmrb_nmrstar/bmse010111/bmse010111.str,no_1H_data_found,0,,,G-b-S-r-S (acetate),,,
bmse010112,/Users/alfred/Documents/GitHub/DDLS_project/code/get_bmrb_data/bmrb_nmrstar/bmse010112/bmse010112.str,no_1H_data_found,0,,,S-b-SA (acetate),,,
bmse010113,/Users/alfred/Documents/GitHub/DDLS_project/code/get_bmrb_data/bmrb_nmrstar/bmse010113/bmse010113.str,no_1H_data_found,0,,,S-b-CA (acetate),,,
bmse010114,/Users/alfred/Documents/GitHub/DDLS_project/code/get_bmrb_data/bmrb_nmrstar/bmse010114/bmse010114.str,no_1H_data_found,0,,,S-c-CA (acetate),,,
bmse010115,/Users/alfred/Documents/GitHub/DDLS_project/code/get_bmrb_data/bmrb_nmrstar/bmse010115/bmse010115.str,no_1H_data_found,0,,,G-b-SA acetate,,,
bmse010116,/Users/alfred/Documents/GitHub/DDLS_project/code/get_bmrb_data/bmrb_nmrstar/bmse010116/bmse010116.str,no_1H_data_found,0,,,"2,6-dimethoxyphenol acetate",,,
bmse010117,/Users/alfred/Documents/GitHub/DDLS_project/code/get_bmrb_data/bmrb_nmrstar/bmse010117/bmse010117.str,no_1H_data_found,0,,,phenol acetate,,,
bmse010118,/Users/alfred/Documents/GitHub/DDLS_project/code/get_bmrb_data/bmrb_nmrstar/bmse010118/bmse010118.str,no_1H_data_found,0,,,"methyl (4-acetoxy-3,5-dimethoxy) benzoate",,,
bmse010119,/Users/alfred/Documents/GitHub/DDLS_project/code/get_bmrb_data/bmrb_nmrstar/bmse010119/bmse010119.str,no_1H_data_found,0,,,4-acetoxy-3-methoxy benzoic acid,,,
bmse010120,/Users/alfred/Documents/GitHub/DDLS_project/code/get_bmrb_data/bmrb_nmrstar/bmse010120/bmse010120.str,no_1H_data_found,0,,,S-b-S-b-SA (acetate),,,
bmse010121,/Users/alfred/Documents/GitHub/DDLS_project/code/get_bmrb_data/bmrb_nmrstar/bmse010121/bmse010121.str,no_1H_data_found,0,,,G-b-S-r-S-b-G,,,
bmse010122,/Users/alfred/Documents/GitHub/DDLS_project/code/get_bmrb_data/bmrb_nmrstar/bmse010122/bmse010122.str,no_1H_data_found,0,,,"1-(4-acetoxy-3,5-dimethoxyphenyl)-1-acetoxy ethane",,,
bmse010123,/Users/alfred/Documents/GitHub/DDLS_project/code/get_bmrb_data/bmrb_nmrstar/bmse010123/bmse010123.str,no_1H_data_found,0,,,Acetylated Sinapic acid methyl ester,,,
bmse010124,/Users/alfred/Documents/GitHub/DDLS_project/code/get_bmrb_data/bmrb_nmrstar/bmse010124/bmse010124.str,no_1H_data_found,0,,,G-b-S-r-S-b-G (acetate),,,
bmse010125,/Users/alfred/Documents/GitHub/DDLS_project/code/get_bmrb_data/bmrb_nmrstar/bmse010125/bmse010125.str,no_1H_data_found,0,,,S-b-S-r-S,,,
bmse010126,/Users/alfred/Documents/GitHub/DDLS_project/code/get_bmrb_data/bmrb_nmrstar/bmse010126/bmse010126.str,no_1H_data_found,0,,,S-b-S-r-S (acetate),,,
bmse010127,/Users/alfred/Documents/GitHub/DDLS_project/code/get_bmrb_data/bmrb_nmrstar/bmse010127/bmse010127.str,no_1H_data_found,0,,,Vanillyl alcohol diacetate,,,
bmse010128,/Users/alfred/Documents/GitHub/DDLS_project/code/get_bmrb_data/bmrb_nmrstar/bmse010128/bmse010128.str,no_1H_data_found,0,,,Syringyl alcohol diacetate,,,
bmse010129,/Users/alfred/Documents/GitHub/DDLS_project/code/get_bmrb_data/bmrb_nmrstar/bmse010129/bmse010129.str,no_1H_data_found,0,,,1-(4-acetoxy-3-methoxyphenyl)-1-acetoxyethane,,,
bmse010130,/Users/alfred/Documents/GitHub/DDLS_project/code/get_bmrb_data/bmrb_nmrstar/bmse010130/bmse010130.str,no_1H_data_found,0,,,4-methoxy benzaldehyde,,,
bmse010131,/Users/alfred/Documents/GitHub/DDLS_project/code/get_bmrb_data/bmrb_nmrstar/bmse010131/bmse010131.str,no_1H_data_found,0,,,"1-(3,4-dimethoxyphenyl)-1-acetoxyethane",,,
bmse010132,/Users/alfred/Documents/GitHub/DDLS_project/code/get_bmrb_data/bmrb_nmrstar/bmse010132/bmse010132.str,no_1H_data_found,0,,,4-methoxybenzyl alcohol acetate,,,
bmse010133,/Users/alfred/Documents/GitHub/DDLS_project/code/get_bmrb_data/bmrb_nmrstar/bmse010133/bmse010133.str,no_1H_data_found,0,,,Syringaldehyde acetate,,,
bmse010134,/Users/alfred/Documents/GitHub/DDLS_project/code/get_bmrb_data/bmrb_nmrstar/bmse010134/bmse010134.str,no_1H_data_found,0,,,4-Acetoxy benzaldehyde,,,
bmse010135,/Users/alfred/Documents/GitHub/DDLS_project/code/get_bmrb_data/bmrb_nmrstar/bmse010135/bmse010135.str,no_1H_data_found,0,,,4-Acetoxy benzoic acid,,,
bmse010136,/Users/alfred/Documents/GitHub/DDLS_project/code/get_bmrb_data/bmrb_nmrstar/bmse010136/bmse010136.str,no_1H_data_found,0,,,4-Methoxy benzyl alcohol,,,
bmse010137,/Users/alfred/Documents/GitHub/DDLS_project/code/get_bmrb_data/bmrb_nmrstar/bmse010137/bmse010137.str,no_1H_data_found,0,,,1-(4-acetoxyphenyl)-1-acetoxy ethane,,,
bmse010138,/Users/alfred/Documents/GitHub/DDLS_project/code/get_bmrb_data/bmrb_nmrstar/bmse010138/bmse010138.str,no_1H_data_found,0,,,Sinapyl alcohol diacetate,,,
bmse010139,/Users/alfred/Documents/GitHub/DDLS_project/code/get_bmrb_data/bmrb_nmrstar/bmse010139/bmse010139.str,no_1H_data_found,0,,,Syringylgycerol-B-vanillyl alcohol ether,,,
bmse010140,/Users/alfred/Documents/GitHub/DDLS_project/code/get_bmrb_data/bmrb_nmrstar/bmse010140/bmse010140.str,no_1H_data_found,0,,,Syringylgycerol-B-vanillyl alcohol ether tetra-acetate,,,
bmse010141,/Users/alfred/Documents/GitHub/DDLS_project/code/get_bmrb_data/bmrb_nmrstar/bmse010141/bmse010141.str,no_1H_data_found,0,,,Guaiacylglycerol-B-guaiacyl ether acetate,,,
bmse010142,/Users/alfred/Documents/GitHub/DDLS_project/code/get_bmrb_data/bmrb_nmrstar/bmse010142/bmse010142.str,no_1H_data_found,0,,,p-Methoxy cinnamaldehyde,,,
bmse010143,/Users/alfred/Documents/GitHub/DDLS_project/code/get_bmrb_data/bmrb_nmrstar/bmse010143/bmse010143.str,no_1H_data_found,0,,,G-b-G-c-CA (acetate),,,
bmse010144,/Users/alfred/Documents/GitHub/DDLS_project/code/get_bmrb_data/bmrb_nmrstar/bmse010144/bmse010144.str,no_1H_data_found,0,,,"3-(4-hydroxy-3-methoxyphenyl)-2-[2,6-dimethoxyphenoxy]propan-1-ol",,,
bmse010145,/Users/alfred/Documents/GitHub/DDLS_project/code/get_bmrb_data/bmrb_nmrstar/bmse010145/bmse010145.str,no_1H_data_found,0,,,"Acetic acid 3-(4-acetoxy-3-methoxyphenyl)-2-[2,6-dimethoxyphenoxy] propyl ester",,,
bmse010146,/Users/alfred/Documents/GitHub/DDLS_project/code/get_bmrb_data/bmrb_nmrstar/bmse010146/bmse010146.str,no_1H_data_found,0,,,p-Methoxy coumaryl alcohol,,,
bmse010147,/Users/alfred/Documents/GitHub/DDLS_project/code/get_bmrb_data/bmrb_nmrstar/bmse010147/bmse010147.str,no_1H_data_found,0,,,p-Methoxy coumaryl alcohol acetate,,,
bmse010148,/Users/alfred/Documents/GitHub/DDLS_project/code/get_bmrb_data/bmrb_nmrstar/bmse010148/bmse010148.str,no_1H_data_found,0,,,V-c-CA,,,
bmse010149,/Users/alfred/Documents/GitHub/DDLS_project/code/get_bmrb_data/bmrb_nmrstar/bmse010149/bmse010149.str,no_1H_data_found,0,,,Coumaryl alcohol acetate,,,
bmse010150,/Users/alfred/Documents/GitHub/DDLS_project/code/get_bmrb_data/bmrb_nmrstar/bmse010150/bmse010150.str,no_1H_data_found,0,,,4-acetoxy cinnamaldehyde,,,
bmse010151,/Users/alfred/Documents/GitHub/DDLS_project/code/get_bmrb_data/bmrb_nmrstar/bmse010151/bmse010151.str,no_1H_data_found,0,,,"S-b-G-5,5-G-b-S (A = CH2)",,,
bmse010152,/Users/alfred/Documents/GitHub/DDLS_project/code/get_bmrb_data/bmrb_nmrstar/bmse010152/bmse010152.str,no_1H_data_found,0,,,H-b-S,,,
bmse010153,/Users/alfred/Documents/GitHub/DDLS_project/code/get_bmrb_data/bmrb_nmrstar/bmse010153/bmse010153.str,no_1H_data_found,0,,,G-bt-S-bt-G,,,
bmse010154,/Users/alfred/Documents/GitHub/DDLS_project/code/get_bmrb_data/bmrb_nmrstar/bmse010154/bmse010154.str,no_1H_data_found,0,,,S-b-S,,,
bmse010155,/Users/alfred/Documents/GitHub/DDLS_project/code/get_bmrb_data/bmrb_nmrstar/bmse010155/bmse010155.str,no_1H_data_found,0,,,S-b-S,,,
bmse010156,/Users/alfred/Documents/GitHub/DDLS_project/code/get_bmrb_data/bmrb_nmrstar/bmse010156/bmse010156.str,no_1H_data_found,0,,,cis-coniferyl alcohol,,,
bmse010157,/Users/alfred/Documents/GitHub/DDLS_project/code/get_bmrb_data/bmrb_nmrstar/bmse010157/bmse010157.str,no_1H_data_found,0,,,G-b-S,,,
bmse010158,/Users/alfred/Documents/GitHub/DDLS_project/code/get_bmrb_data/bmrb_nmrstar/bmse010158/bmse010158.str,no_1H_data_found,0,,,G-b1-G,,,
bmse010159,/Users/alfred/Documents/GitHub/DDLS_project/code/get_bmrb_data/bmrb_nmrstar/bmse010159/bmse010159.str,no_1H_data_found,0,,,G-c-G,,,
bmse010160,/Users/alfred/Documents/GitHub/DDLS_project/code/get_bmrb_data/bmrb_nmrstar/bmse010160/bmse010160.str,no_1H_data_found,0,,,S-b-G-b1-G,,,
bmse010161,/Users/alfred/Documents/GitHub/DDLS_project/code/get_bmrb_data/bmrb_nmrstar/bmse010161/bmse010161.str,no_1H_data_found,0,,,G-a-G-b-G,,,
bmse010162,/Users/alfred/Documents/GitHub/DDLS_project/code/get_bmrb_data/bmrb_nmrstar/bmse010162/bmse010162.str,no_1H_data_found,0,,,H-c-G,,,
bmse010163,/Users/alfred/Documents/GitHub/DDLS_project/code/get_bmrb_data/bmrb_nmrstar/bmse010163/bmse010163.str,no_1H_data_found,0,,,lignin_cw_compound_246,,,
bmse010164,/Users/alfred/Documents/GitHub/DDLS_project/code/get_bmrb_data/bmrb_nmrstar/bmse010164/bmse010164.str,no_1H_data_found,0,,,lignin_cw_compound_247,,,
bmse010165,/Users/alfred/Documents/GitHub/DDLS_project/code/get_bmrb_data/bmrb_nmrstar/bmse010165/bmse010165.str,no_1H_data_found,0,,,G-b-S-b-S,,,
bmse010166,/Users/alfred/Documents/GitHub/DDLS_project/code/get_bmrb_data/bmrb_nmrstar/bmse010166/bmse010166.str,no_1H_data_found,0,,,lignin_cw_compound_251,,,
bmse010167,/Users/alfred/Documents/GitHub/DDLS_project/code/get_bmrb_data/bmrb_nmrstar/bmse010167/bmse010167.str,no_1H_data_found,0,,,lignin_cw_compound_253,,,
bmse010168,/Users/alfred/Documents/GitHub/DDLS_project/code/get_bmrb_data/bmrb_nmrstar/bmse010168/bmse010168.str,no_1H_data_found,0,,,lignin_cw_compound_255,,,
bmse010169,/Users/alfred/Documents/GitHub/DDLS_project/code/get_bmrb_data/bmrb_nmrstar/bmse010169/bmse010169.str,no_1H_data_found,0,,,lignin_cw_compound_256,,,
bmse010170,/Users/alfred/Documents/GitHub/DDLS_project/code/get_bmrb_data/bmrb_nmrstar/bmse010170/bmse010170.str,no_1H_data_found,0,,,lignin_cw_compound_257,,,
bmse010171,/Users/alfred/Documents/GitHub/DDLS_project/code/get_bmrb_data/bmrb_nmrstar/bmse010171/bmse010171.str,no_1H_data_found,0,,,Vanillin-a-G-b-CA,,,
bmse010172,/Users/alfred/Documents/GitHub/DDLS_project/code/get_bmrb_data/bmrb_nmrstar/bmse010172/bmse010172.str,no_1H_data_found,0,,,lignin_cw_compound_260,,,
bmse010173,/Users/alfred/Documents/GitHub/DDLS_project/code/get_bmrb_data/bmrb_nmrstar/bmse010173/bmse010173.str,no_1H_data_found,0,,,S-b(t)-G-b(e)-S5,,,
bmse010174,/Users/alfred/Documents/GitHub/DDLS_project/code/get_bmrb_data/bmrb_nmrstar/bmse010174/bmse010174.str,no_1H_data_found,0,,,"alpha,4-dihydroxy-3-methoxypropiophenone",,,
bmse010175,/Users/alfred/Documents/GitHub/DDLS_project/code/get_bmrb_data/bmrb_nmrstar/bmse010175/bmse010175.str,no_1H_data_found,0,,,"alpha,4-diacetoxy-3-methoxypropiophenone",,,
bmse010176,/Users/alfred/Documents/GitHub/DDLS_project/code/get_bmrb_data/bmrb_nmrstar/bmse010176/bmse010176.str,no_1H_data_found,0,,,S-a-S-b-S,,,
bmse010177,/Users/alfred/Documents/GitHub/DDLS_project/code/get_bmrb_data/bmrb_nmrstar/bmse010177/bmse010177.str,no_1H_data_found,0,,,lignin_cw_compound_267,,,
bmse010178,/Users/alfred/Documents/GitHub/DDLS_project/code/get_bmrb_data/bmrb_nmrstar/bmse010178/bmse010178.str,no_1H_data_found,0,,,H-b-H5e,,,
bmse010179,/Users/alfred/Documents/GitHub/DDLS_project/code/get_bmrb_data/bmrb_nmrstar/bmse010179/bmse010179.str,no_1H_data_found,0,,,H-b-H5t,,,
bmse010180,/Users/alfred/Documents/GitHub/DDLS_project/code/get_bmrb_data/bmrb_nmrstar/bmse010180/bmse010180.str,no_1H_data_found,0,,,H-b-H5e,,,
bmse010181,/Users/alfred/Documents/GitHub/DDLS_project/code/get_bmrb_data/bmrb_nmrstar/bmse010181/bmse010181.str,no_1H_data_found,0,,,H-b-H5t,,,
bmse010182,/Users/alfred/Documents/GitHub/DDLS_project/code/get_bmrb_data/bmrb_nmrstar/bmse010182/bmse010182.str,no_1H_data_found,0,,,G-5-O-4-G,,,
bmse010183,/Users/alfred/Documents/GitHub/DDLS_project/code/get_bmrb_data/bmrb_nmrstar/bmse010183/bmse010183.str,no_1H_data_found,0,,,G-5-O-4-G diacetate,,,
bmse010184,/Users/alfred/Documents/GitHub/DDLS_project/code/get_bmrb_data/bmrb_nmrstar/bmse010184/bmse010184.str,no_1H_data_found,0,,,lignin_cw_compound_275,,,
bmse010185,/Users/alfred/Documents/GitHub/DDLS_project/code/get_bmrb_data/bmrb_nmrstar/bmse010185/bmse010185.str,no_1H_data_found,0,,,lignin_cw_compound_276,,,
bmse010186,/Users/alfred/Documents/GitHub/DDLS_project/code/get_bmrb_data/bmrb_nmrstar/bmse010186/bmse010186.str,no_1H_data_found,0,,,dihydro-coniferyl alcohol,,,
bmse010187,/Users/alfred/Documents/GitHub/DDLS_project/code/get_bmrb_data/bmrb_nmrstar/bmse010187/bmse010187.str,no_1H_data_found,0,,,dihydro-coniferyl alcohol diacetate,,,
bmse010188,/Users/alfred/Documents/GitHub/DDLS_project/code/get_bmrb_data/bmrb_nmrstar/bmse010188/bmse010188.str,no_1H_data_found,0,,,lignin_cw_compound_281,,,
bmse010189,/Users/alfred/Documents/GitHub/DDLS_project/code/get_bmrb_data/bmrb_nmrstar/bmse010189/bmse010189.str,no_1H_data_found,0,,,lignin_cw_compound_282,,,
bmse010190,/Users/alfred/Documents/GitHub/DDLS_project/code/get_bmrb_data/bmrb_nmrstar/bmse010190/bmse010190.str,no_1H_data_found,0,,,biphenyl methane,,,
bmse010191,/Users/alfred/Documents/GitHub/DDLS_project/code/get_bmrb_data/bmrb_nmrstar/bmse010191/bmse010191.str,no_1H_data_found,0,,,lignin_cw_compound_284,,,
bmse010192,/Users/alfred/Documents/GitHub/DDLS_project/code/get_bmrb_data/bmrb_nmrstar/bmse010192/bmse010192.str,no_1H_data_found,0,,,"A-(4-hydroxy-3,5-dimethoxyphenyl)-glycerol",,,
bmse010193,/Users/alfred/Documents/GitHub/DDLS_project/code/get_bmrb_data/bmrb_nmrstar/bmse010193/bmse010193.str,no_1H_data_found,0,,,lignin_cw_compound_286,,,
bmse010194,/Users/alfred/Documents/GitHub/DDLS_project/code/get_bmrb_data/bmrb_nmrstar/bmse010194/bmse010194.str,no_1H_data_found,0,,,4-O-5,,,
bmse010195,/Users/alfred/Documents/GitHub/DDLS_project/code/get_bmrb_data/bmrb_nmrstar/bmse010195/bmse010195.str,no_1H_data_found,0,,,4-O-5,,,
bmse010196,/Users/alfred/Documents/GitHub/DDLS_project/code/get_bmrb_data/bmrb_nmrstar/bmse010196/bmse010196.str,no_1H_data_found,0,,,lignin_cw_compound_289,,,
bmse010197,/Users/alfred/Documents/GitHub/DDLS_project/code/get_bmrb_data/bmrb_nmrstar/bmse010197/bmse010197.str,no_1H_data_found,0,,,"1-(3,5-dimethoxy-4-hydroxy)-propanol",,,
bmse010198,/Users/alfred/Documents/GitHub/DDLS_project/code/get_bmrb_data/bmrb_nmrstar/bmse010198/bmse010198.str,no_1H_data_found,0,,,lignin_cw_compound_291,,,
bmse010199,/Users/alfred/Documents/GitHub/DDLS_project/code/get_bmrb_data/bmrb_nmrstar/bmse010199/bmse010199.str,no_1H_data_found,0,,,"1-(3,4,5-trimethoxyphenyl)-1-propanol",,,
bmse010200,/Users/alfred/Documents/GitHub/DDLS_project/code/get_bmrb_data/bmrb_nmrstar/bmse010200/bmse010200.str,no_1H_data_found,0,,,lignin_cw_compound_294,,,
bmse010201,/Users/alfred/Documents/GitHub/DDLS_project/code/get_bmrb_data/bmrb_nmrstar/bmse010201/bmse010201.str,no_1H_data_found,0,,,lignin_cw_compound_295,,,
bmse010202,/Users/alfred/Documents/GitHub/DDLS_project/code/get_bmrb_data/bmrb_nmrstar/bmse010202/bmse010202.str,no_1H_data_found,0,,,lignin_cw_compound_296,,,
bmse010203,/Users/alfred/Documents/GitHub/DDLS_project/code/get_bmrb_data/bmrb_nmrstar/bmse010203/bmse010203.str,no_1H_data_found,0,,,Syringol,,,
bmse010204,/Users/alfred/Documents/GitHub/DDLS_project/code/get_bmrb_data/bmrb_nmrstar/bmse010204/bmse010204.str,no_1H_data_found,0,,,Syringaldehyde,,,
bmse010205,/Users/alfred/Documents/GitHub/DDLS_project/code/get_bmrb_data/bmrb_nmrstar/bmse010205/bmse010205.str,no_1H_data_found,0,,,Vanillic acid,,,
bmse010206,/Users/alfred/Documents/GitHub/DDLS_project/code/get_bmrb_data/bmrb_nmrstar/bmse010206/bmse010206.str,no_1H_data_found,0,,,Syringic acid,,,
bmse010207,/Users/alfred/Documents/GitHub/DDLS_project/code/get_bmrb_data/bmrb_nmrstar/bmse010207/bmse010207.str,no_1H_data_found,0,,,Veratric acid,,,
bmse010208,/Users/alfred/Documents/GitHub/DDLS_project/code/get_bmrb_data/bmrb_nmrstar/bmse010208/bmse010208.str,no_1H_data_found,0,,,p-Coumaric acid,,,
bmse010209,/Users/alfred/Documents/GitHub/DDLS_project/code/get_bmrb_data/bmrb_nmrstar/bmse010209/bmse010209.str,no_1H_data_found,0,,,Sinapinic acid,,,
bmse010210,/Users/alfred/Documents/GitHub/DDLS_project/code/get_bmrb_data/bmrb_nmrstar/bmse010210/bmse010210.str,no_1H_data_found,0,,,"3,4-Dimethoxycinnamic acid",,,
bmse010211,/Users/alfred/Documents/GitHub/DDLS_project/code/get_bmrb_data/bmrb_nmrstar/bmse010211/bmse010211.str,no_1H_data_found,0,,,Ferulic acid,,,
bmse010212,/Users/alfred/Documents/GitHub/DDLS_project/code/get_bmrb_data/bmrb_nmrstar/bmse010212/bmse010212.str,no_1H_data_found,0,,,4-Methoxycinnamic acid,,,
bmse010213,/Users/alfred/Documents/GitHub/DDLS_project/code/get_bmrb_data/bmrb_nmrstar/bmse010213/bmse010213.str,no_1H_data_found,0,,,Syringylglycol-B-guaiacyl ether,,,
bmse010214,/Users/alfred/Documents/GitHub/DDLS_project/code/get_bmrb_data/bmrb_nmrstar/bmse010214/bmse010214.str,no_1H_data_found,0,,,"2-(4-Acetylphenoxy)-1-(3,4,5-trimethoxyphenyl)ethanone",,,
bmse010215,/Users/alfred/Documents/GitHub/DDLS_project/code/get_bmrb_data/bmrb_nmrstar/bmse010215/bmse010215.str,no_1H_data_found,0,,,"2-(4-Acetyl-2-methoxyphenoxy)-1-(3,4,5-trimethoxyphenyl)ethanone",,,
bmse010216,/Users/alfred/Documents/GitHub/DDLS_project/code/get_bmrb_data/bmrb_nmrstar/bmse010216/bmse010216.str,no_1H_data_found,0,,,"2-(4-Acetyl-2,6-dimethoxyphenoxy)-1-(3,4,5-trimethoxyphenyl)ethanone",,,
bmse010217,/Users/alfred/Documents/GitHub/DDLS_project/code/get_bmrb_data/bmrb_nmrstar/bmse010217/bmse010217.str,no_1H_data_found,0,,,Anisole,,,
bmse010218,/Users/alfred/Documents/GitHub/DDLS_project/code/get_bmrb_data/bmrb_nmrstar/bmse010218/bmse010218.str,no_1H_data_found,0,,,"1,2,3-trimethoxybenzene",,,
bmse010219,/Users/alfred/Documents/GitHub/DDLS_project/code/get_bmrb_data/bmrb_nmrstar/bmse010219/bmse010219.str,no_1H_data_found,0,,,Veratrole,,,
bmse010220,/Users/alfred/Documents/GitHub/DDLS_project/code/get_bmrb_data/bmrb_nmrstar/bmse010220/bmse010220.str,no_1H_data_found,0,,,Veratraldehyde,,,
bmse010221,/Users/alfred/Documents/GitHub/DDLS_project/code/get_bmrb_data/bmrb_nmrstar/bmse010221/bmse010221.str,no_1H_data_found,0,,,Methyl Sinapate,,,
bmse010222,/Users/alfred/Documents/GitHub/DDLS_project/code/get_bmrb_data/bmrb_nmrstar/bmse010222/bmse010222.str,no_1H_data_found,0,,,Methyl p-Coumarate,,,
bmse010223,/Users/alfred/Documents/GitHub/DDLS_project/code/get_bmrb_data/bmrb_nmrstar/bmse010223/bmse010223.str,no_1H_data_found,0,,,"methyl (3,4,5-trimethoxy)cinnamate",,,
bmse010224,/Users/alfred/Documents/GitHub/DDLS_project/code/get_bmrb_data/bmrb_nmrstar/bmse010224/bmse010224.str,no_1H_data_found,0,,,"3,4,5-trimethoxy cinnamic acid",,,
bmse010225,/Users/alfred/Documents/GitHub/DDLS_project/code/get_bmrb_data/bmrb_nmrstar/bmse010225/bmse010225.str,no_1H_data_found,0,,,Syringic acid methyl ester,,,
bmse010226,/Users/alfred/Documents/GitHub/DDLS_project/code/get_bmrb_data/bmrb_nmrstar/bmse010226/bmse010226.str,no_1H_data_found,0,,,Vanillic acid methyl ester,,,
bmse010227,/Users/alfred/Documents/GitHub/DDLS_project/code/get_bmrb_data/bmrb_nmrstar/bmse010227/bmse010227.str,no_1H_data_found,0,,,Dihydrodehydrodiisoeugenol,,,
bmse010228,/Users/alfred/Documents/GitHub/DDLS_project/code/get_bmrb_data/bmrb_nmrstar/bmse010228/bmse010228.str,no_1H_data_found,0,,,Dehydrodiisoeugenol,,,
bmse010229,/Users/alfred/Documents/GitHub/DDLS_project/code/get_bmrb_data/bmrb_nmrstar/bmse010229/bmse010229.str,no_1H_data_found,0,,,Methyl ferulate,,,
bmse010230,/Users/alfred/Documents/GitHub/DDLS_project/code/get_bmrb_data/bmrb_nmrstar/bmse010230/bmse010230.str,no_1H_data_found,0,,,Methylveratrate,,,
bmse010231,/Users/alfred/Documents/GitHub/DDLS_project/code/get_bmrb_data/bmrb_nmrstar/bmse010231/bmse010231.str,no_1H_data_found,0,,,"methyl 3,4-dimethoxycinnamate",,,
bmse010232,/Users/alfred/Documents/GitHub/DDLS_project/code/get_bmrb_data/bmrb_nmrstar/bmse010232/bmse010232.str,no_1H_data_found,0,,,Dehydrodiveratraldehyde,,,
bmse010233,/Users/alfred/Documents/GitHub/DDLS_project/code/get_bmrb_data/bmrb_nmrstar/bmse010233/bmse010233.str,no_1H_data_found,0,,,Dehydrodiveratric acid,,,
bmse010234,/Users/alfred/Documents/GitHub/DDLS_project/code/get_bmrb_data/bmrb_nmrstar/bmse010234/bmse010234.str,no_1H_data_found,0,,,"2-(3,4-Dimethoxyphenyl)-7-methoxy-3-methyl-5-propyl-2,3-dihydrobenzofuran",,,
bmse010235,/Users/alfred/Documents/GitHub/DDLS_project/code/get_bmrb_data/bmrb_nmrstar/bmse010235/bmse010235.str,no_1H_data_found,0,,,Guaiacylglycerol-B-guaiacyl ether triacetate,,,
bmse010236,/Users/alfred/Documents/GitHub/DDLS_project/code/get_bmrb_data/bmrb_nmrstar/bmse010236/bmse010236.str,no_1H_data_found,0,,,lignin_cw_compound_75,,,
bmse010237,/Users/alfred/Documents/GitHub/DDLS_project/code/get_bmrb_data/bmrb_nmrstar/bmse010237/bmse010237.str,no_1H_data_found,0,,,lignin_cw_compound_76,,,
bmse010238,/Users/alfred/Documents/GitHub/DDLS_project/code/get_bmrb_data/bmrb_nmrstar/bmse010238/bmse010238.str,no_1H_data_found,0,,,lignin_cw_compound_77,,,
bmse010239,/Users/alfred/Documents/GitHub/DDLS_project/code/get_bmrb_data/bmrb_nmrstar/bmse010239/bmse010239.str,no_1H_data_found,0,,,lignin_cw_compound_78,,,
bmse010240,/Users/alfred/Documents/GitHub/DDLS_project/code/get_bmrb_data/bmrb_nmrstar/bmse010240/bmse010240.str,no_1H_data_found,0,,,"1-(4-acetoxy-3,5-dimethoxyphenyl)-2-(4-acetyl-2,6-dimethoxy phenoxy)-3-hydroxypropan-1-one",,,
bmse010241,/Users/alfred/Documents/GitHub/DDLS_project/code/get_bmrb_data/bmrb_nmrstar/bmse010241/bmse010241.str,no_1H_data_found,0,,,"1-(4-acetoxy-3,5-dimethoxyphenyl)-2-(4-acetylphenoxy)-3-hydroxypropan-1-one",,,
bmse010242,/Users/alfred/Documents/GitHub/DDLS_project/code/get_bmrb_data/bmrb_nmrstar/bmse010242/bmse010242.str,no_1H_data_found,0,,,"1-(4-acetoxy-3,5-dimethoxyphenyl)-2-(4-acetoxy-2-methoxyphenoxy)-3-hydroxypropan-1-one",,,
bmse010243,/Users/alfred/Documents/GitHub/DDLS_project/code/get_bmrb_data/bmrb_nmrstar/bmse010243/bmse010243.str,no_1H_data_found,0,,,4-Acetoxycinnamic acid 3-acetoxy-3-(4-acetoxy- 3-methoxyphenyl)-2-(2-methoxyphenoxy)propyl ester,,,
bmse010244,/Users/alfred/Documents/GitHub/DDLS_project/code/get_bmrb_data/bmrb_nmrstar/bmse010244/bmse010244.str,no_1H_data_found,0,,,4-Acetoxycinnamic acid 3-acetoxy-3-(4-acetoxy- 3-methoxyphenyl)-2-(2-methoxyphenoxy)propyl ester,,,
bmse010245,/Users/alfred/Documents/GitHub/DDLS_project/code/get_bmrb_data/bmrb_nmrstar/bmse010245/bmse010245.str,no_1H_data_found,0,,,"3-(4-Acetoxy-3-methoxyphenyl)acrylic acid 4-[1,3-diacetoxy-2-(2-methoxyphenoxy)propyl]phenyl ester",,,
bmse010246,/Users/alfred/Documents/GitHub/DDLS_project/code/get_bmrb_data/bmrb_nmrstar/bmse010246/bmse010246.str,no_1H_data_found,0,,,lignin_cw_compound_85,,,
bmse010247,/Users/alfred/Documents/GitHub/DDLS_project/code/get_bmrb_data/bmrb_nmrstar/bmse010247/bmse010247.str,no_1H_data_found,0,,,lignin_cw_compound_86,,,
bmse010248,/Users/alfred/Documents/GitHub/DDLS_project/code/get_bmrb_data/bmrb_nmrstar/bmse010248/bmse010248.str,no_1H_data_found,0,,,Coniferyl alcohol,,,
bmse010249,/Users/alfred/Documents/GitHub/DDLS_project/code/get_bmrb_data/bmrb_nmrstar/bmse010249/bmse010249.str,no_1H_data_found,0,,,"1-(4-Hydroxy-3,5-dimethoxyphenyl)-2-[4-(1-hydroxyethyl)-2-methoxyphenoxy]propane-1,3-diol",,,
bmse010250,/Users/alfred/Documents/GitHub/DDLS_project/code/get_bmrb_data/bmrb_nmrstar/bmse010250/bmse010250.str,no_1H_data_found,0,,,"1-(4-Hydroxy-3,5-dimethoxyphenyl)-2-[4-(1-hydroxyethyl)-2,6-dimethoxyphenoxy]propane-1,3-diol",,,
bmse010251,/Users/alfred/Documents/GitHub/DDLS_project/code/get_bmrb_data/bmrb_nmrstar/bmse010251/bmse010251.str,no_1H_data_found,0,,,Syringylglycerol-B-guaiacyl ether,,,
bmse010252,/Users/alfred/Documents/GitHub/DDLS_project/code/get_bmrb_data/bmrb_nmrstar/bmse010252/bmse010252.str,no_1H_data_found,0,,,"1-(4-Hydroxy-3,5-dimethoxyphenyl)-2-[4-(1-hydroxyethyl)phenoxy]propane-1,3-diol",,,
bmse010253,/Users/alfred/Documents/GitHub/DDLS_project/code/get_bmrb_data/bmrb_nmrstar/bmse010253/bmse010253.str,no_1H_data_found,0,,,"1-(4-acetoxy-3,5-dimethoxyphenyl)-3-hydroxy-2-(2-methoxyphenoxy)propan-1-one",,,
bmse010254,/Users/alfred/Documents/GitHub/DDLS_project/code/get_bmrb_data/bmrb_nmrstar/bmse010254/bmse010254.str,no_1H_data_found,0,,,Phenyl benzoate,,,
bmse010255,/Users/alfred/Documents/GitHub/DDLS_project/code/get_bmrb_data/bmrb_nmrstar/bmse010255/bmse010255.str,no_1H_data_found,0,,,Ethyl 4-hydroxybenzoate,,,
bmse010256,/Users/alfred/Documents/GitHub/DDLS_project/code/get_bmrb_data/bmrb_nmrstar/bmse010256/bmse010256.str,no_1H_data_found,0,,,Cinnamyl alcohol,,,
bmse010257,/Users/alfred/Documents/GitHub/DDLS_project/code/get_bmrb_data/bmrb_nmrstar/bmse010257/bmse010257.str,no_1H_data_found,0,,,Cinnamaldehyde,,,
bmse010258,/Users/alfred/Documents/GitHub/DDLS_project/code/get_bmrb_data/bmrb_nmrstar/bmse010258/bmse010258.str,no_1H_data_found,0,,,"1-(4-acetoxy-3,5-dimethoxyphenyl)-1,3-diacetoxy-2-[4-(1-acetoxyethyl)-2-methoxyphenoxy]",,,
bmse010259,/Users/alfred/Documents/GitHub/DDLS_project/code/get_bmrb_data/bmrb_nmrstar/bmse010259/bmse010259.str,no_1H_data_found,0,,,"1-(4-acetoxy-3,5-dimethoxyphenyl)-1,3-diacetoxy-2-[4-(1-acetoxyethyl)-2,6-dimethoxyphenoxy]propane",,,
bmse010260,/Users/alfred/Documents/GitHub/DDLS_project/code/get_bmrb_data/bmrb_nmrstar/bmse010260/bmse010260.str,no_1H_data_found,0,,,"1-(4-acetoxy-3,5-dimethoxyphenyl)-1,3-diacetoxy-2-(2-methoxyphenoxy)propane",,,
bmse010261,/Users/alfred/Documents/GitHub/DDLS_project/code/get_bmrb_data/bmrb_nmrstar/bmse010261/bmse010261.str,no_1H_data_found,0,,,lignin_cw_compound_1007,,,
bmse010262,/Users/alfred/Documents/GitHub/DDLS_project/code/get_bmrb_data/bmrb_nmrstar/bmse010262/bmse010262.str,no_1H_data_found,0,,,lignin_cw_compound_1008,,,
bmse010263,/Users/alfred/Documents/GitHub/DDLS_project/code/get_bmrb_data/bmrb_nmrstar/bmse010263/bmse010263.str,no_1H_data_found,0,,,lignin_cw_compound_1009,,,
bmse010264,/Users/alfred/Documents/GitHub/DDLS_project/code/get_bmrb_data/bmrb_nmrstar/bmse010264/bmse010264.str,no_1H_data_found,0,,,lignin_cw_compound_1010,,,
bmse010265,/Users/alfred/Documents/GitHub/DDLS_project/code/get_bmrb_data/bmrb_nmrstar/bmse010265/bmse010265.str,no_1H_data_found,0,,,lignin_cw_compound_1011,,,
bmse010266,/Users/alfred/Documents/GitHub/DDLS_project/code/get_bmrb_data/bmrb_nmrstar/bmse010266/bmse010266.str,no_1H_data_found,0,,,lignin_cw_compound_1012,,,
bmse010267,/Users/alfred/Documents/GitHub/DDLS_project/code/get_bmrb_data/bmrb_nmrstar/bmse010267/bmse010267.str,no_1H_data_found,0,,,lignin_cw_compound_1013,,,
bmse010268,/Users/alfred/Documents/GitHub/DDLS_project/code/get_bmrb_data/bmrb_nmrstar/bmse010268/bmse010268.str,no_1H_data_found,0,,,lignin_cw_compound_1014,,,
bmse010269,/Users/alfred/Documents/GitHub/DDLS_project/code/get_bmrb_data/bmrb_nmrstar/bmse010269/bmse010269.str,no_1H_data_found,0,,,lignin_cw_compound_1015,,,
bmse010270,/Users/alfred/Documents/GitHub/DDLS_project/code/get_bmrb_data/bmrb_nmrstar/bmse010270/bmse010270.str,no_1H_data_found,0,,,lignin_cw_compound_1016,,,
bmse010271,/Users/alfred/Documents/GitHub/DDLS_project/code/get_bmrb_data/bmrb_nmrstar/bmse010271/bmse010271.str,no_1H_data_found,0,,,lignin_cw_compound_1017,,,
bmse010272,/Users/alfred/Documents/GitHub/DDLS_project/code/get_bmrb_data/bmrb_nmrstar/bmse010272/bmse010272.str,no_1H_data_found,0,,,lignin_cw_compound_1018,,,
bmse010273,/Users/alfred/Documents/GitHub/DDLS_project/code/get_bmrb_data/bmrb_nmrstar/bmse010273/bmse010273.str,no_1H_data_found,0,,,lignin_cw_compound_1019,,,
bmse010274,/Users/alfred/Documents/GitHub/DDLS_project/code/get_bmrb_data/bmrb_nmrstar/bmse010274/bmse010274.str,no_1H_data_found,0,,,lignin_cw_compound_1020,,,
bmse010275,/Users/alfred/Documents/GitHub/DDLS_project/code/get_bmrb_data/bmrb_nmrstar/bmse010275/bmse010275.str,no_1H_data_found,0,,,lignin_cw_compound_1021,,,
bmse010276,/Users/alfred/Documents/GitHub/DDLS_project/code/get_bmrb_data/bmrb_nmrstar/bmse010276/bmse010276.str,no_1H_data_found,0,,,lignin_cw_compound_1022,,,
bmse010277,/Users/alfred/Documents/GitHub/DDLS_project/code/get_bmrb_data/bmrb_nmrstar/bmse010277/bmse010277.str,no_1H_data_found,0,,,"3-(4-acetoxyphenyl) acrylic acid 4-[1,3-diacetoxy-2- (2-methoxyphenoxy) propyl] phenyl ester",,,
bmse010278,/Users/alfred/Documents/GitHub/DDLS_project/code/get_bmrb_data/bmrb_nmrstar/bmse010278/bmse010278.str,no_1H_data_found,0,,,"3-(4-acetoxyphenyl) acrylic acid 4-[1,3-diacetoxy-2- (2-methoxyphenoxy) propyl] phenyl ester",,,
bmse010279,/Users/alfred/Documents/GitHub/DDLS_project/code/get_bmrb_data/bmrb_nmrstar/bmse010279/bmse010279.str,no_1H_data_found,0,,,lignin_cw_compound_1025,,,
bmse010280,/Users/alfred/Documents/GitHub/DDLS_project/code/get_bmrb_data/bmrb_nmrstar/bmse010280/bmse010280.str,no_1H_data_found,0,,,lignin_cw_compound_1026,,,
bmse010281,/Users/alfred/Documents/GitHub/DDLS_project/code/get_bmrb_data/bmrb_nmrstar/bmse010281/bmse010281.str,no_1H_data_found,0,,,Acetic acid 2-methoxy-4-[2-(2-methoxyphenoxy) acetyl] phenyl ester,,,
bmse010282,/Users/alfred/Documents/GitHub/DDLS_project/code/get_bmrb_data/bmrb_nmrstar/bmse010282/bmse010282.str,no_1H_data_found,0,,,Acetic acid 4-[3-hydroxy-2-(2-methoxyphenoxy) propionyl]-2-methoxyphenyl ester,,,
bmse010283,/Users/alfred/Documents/GitHub/DDLS_project/code/get_bmrb_data/bmrb_nmrstar/bmse010283/bmse010283.str,no_1H_data_found,0,,,Acetic acid 3-acetoxy-3-(4-hydroxy-3-methoxyphenyl) -2-(2-methoxyphenoxy) propyl ester,,,
bmse010284,/Users/alfred/Documents/GitHub/DDLS_project/code/get_bmrb_data/bmrb_nmrstar/bmse010284/bmse010284.str,no_1H_data_found,0,,,Acetic acid 3-acetoxy-3-(4-hydroxy-3-methoxyphenyl) -2-(2-methoxyphenoxy) propyl ester,,,
bmse010285,/Users/alfred/Documents/GitHub/DDLS_project/code/get_bmrb_data/bmrb_nmrstar/bmse010285/bmse010285.str,no_1H_data_found,0,,,coniferyl alcohol,,,
bmse010286,/Users/alfred/Documents/GitHub/DDLS_project/code/get_bmrb_data/bmrb_nmrstar/bmse010286/bmse010286.str,no_1H_data_found,0,,,sinapyl alcohol,,,
bmse010287,/Users/alfred/Documents/GitHub/DDLS_project/code/get_bmrb_data/bmrb_nmrstar/bmse010287/bmse010287.str,no_1H_data_found,0,,,p-coumaryl alcohol,,,
bmse010288,/Users/alfred/Documents/GitHub/DDLS_project/code/get_bmrb_data/bmrb_nmrstar/bmse010288/bmse010288.str,no_1H_data_found,0,,,lignin_cw_compound_2005,,,
bmse010289,/Users/alfred/Documents/GitHub/DDLS_project/code/get_bmrb_data/bmrb_nmrstar/bmse010289/bmse010289.str,no_1H_data_found,0,,,lignin_cw_compound_2006,,,
bmse010290,/Users/alfred/Documents/GitHub/DDLS_project/code/get_bmrb_data/bmrb_nmrstar/bmse010290/bmse010290.str,no_1H_data_found,0,,,dilactone from ferulic acid,,,
bmse010291,/Users/alfred/Documents/GitHub/DDLS_project/code/get_bmrb_data/bmrb_nmrstar/bmse010291/bmse010291.str,no_1H_data_found,0,,,coniferyl p-coumarate,,,
bmse010292,/Users/alfred/Documents/GitHub/DDLS_project/code/get_bmrb_data/bmrb_nmrstar/bmse010292/bmse010292.str,no_1H_data_found,0,,,Guaiacylglycerol-B-coniferyl ether peracetate,,,
bmse010293,/Users/alfred/Documents/GitHub/DDLS_project/code/get_bmrb_data/bmrb_nmrstar/bmse010293/bmse010293.str,no_1H_data_found,0,,,Guaiacyl glycerol-B-coniferyl ether peracetate,,,
bmse010294,/Users/alfred/Documents/GitHub/DDLS_project/code/get_bmrb_data/bmrb_nmrstar/bmse010294/bmse010294.str,no_1H_data_found,0,,,"Guaiacylglycerol-A,B-bis-coniferyl ether",,,
bmse010295,/Users/alfred/Documents/GitHub/DDLS_project/code/get_bmrb_data/bmrb_nmrstar/bmse010295/bmse010295.str,no_1H_data_found,0,,,lignin_cw_compound_2016,,,
bmse010296,/Users/alfred/Documents/GitHub/DDLS_project/code/get_bmrb_data/bmrb_nmrstar/bmse010296/bmse010296.str,no_1H_data_found,0,,,beta-5-dehydrodiferulic acid,,,
bmse010297,/Users/alfred/Documents/GitHub/DDLS_project/code/get_bmrb_data/bmrb_nmrstar/bmse010297/bmse010297.str,no_1H_data_found,0,,,Pinoresinol,,,
bmse010298,/Users/alfred/Documents/GitHub/DDLS_project/code/get_bmrb_data/bmrb_nmrstar/bmse010298/bmse010298.str,no_1H_data_found,0,,,"Guaiacylglycerol-A,B-bis coniferyl ether acetate",,,
bmse010299,/Users/alfred/Documents/GitHub/DDLS_project/code/get_bmrb_data/bmrb_nmrstar/bmse010299/bmse010299.str,no_1H_data_found,0,,,lignin_cw_compound_2026,,,
bmse010300,/Users/alfred/Documents/GitHub/DDLS_project/code/get_bmrb_data/bmrb_nmrstar/bmse010300/bmse010300.str,no_1H_data_found,0,,,"4,4?-dihydroxy-3,3?-dimethoxy-B,B?-bicinnamic acid",,,
bmse010301,/Users/alfred/Documents/GitHub/DDLS_project/code/get_bmrb_data/bmrb_nmrstar/bmse010301/bmse010301.str,no_1H_data_found,0,,,"G?-methoxy-4,4?-dihydroxy-3,3?-dimethoxy-B,B?-bicinnamic acid",,,
bmse010302,/Users/alfred/Documents/GitHub/DDLS_project/code/get_bmrb_data/bmrb_nmrstar/bmse010302/bmse010302.str,no_1H_data_found,0,,,lignin_cw_compound_2035,,,
bmse010303,/Users/alfred/Documents/GitHub/DDLS_project/code/get_bmrb_data/bmrb_nmrstar/bmse010303/bmse010303.str,no_1H_data_found,0,,,B-B-coupled dehydrodiferulic acid,,,
bmse010304,/Users/alfred/Documents/GitHub/DDLS_project/code/get_bmrb_data/bmrb_nmrstar/bmse010304/bmse010304.str,no_1H_data_found,0,,,4-0-5-coupled dehydrodivanillin,,,
bmse010305,/Users/alfred/Documents/GitHub/DDLS_project/code/get_bmrb_data/bmrb_nmrstar/bmse010305/bmse010305.str,no_1H_data_found,0,,,lignin_cw_compound_2040,,,
bmse010306,/Users/alfred/Documents/GitHub/DDLS_project/code/get_bmrb_data/bmrb_nmrstar/bmse010306/bmse010306.str,no_1H_data_found,0,,,lignin_cw_compound_2041,,,
bmse010307,/Users/alfred/Documents/GitHub/DDLS_project/code/get_bmrb_data/bmrb_nmrstar/bmse010307/bmse010307.str,no_1H_data_found,0,,,lignin_cw_compound_2042,,,
bmse010308,/Users/alfred/Documents/GitHub/DDLS_project/code/get_bmrb_data/bmrb_nmrstar/bmse010308/bmse010308.str,no_1H_data_found,0,,,lignin_cw_compound_2043,,,
bmse010309,/Users/alfred/Documents/GitHub/DDLS_project/code/get_bmrb_data/bmrb_nmrstar/bmse010309/bmse010309.str,no_1H_data_found,0,,,lignin_cw_compound_2049,,,
bmse010310,/Users/alfred/Documents/GitHub/DDLS_project/code/get_bmrb_data/bmrb_nmrstar/bmse010310/bmse010310.str,no_1H_data_found,0,,,lignin_cw_compound_2050,,,
bmse010311,/Users/alfred/Documents/GitHub/DDLS_project/code/get_bmrb_data/bmrb_nmrstar/bmse010311/bmse010311.str,no_1H_data_found,0,,,lignin_cw_compound_2052,,,
bmse010312,/Users/alfred/Documents/GitHub/DDLS_project/code/get_bmrb_data/bmrb_nmrstar/bmse010312/bmse010312.str,no_1H_data_found,0,,,lignin_cw_compound_2053,,,
bmse010313,/Users/alfred/Documents/GitHub/DDLS_project/code/get_bmrb_data/bmrb_nmrstar/bmse010313/bmse010313.str,no_1H_data_found,0,,,5-5 Dehydrodiferulate diethyl ester,,,
bmse010314,/Users/alfred/Documents/GitHub/DDLS_project/code/get_bmrb_data/bmrb_nmrstar/bmse010314/bmse010314.str,no_1H_data_found,0,,,"5,5 Dehydrodiconiferyl Alcohol",,,
bmse010315,/Users/alfred/Documents/GitHub/DDLS_project/code/get_bmrb_data/bmrb_nmrstar/bmse010315/bmse010315.str,no_1H_data_found,0,,,lignin_cw_compound_2062,,,
bmse010316,/Users/alfred/Documents/GitHub/DDLS_project/code/get_bmrb_data/bmrb_nmrstar/bmse010316/bmse010316.str,no_1H_data_found,0,,,Dihydroconiferyl 4-hydroxydihydrocinnamate,,,
bmse010317,/Users/alfred/Documents/GitHub/DDLS_project/code/get_bmrb_data/bmrb_nmrstar/bmse010317/bmse010317.str,no_1H_data_found,0,,,Dihydrosinapyl dihydro-p-coumarate,,,
bmse010318,/Users/alfred/Documents/GitHub/DDLS_project/code/get_bmrb_data/bmrb_nmrstar/bmse010318/bmse010318.str,no_1H_data_found,0,,,Sinapyl p-coumarate,,,
bmse010319,/Users/alfred/Documents/GitHub/DDLS_project/code/get_bmrb_data/bmrb_nmrstar/bmse010319/bmse010319.str,no_1H_data_found,0,,,"2-(4-Acetoxy-3,5-dimethoxybenzoyl)-2-(2-methoxyphenoxy)ethyl 4-acetoxycinnamate",,,
bmse010320,/Users/alfred/Documents/GitHub/DDLS_project/code/get_bmrb_data/bmrb_nmrstar/bmse010320/bmse010320.str,no_1H_data_found,0,,,"1(4-acetoxy-3,5-dimethoxyphenyl)-3-hydroxy-2-(2-methoxyphenoxy)propanone",,,
bmse010321,/Users/alfred/Documents/GitHub/DDLS_project/code/get_bmrb_data/bmrb_nmrstar/bmse010321/bmse010321.str,no_1H_data_found,0,,,lignin_cw_compound_2068,,,
bmse010322,/Users/alfred/Documents/GitHub/DDLS_project/code/get_bmrb_data/bmrb_nmrstar/bmse010322/bmse010322.str,no_1H_data_found,0,,,Seco-isolariciresinol,,,
bmse010323,/Users/alfred/Documents/GitHub/DDLS_project/code/get_bmrb_data/bmrb_nmrstar/bmse010323/bmse010323.str,no_1H_data_found,0,,,lignin_cw_compound_2071,,,
bmse010324,/Users/alfred/Documents/GitHub/DDLS_project/code/get_bmrb_data/bmrb_nmrstar/bmse010324/bmse010324.str,no_1H_data_found,0,,,lignin_cw_compound_2072,,,
bmse010325,/Users/alfred/Documents/GitHub/DDLS_project/code/get_bmrb_data/bmrb_nmrstar/bmse010325/bmse010325.str,no_1H_data_found,0,,,lignin_cw_compound_2073,,,
bmse010326,/Users/alfred/Documents/GitHub/DDLS_project/code/get_bmrb_data/bmrb_nmrstar/bmse010326/bmse010326.str,no_1H_data_found,0,,,lignin_cw_compound_2074,,,
bmse010327,/Users/alfred/Documents/GitHub/DDLS_project/code/get_bmrb_data/bmrb_nmrstar/bmse010327/bmse010327.str,no_1H_data_found,0,,,lignin_cw_compound_2079,,,
bmse010328,/Users/alfred/Documents/GitHub/DDLS_project/code/get_bmrb_data/bmrb_nmrstar/bmse010328/bmse010328.str,no_1H_data_found,0,,,lignin_cw_compound_2080,,,
bmse010329,/Users/alfred/Documents/GitHub/DDLS_project/code/get_bmrb_data/bmrb_nmrstar/bmse010329/bmse010329.str,no_1H_data_found,0,,,lignin_cw_compound_2081,,,
bmse010330,/Users/alfred/Documents/GitHub/DDLS_project/code/get_bmrb_data/bmrb_nmrstar/bmse010330/bmse010330.str,no_1H_data_found,0,,,4-O-5 dehydrodiethylferulate,,,
bmse010331,/Users/alfred/Documents/GitHub/DDLS_project/code/get_bmrb_data/bmrb_nmrstar/bmse010331/bmse010331.str,no_1H_data_found,0,,,lignin_cw_compound_3002,,,
bmse010332,/Users/alfred/Documents/GitHub/DDLS_project/code/get_bmrb_data/bmrb_nmrstar/bmse010332/bmse010332.str,no_1H_data_found,0,,,4-O-5 dehydrodiferulic acid,,,
bmse010333,/Users/alfred/Documents/GitHub/DDLS_project/code/get_bmrb_data/bmrb_nmrstar/bmse010333/bmse010333.str,no_1H_data_found,0,,,"1,2-diguaiacylpropane-1,3-diol",,,
bmse010334,/Users/alfred/Documents/GitHub/DDLS_project/code/get_bmrb_data/bmrb_nmrstar/bmse010334/bmse010334.str,no_1H_data_found,0,,,"Acetic acid3-acetoxy-2,3-bis-(4-acetoxy-3-methoxyphenyl)propyl ester",,,
bmse010335,/Users/alfred/Documents/GitHub/DDLS_project/code/get_bmrb_data/bmrb_nmrstar/bmse010335/bmse010335.str,no_1H_data_found,0,,,"Acetic acid3-acetoxy-2,3-bis-(4-acetoxy-3-methoxyphenyl)propyl ester",,,
bmse010336,/Users/alfred/Documents/GitHub/DDLS_project/code/get_bmrb_data/bmrb_nmrstar/bmse010336/bmse010336.str,no_1H_data_found,0,,,lignin_cw_compound_3008,,,
bmse010337,/Users/alfred/Documents/GitHub/DDLS_project/code/get_bmrb_data/bmrb_nmrstar/bmse010337/bmse010337.str,no_1H_data_found,0,,,lignin_cw_compound_3010,,,
bmse010338,/Users/alfred/Documents/GitHub/DDLS_project/code/get_bmrb_data/bmrb_nmrstar/bmse010338/bmse010338.str,no_1H_data_found,0,,,lignin_cw_compound_3011,,,
bmse010339,/Users/alfred/Documents/GitHub/DDLS_project/code/get_bmrb_data/bmrb_nmrstar/bmse010339/bmse010339.str,no_1H_data_found,0,,,"4-(4-hydroxy-3-methoxyphenyl)-7-methoxy-1,3,3a,4,9,9a-hexahydronaphtho[2,3-c]furan-1,6-diol",,,
bmse010340,/Users/alfred/Documents/GitHub/DDLS_project/code/get_bmrb_data/bmrb_nmrstar/bmse010340/bmse010340.str,no_1H_data_found,0,,,"4-(4-hydroxy-3-methoxyphenyl)-7-methoxy-1,3,3a,4,9,9a-hexahydronaphtho[2,3-c]furan-1,6-diol",,,
bmse010341,/Users/alfred/Documents/GitHub/DDLS_project/code/get_bmrb_data/bmrb_nmrstar/bmse010341/bmse010341.str,no_1H_data_found,0,,,lignin_cw_compound_3016,,,
bmse010342,/Users/alfred/Documents/GitHub/DDLS_project/code/get_bmrb_data/bmrb_nmrstar/bmse010342/bmse010342.str,no_1H_data_found,0,,,"6-Hydroxy-4-(4-hydroxy-3-methoxyphenyl)-7-methoxy-3a,4,9,9a-tetrahydro-3H-naphtho[2,3-c]furan-1-one",,,
bmse010343,/Users/alfred/Documents/GitHub/DDLS_project/code/get_bmrb_data/bmrb_nmrstar/bmse010343/bmse010343.str,no_1H_data_found,0,,,lignin_cw_compound_3018,,,
bmse010344,/Users/alfred/Documents/GitHub/DDLS_project/code/get_bmrb_data/bmrb_nmrstar/bmse010344/bmse010344.str,no_1H_data_found,0,,,lignin_cw_compound_3019,,,
bmse010345,/Users/alfred/Documents/GitHub/DDLS_project/code/get_bmrb_data/bmrb_nmrstar/bmse010345/bmse010345.str,no_1H_data_found,0,,,lignin_cw_compound_3020,,,
bmse010346,/Users/alfred/Documents/GitHub/DDLS_project/code/get_bmrb_data/bmrb_nmrstar/bmse010346/bmse010346.str,no_1H_data_found,0,,,lignin_cw_compound_3021,,,
bmse010347,/Users/alfred/Documents/GitHub/DDLS_project/code/get_bmrb_data/bmrb_nmrstar/bmse010347/bmse010347.str,no_1H_data_found,0,,,lignin_cw_compound_3022,,,
bmse010348,/Users/alfred/Documents/GitHub/DDLS_project/code/get_bmrb_data/bmrb_nmrstar/bmse010348/bmse010348.str,no_1H_data_found,0,,,lignin_cw_compound_3023,,,
bmse010349,/Users/alfred/Documents/GitHub/DDLS_project/code/get_bmrb_data/bmrb_nmrstar/bmse010349/bmse010349.str,no_1H_data_found,0,,,3-(4-hydroxy-3-methoxyphenyl)-2-(2-methoxy-4-propylphenoxy)propan-1-ol,,,
bmse010350,/Users/alfred/Documents/GitHub/DDLS_project/code/get_bmrb_data/bmrb_nmrstar/bmse010350/bmse010350.str,no_1H_data_found,0,,,"2-(2,6-dimethoxy-4-propylphenoxy)-3-(4-hydroxy-3-methoxyphenyl)propan-1-ol",,,
bmse010351,/Users/alfred/Documents/GitHub/DDLS_project/code/get_bmrb_data/bmrb_nmrstar/bmse010351/bmse010351.str,no_1H_data_found,0,,,"3-(4-hydroxy-3,5-dimethoxyphenyl)-2-(2-methoxy-4-propylphenoxy)propan-1-ol",,,
bmse010352,/Users/alfred/Documents/GitHub/DDLS_project/code/get_bmrb_data/bmrb_nmrstar/bmse010352/bmse010352.str,no_1H_data_found,0,,,"3-(4-hydroxy-3,5-dimethoxyphenyl)-2-(2,5-dimethoxy-4-propylphenoxy)propan-1-ol",,,
bmse010353,/Users/alfred/Documents/GitHub/DDLS_project/code/get_bmrb_data/bmrb_nmrstar/bmse010353/bmse010353.str,no_1H_data_found,0,,,beta-[4-(2-formylvinyl)-2-methoxyphenoxy] coniferyl aldehyde,,,
bmse010354,/Users/alfred/Documents/GitHub/DDLS_project/code/get_bmrb_data/bmrb_nmrstar/bmse010354/bmse010354.str,no_1H_data_found,0,,,"5,5'-bis-coniferyl aldehyde",,,
bmse010355,/Users/alfred/Documents/GitHub/DDLS_project/code/get_bmrb_data/bmrb_nmrstar/bmse010355/bmse010355.str,no_1H_data_found,0,,,lignin_cw_compound_3034,,,
bmse010356,/Users/alfred/Documents/GitHub/DDLS_project/code/get_bmrb_data/bmrb_nmrstar/bmse010356/bmse010356.str,no_1H_data_found,0,,,lignin_cw_compound_3035,,,
bmse010357,/Users/alfred/Documents/GitHub/DDLS_project/code/get_bmrb_data/bmrb_nmrstar/bmse010357/bmse010357.str,no_1H_data_found,0,,,lignin_cw_compound_3036,,,
bmse010358,/Users/alfred/Documents/GitHub/DDLS_project/code/get_bmrb_data/bmrb_nmrstar/bmse010358/bmse010358.str,no_1H_data_found,0,,,lignin_cw_compound_3037,,,
bmse010359,/Users/alfred/Documents/GitHub/DDLS_project/code/get_bmrb_data/bmrb_nmrstar/bmse010359/bmse010359.str,no_1H_data_found,0,,,lignin_cw_compound_3039,,,
bmse010360,/Users/alfred/Documents/GitHub/DDLS_project/code/get_bmrb_data/bmrb_nmrstar/bmse010360/bmse010360.str,no_1H_data_found,0,,,lignin_cw_compound_3040,,,
bmse010361,/Users/alfred/Documents/GitHub/DDLS_project/code/get_bmrb_data/bmrb_nmrstar/bmse010361/bmse010361.str,no_1H_data_found,0,,,lignin_cw_compound_3041,,,
bmse010362,/Users/alfred/Documents/GitHub/DDLS_project/code/get_bmrb_data/bmrb_nmrstar/bmse010362/bmse010362.str,no_1H_data_found,0,,,lignin_cw_compound_3042,,,
bmse010363,/Users/alfred/Documents/GitHub/DDLS_project/code/get_bmrb_data/bmrb_nmrstar/bmse010363/bmse010363.str,no_1H_data_found,0,,,lignin_cw_compound_3043,,,
bmse010364,/Users/alfred/Documents/GitHub/DDLS_project/code/get_bmrb_data/bmrb_nmrstar/bmse010364/bmse010364.str,no_1H_data_found,0,,,lignin_cw_compound_3044,,,
bmse010365,/Users/alfred/Documents/GitHub/DDLS_project/code/get_bmrb_data/bmrb_nmrstar/bmse010365/bmse010365.str,no_1H_data_found,0,,,lignin_cw_compound_3045,,,
bmse010366,/Users/alfred/Documents/GitHub/DDLS_project/code/get_bmrb_data/bmrb_nmrstar/bmse010366/bmse010366.str,no_1H_data_found,0,,,lignin_cw_compound_3046,,,
bmse010367,/Users/alfred/Documents/GitHub/DDLS_project/code/get_bmrb_data/bmrb_nmrstar/bmse010367/bmse010367.str,no_1H_data_found,0,,,lignin_cw_compound_3047,,,
bmse010368,/Users/alfred/Documents/GitHub/DDLS_project/code/get_bmrb_data/bmrb_nmrstar/bmse010368/bmse010368.str,no_1H_data_found,0,,,6-methoxy-indan-5-ol,,,
bmse010369,/Users/alfred/Documents/GitHub/DDLS_project/code/get_bmrb_data/bmrb_nmrstar/bmse010369/bmse010369.str,no_1H_data_found,0,,,lignin_cw_compound_3052,,,
bmse010370,/Users/alfred/Documents/GitHub/DDLS_project/code/get_bmrb_data/bmrb_nmrstar/bmse010370/bmse010370.str,no_1H_data_found,0,,,lignin_cw_compound_3053,,,
bmse010371,/Users/alfred/Documents/GitHub/DDLS_project/code/get_bmrb_data/bmrb_nmrstar/bmse010371/bmse010371.str,no_1H_data_found,0,,,lignin_cw_compound_3056,,,
bmse010372,/Users/alfred/Documents/GitHub/DDLS_project/code/get_bmrb_data/bmrb_nmrstar/bmse010372/bmse010372.str,no_1H_data_found,0,,,lignin_cw_compound_3058,,,
bmse010373,/Users/alfred/Documents/GitHub/DDLS_project/code/get_bmrb_data/bmrb_nmrstar/bmse010373/bmse010373.str,no_1H_data_found,0,,,lignin_cw_compound_3059,,,
bmse010374,/Users/alfred/Documents/GitHub/DDLS_project/code/get_bmrb_data/bmrb_nmrstar/bmse010374/bmse010374.str,no_1H_data_found,0,,,lignin_cw_compound_3061,,,
bmse010375,/Users/alfred/Documents/GitHub/DDLS_project/code/get_bmrb_data/bmrb_nmrstar/bmse010375/bmse010375.str,no_1H_data_found,0,,,lignin_cw_compound_3062,,,
bmse010376,/Users/alfred/Documents/GitHub/DDLS_project/code/get_bmrb_data/bmrb_nmrstar/bmse010376/bmse010376.str,no_1H_data_found,0,,,Simulanol,,,
bmse010377,/Users/alfred/Documents/GitHub/DDLS_project/code/get_bmrb_data/bmrb_nmrstar/bmse010377/bmse010377.str,no_1H_data_found,0,,,buddlenol E,,,
bmse010378,/Users/alfred/Documents/GitHub/DDLS_project/code/get_bmrb_data/bmrb_nmrstar/bmse010378/bmse010378.str,no_1H_data_found,0,,,buddlenol A,,,
bmse010379,/Users/alfred/Documents/GitHub/DDLS_project/code/get_bmrb_data/bmrb_nmrstar/bmse010379/bmse010379.str,no_1H_data_found,0,,,SP-(8-8)-S,,,
bmse010380,/Users/alfred/Documents/GitHub/DDLS_project/code/get_bmrb_data/bmrb_nmrstar/bmse010380/bmse010380.str,no_1H_data_found,0,,,G-(8-O-4)-S,,,
bmse010381,/Users/alfred/Documents/GitHub/DDLS_project/code/get_bmrb_data/bmrb_nmrstar/bmse010381/bmse010381.str,no_1H_data_found,0,,,nocomtal,,,
bmse010382,/Users/alfred/Documents/GitHub/DDLS_project/code/get_bmrb_data/bmrb_nmrstar/bmse010382/bmse010382.str,no_1H_data_found,0,,,nocomtal,,,
bmse010383,/Users/alfred/Documents/GitHub/DDLS_project/code/get_bmrb_data/bmrb_nmrstar/bmse010383/bmse010383.str,no_1H_data_found,0,,,G-(8-O-4)-5H??,,,
bmse010384,/Users/alfred/Documents/GitHub/DDLS_project/code/get_bmrb_data/bmrb_nmrstar/bmse010384/bmse010384.str,no_1H_data_found,0,,,lignin_cw_compound_3071,,,
bmse010385,/Users/alfred/Documents/GitHub/DDLS_project/code/get_bmrb_data/bmrb_nmrstar/bmse010385/bmse010385.str,no_1H_data_found,0,,,lignin_cw_compound_3,,,
bmse010386,/Users/alfred/Documents/GitHub/DDLS_project/code/get_bmrb_data/bmrb_nmrstar/bmse010386/bmse010386.str,no_1H_data_found,0,,,lignin_cw_compound_21,,,
bmse010387,/Users/alfred/Documents/GitHub/DDLS_project/code/get_bmrb_data/bmrb_nmrstar/bmse010387/bmse010387.str,no_1H_data_found,0,,,lignin_cw_compound_31,,,
bmse010388,/Users/alfred/Documents/GitHub/DDLS_project/code/get_bmrb_data/bmrb_nmrstar/bmse010388/bmse010388.str,no_1H_data_found,0,,,lignin_cw_compound_32,,,
bmse010389,/Users/alfred/Documents/GitHub/DDLS_project/code/get_bmrb_data/bmrb_nmrstar/bmse010389/bmse010389.str,no_1H_data_found,0,,,lignin_cw_compound_33,,,
bmse010390,/Users/alfred/Documents/GitHub/DDLS_project/code/get_bmrb_data/bmrb_nmrstar/bmse010390/bmse010390.str,no_1H_data_found,0,,,lignin_cw_compound_34,,,
bmse010395,/Users/alfred/Documents/GitHub/DDLS_project/code/get_bmrb_data/bmrb_nmrstar/bmse010395/bmse010395.str,no_1H_data_found,0,,,4-hydroxybenzoic-acid,,,
bmse010396,/Users/alfred/Documents/GitHub/DDLS_project/code/get_bmrb_data/bmrb_nmrstar/bmse010396/bmse010396.str,no_1H_data_found,0,,,methyl-(4-methoxy)cinnamate,,,
bmse010420,/Users/alfred/Documents/GitHub/DDLS_project/code/get_bmrb_data/bmrb_nmrstar/bmse010420/bmse010420.str,no_1H_data_found,0,,,Coniferin,,,
bmse010421,/Users/alfred/Documents/GitHub/DDLS_project/code/get_bmrb_data/bmrb_nmrstar/bmse010421/bmse010421.str,no_1H_data_found,0,,,Syringin,,,
bmse010422,/Users/alfred/Documents/GitHub/DDLS_project/code/get_bmrb_data/bmrb_nmrstar/bmse010422/bmse010422.str,no_1H_data_found,0,,,"alpha,beta-Xylose-Acetate",,,
bmse010423,/Users/alfred/Documents/GitHub/DDLS_project/code/get_bmrb_data/bmrb_nmrstar/bmse010423/bmse010423.str,no_1H_data_found,0,,,lignin_cw_compound_131,,,
bmse010424,/Users/alfred/Documents/GitHub/DDLS_project/code/get_bmrb_data/bmrb_nmrstar/bmse010424/bmse010424.str,no_1H_data_found,0,,,lignin_cw_compound_133,,,
bmse010425,/Users/alfred/Documents/GitHub/DDLS_project/code/get_bmrb_data/bmrb_nmrstar/bmse010425/bmse010425.str,no_1H_data_found,0,,,lignin_cw_compound_137,,,
bmse010426,/Users/alfred/Documents/GitHub/DDLS_project/code/get_bmrb_data/bmrb_nmrstar/bmse010426/bmse010426.str,no_1H_data_found,0,,,G-beta-S5,,,
bmse010427,/Users/alfred/Documents/GitHub/DDLS_project/code/get_bmrb_data/bmrb_nmrstar/bmse010427/bmse010427.str,no_1H_data_found,0,,,lignin_cw_compound_140,,,
bmse010428,/Users/alfred/Documents/GitHub/DDLS_project/code/get_bmrb_data/bmrb_nmrstar/bmse010428/bmse010428.str,no_1H_data_found,0,,,p-Gluco-cinnamyl-alcohol,,,
bmse010430,/Users/alfred/Documents/GitHub/DDLS_project/code/get_bmrb_data/bmrb_nmrstar/bmse010430/bmse010430.str,no_1H_data_found,0,,,lignin_cw_compound_172,,,
bmse010432,/Users/alfred/Documents/GitHub/DDLS_project/code/get_bmrb_data/bmrb_nmrstar/bmse010432/bmse010432.str,no_1H_data_found,0,,,G-b-G-AcO,,,
bmse010433,/Users/alfred/Documents/GitHub/DDLS_project/code/get_bmrb_data/bmrb_nmrstar/bmse010433/bmse010433.str,no_1H_data_found,0,,,S-b-S-AcO,,,
bmse010434,/Users/alfred/Documents/GitHub/DDLS_project/code/get_bmrb_data/bmrb_nmrstar/bmse010434/bmse010434.str,no_1H_data_found,0,,,G-b-G-b1-G,,,
bmse010435,/Users/alfred/Documents/GitHub/DDLS_project/code/get_bmrb_data/bmrb_nmrstar/bmse010435/bmse010435.str,no_1H_data_found,0,,,H-b-G-AcO,,,
bmse010436,/Users/alfred/Documents/GitHub/DDLS_project/code/get_bmrb_data/bmrb_nmrstar/bmse010436/bmse010436.str,no_1H_data_found,0,,,lignin_cw_compound_240,,,
bmse010437,/Users/alfred/Documents/GitHub/DDLS_project/code/get_bmrb_data/bmrb_nmrstar/bmse010437/bmse010437.str,no_1H_data_found,0,,,H-b-G-OH,,,
bmse010438,/Users/alfred/Documents/GitHub/DDLS_project/code/get_bmrb_data/bmrb_nmrstar/bmse010438/bmse010438.str,no_1H_data_found,0,,,lignin_cw_compound_242,,,
bmse010439,/Users/alfred/Documents/GitHub/DDLS_project/code/get_bmrb_data/bmrb_nmrstar/bmse010439/bmse010439.str,no_1H_data_found,0,,,S-b-S-OH,,,
bmse010440,/Users/alfred/Documents/GitHub/DDLS_project/code/get_bmrb_data/bmrb_nmrstar/bmse010440/bmse010440.str,no_1H_data_found,0,,,G-b-H,,,
bmse010441,/Users/alfred/Documents/GitHub/DDLS_project/code/get_bmrb_data/bmrb_nmrstar/bmse010441/bmse010441.str,no_1H_data_found,0,,,G-b-G-OH,,,
bmse010442,/Users/alfred/Documents/GitHub/DDLS_project/code/get_bmrb_data/bmrb_nmrstar/bmse010442/bmse010442.str,no_1H_data_found,0,,,H-b-S-OH,,,
bmse010443,/Users/alfred/Documents/GitHub/DDLS_project/code/get_bmrb_data/bmrb_nmrstar/bmse010443/bmse010443.str,no_1H_data_found,0,,,lignin_cw_compound_252,,,
bmse010444,/Users/alfred/Documents/GitHub/DDLS_project/code/get_bmrb_data/bmrb_nmrstar/bmse010444/bmse010444.str,no_1H_data_found,0,,,lignin_cw_compound_254,,,
bmse010445,/Users/alfred/Documents/GitHub/DDLS_project/code/get_bmrb_data/bmrb_nmrstar/bmse010445/bmse010445.str,no_1H_data_found,0,,,dihydrodiconiferyl-alcohol,,,
bmse010446,/Users/alfred/Documents/GitHub/DDLS_project/code/get_bmrb_data/bmrb_nmrstar/bmse010446/bmse010446.str,no_1H_data_found,0,,,lignin_cw_compound_262,,,
bmse010447,/Users/alfred/Documents/GitHub/DDLS_project/code/get_bmrb_data/bmrb_nmrstar/bmse010447/bmse010447.str,no_1H_data_found,0,,,lignin_cw_compound_263,,,
bmse010448,/Users/alfred/Documents/GitHub/DDLS_project/code/get_bmrb_data/bmrb_nmrstar/bmse010448/bmse010448.str,no_1H_data_found,0,,,lignin_cw_compound_272,,,
bmse010449,/Users/alfred/Documents/GitHub/DDLS_project/code/get_bmrb_data/bmrb_nmrstar/bmse010449/bmse010449.str,no_1H_data_found,0,,,dibenzodioxicin,,,
bmse010450,/Users/alfred/Documents/GitHub/DDLS_project/code/get_bmrb_data/bmrb_nmrstar/bmse010450/bmse010450.str,no_1H_data_found,0,,,lignin_cw_compound_278,,,
bmse010451,/Users/alfred/Documents/GitHub/DDLS_project/code/get_bmrb_data/bmrb_nmrstar/bmse010451/bmse010451.str,no_1H_data_found,0,,,lignin_cw_compound_293,,,
bmse010452,/Users/alfred/Documents/GitHub/DDLS_project/code/get_bmrb_data/bmrb_nmrstar/bmse010452/bmse010452.str,no_1H_data_found,0,,,Veratryl_alcohol_methyl_ether,,,
bmse010453,/Users/alfred/Documents/GitHub/DDLS_project/code/get_bmrb_data/bmrb_nmrstar/bmse010453/bmse010453.str,no_1H_data_found,0,,,Methoxy_hydroxy_stilbene_carboxylic_acid,,,
bmse010454,/Users/alfred/Documents/GitHub/DDLS_project/code/get_bmrb_data/bmrb_nmrstar/bmse010454/bmse010454.str,no_1H_data_found,0,,,lignin_cw_compound_299,,,
bmse010455,/Users/alfred/Documents/GitHub/DDLS_project/code/get_bmrb_data/bmrb_nmrstar/bmse010455/bmse010455.str,no_1H_data_found,0,,,5_O_4_diacetovanillone,,,
bmse010456,/Users/alfred/Documents/GitHub/DDLS_project/code/get_bmrb_data/bmrb_nmrstar/bmse010456/bmse010456.str,no_1H_data_found,0,,,guaiacyl_chalcone,,,
bmse010457,/Users/alfred/Documents/GitHub/DDLS_project/code/get_bmrb_data/bmrb_nmrstar/bmse010457/bmse010457.str,no_1H_data_found,0,,,345_trimethoxy_cinnamyl_alcohol,,,
bmse010458,/Users/alfred/Documents/GitHub/DDLS_project/code/get_bmrb_data/bmrb_nmrstar/bmse010458/bmse010458.str,no_1H_data_found,0,,,lignin_cw_compound_2004,,,
bmse010459,/Users/alfred/Documents/GitHub/DDLS_project/code/get_bmrb_data/bmrb_nmrstar/bmse010459/bmse010459.str,no_1H_data_found,0,,,lignin_cw_compound_2007,,,
bmse010460,/Users/alfred/Documents/GitHub/DDLS_project/code/get_bmrb_data/bmrb_nmrstar/bmse010460/bmse010460.str,no_1H_data_found,0,,,coniferyl-benzoate,,,
bmse010461,/Users/alfred/Documents/GitHub/DDLS_project/code/get_bmrb_data/bmrb_nmrstar/bmse010461/bmse010461.str,no_1H_data_found,0,,,Guaiacylglycerol-B-coniferyl-ether,,,
bmse010462,/Users/alfred/Documents/GitHub/DDLS_project/code/get_bmrb_data/bmrb_nmrstar/bmse010462/bmse010462.str,no_1H_data_found,0,,,Guaiacylglycerol-B-coniferyl-ether,,,
bmse010463,/Users/alfred/Documents/GitHub/DDLS_project/code/get_bmrb_data/bmrb_nmrstar/bmse010463/bmse010463.str,no_1H_data_found,0,,,lignin_cw_compound_2017,,,
bmse010464,/Users/alfred/Documents/GitHub/DDLS_project/code/get_bmrb_data/bmrb_nmrstar/bmse010464/bmse010464.str,no_1H_data_found,0,,,lignin_cw_compound_2019,,,
bmse010465,/Users/alfred/Documents/GitHub/DDLS_project/code/get_bmrb_data/bmrb_nmrstar/bmse010465/bmse010465.str,no_1H_data_found,0,,,lignin_cw_compound_2021,,,
bmse010466,/Users/alfred/Documents/GitHub/DDLS_project/code/get_bmrb_data/bmrb_nmrstar/bmse010466/bmse010466.str,no_1H_data_found,0,,,lignin_cw_compound_2023,,,
bmse010467,/Users/alfred/Documents/GitHub/DDLS_project/code/get_bmrb_data/bmrb_nmrstar/bmse010467/bmse010467.str,no_1H_data_found,0,,,lignin_cw_compound_2024,,,
bmse010468,/Users/alfred/Documents/GitHub/DDLS_project/code/get_bmrb_data/bmrb_nmrstar/bmse010468/bmse010468.str,no_1H_data_found,0,,,lignin_cw_compound_2025,,,
bmse010469,/Users/alfred/Documents/GitHub/DDLS_project/code/get_bmrb_data/bmrb_nmrstar/bmse010469/bmse010469.str,no_1H_data_found,0,,,lignin_cw_compound_2027,,,
bmse010470,/Users/alfred/Documents/GitHub/DDLS_project/code/get_bmrb_data/bmrb_nmrstar/bmse010470/bmse010470.str,no_1H_data_found,0,,,lignin_cw_compound_2028,,,
bmse010471,/Users/alfred/Documents/GitHub/DDLS_project/code/get_bmrb_data/bmrb_nmrstar/bmse010471/bmse010471.str,no_1H_data_found,0,,,lignin_cw_compound_2029,,,
bmse010472,/Users/alfred/Documents/GitHub/DDLS_project/code/get_bmrb_data/bmrb_nmrstar/bmse010472/bmse010472.str,no_1H_data_found,0,,,lignin_cw_compound_2030,,,
bmse010473,/Users/alfred/Documents/GitHub/DDLS_project/code/get_bmrb_data/bmrb_nmrstar/bmse010473/bmse010473.str,no_1H_data_found,0,,,lignin_cw_compound_2033,,,
bmse010474,/Users/alfred/Documents/GitHub/DDLS_project/code/get_bmrb_data/bmrb_nmrstar/bmse010474/bmse010474.str,no_1H_data_found,0,,,lignin_cw_compound_2034,,,
bmse010475,/Users/alfred/Documents/GitHub/DDLS_project/code/get_bmrb_data/bmrb_nmrstar/bmse010475/bmse010475.str,no_1H_data_found,0,,,lignin_cw_compound_2037,,,
bmse010476,/Users/alfred/Documents/GitHub/DDLS_project/code/get_bmrb_data/bmrb_nmrstar/bmse010476/bmse010476.str,no_1H_data_found,0,,,lignin_cw_compound_2039,,,
bmse010477,/Users/alfred/Documents/GitHub/DDLS_project/code/get_bmrb_data/bmrb_nmrstar/bmse010477/bmse010477.str,no_1H_data_found,0,,,lignin_cw_compound_2044,,,
bmse010478,/Users/alfred/Documents/GitHub/DDLS_project/code/get_bmrb_data/bmrb_nmrstar/bmse010478/bmse010478.str,no_1H_data_found,0,,,lignin_cw_compound_2045,,,
bmse010479,/Users/alfred/Documents/GitHub/DDLS_project/code/get_bmrb_data/bmrb_nmrstar/bmse010479/bmse010479.str,no_1H_data_found,0,,,lignin_cw_compound_2046,,,
bmse010480,/Users/alfred/Documents/GitHub/DDLS_project/code/get_bmrb_data/bmrb_nmrstar/bmse010480/bmse010480.str,no_1H_data_found,0,,,lignin_cw_compound_2047,,,
bmse010481,/Users/alfred/Documents/GitHub/DDLS_project/code/get_bmrb_data/bmrb_nmrstar/bmse010481/bmse010481.str,no_1H_data_found,0,,,lignin_cw_compound_2048,,,
bmse010483,/Users/alfred/Documents/GitHub/DDLS_project/code/get_bmrb_data/bmrb_nmrstar/bmse010483/bmse010483.str,no_1H_data_found,0,,,lignin_cw_compound_2051,,,
bmse010484,/Users/alfred/Documents/GitHub/DDLS_project/code/get_bmrb_data/bmrb_nmrstar/bmse010484/bmse010484.str,no_1H_data_found,0,,,lignin_cw_compound_2054,,,
bmse010485,/Users/alfred/Documents/GitHub/DDLS_project/code/get_bmrb_data/bmrb_nmrstar/bmse010485/bmse010485.str,no_1H_data_found,0,,,lignin_cw_compound_2055,,,
bmse010486,/Users/alfred/Documents/GitHub/DDLS_project/code/get_bmrb_data/bmrb_nmrstar/bmse010486/bmse010486.str,no_1H_data_found,0,,,"5-5, Dehydrodiferulic Acid",,,
bmse010487,/Users/alfred/Documents/GitHub/DDLS_project/code/get_bmrb_data/bmrb_nmrstar/bmse010487/bmse010487.str,no_1H_data_found,0,,,lignin_cw_compound_2059,,,
bmse010488,/Users/alfred/Documents/GitHub/DDLS_project/code/get_bmrb_data/bmrb_nmrstar/bmse010488/bmse010488.str,no_1H_data_found,0,,,lignin_cw_compound_2060,,,
bmse010489,/Users/alfred/Documents/GitHub/DDLS_project/code/get_bmrb_data/bmrb_nmrstar/bmse010489/bmse010489.str,no_1H_data_found,0,,,lignin_cw_compound_2061,,,
bmse010490,/Users/alfred/Documents/GitHub/DDLS_project/code/get_bmrb_data/bmrb_nmrstar/bmse010490/bmse010490.str,no_1H_data_found,0,,,Isotaxiresinol,,,
bmse010492,/Users/alfred/Documents/GitHub/DDLS_project/code/get_bmrb_data/bmrb_nmrstar/bmse010492/bmse010492.str,no_1H_data_found,0,,,lignin_cw_compound_2075,,,
bmse010493,/Users/alfred/Documents/GitHub/DDLS_project/code/get_bmrb_data/bmrb_nmrstar/bmse010493/bmse010493.str,no_1H_data_found,0,,,lignin_cw_compound_2076,,,
bmse010494,/Users/alfred/Documents/GitHub/DDLS_project/code/get_bmrb_data/bmrb_nmrstar/bmse010494/bmse010494.str,no_1H_data_found,0,,,lignin_cw_compound_2077,,,
bmse010495,/Users/alfred/Documents/GitHub/DDLS_project/code/get_bmrb_data/bmrb_nmrstar/bmse010495/bmse010495.str,no_1H_data_found,0,,,lignin_cw_compound_2078,,,
bmse010496,/Users/alfred/Documents/GitHub/DDLS_project/code/get_bmrb_data/bmrb_nmrstar/bmse010496/bmse010496.str,no_1H_data_found,0,,,lignin_cw_compound_2082,,,
bmse010497,/Users/alfred/Documents/GitHub/DDLS_project/code/get_bmrb_data/bmrb_nmrstar/bmse010497/bmse010497.str,no_1H_data_found,0,,,lignin_cw_compound_3007,,,
bmse010498,/Users/alfred/Documents/GitHub/DDLS_project/code/get_bmrb_data/bmrb_nmrstar/bmse010498/bmse010498.str,no_1H_data_found,0,,,lignin_cw_compound_3009,,,
bmse010499,/Users/alfred/Documents/GitHub/DDLS_project/code/get_bmrb_data/bmrb_nmrstar/bmse010499/bmse010499.str,no_1H_data_found,0,,,lignin_cw_compound_3013,,,
bmse010502,/Users/alfred/Documents/GitHub/DDLS_project/code/get_bmrb_data/bmrb_nmrstar/bmse010502/bmse010502.str,no_1H_data_found,0,,,lignin_cw_compound_3024,,,
bmse010504,/Users/alfred/Documents/GitHub/DDLS_project/code/get_bmrb_data/bmrb_nmrstar/bmse010504/bmse010504.str,no_1H_data_found,0,,,lignin_cw_compound_3029,,,
bmse010505,/Users/alfred/Documents/GitHub/DDLS_project/code/get_bmrb_data/bmrb_nmrstar/bmse010505/bmse010505.str,no_1H_data_found,0,,,lignin_cw_compound_3030,,,
bmse010506,/Users/alfred/Documents/GitHub/DDLS_project/code/get_bmrb_data/bmrb_nmrstar/bmse010506/bmse010506.str,no_1H_data_found,0,,,lignin_cw_compound_3032,,,
bmse010507,/Users/alfred/Documents/GitHub/DDLS_project/code/get_bmrb_data/bmrb_nmrstar/bmse010507/bmse010507.str,no_1H_data_found,0,,,lignin_cw_compound_3038,,,
bmse010508,/Users/alfred/Documents/GitHub/DDLS_project/code/get_bmrb_data/bmrb_nmrstar/bmse010508/bmse010508.str,no_1H_data_found,0,,,lignin_cw_compound_3049,,,
bmse010509,/Users/alfred/Documents/GitHub/DDLS_project/code/get_bmrb_data/bmrb_nmrstar/bmse010509/bmse010509.str,no_1H_data_found,0,,,lignin_cw_compound_3050,,,
bmse010510,/Users/alfred/Documents/GitHub/DDLS_project/code/get_bmrb_data/bmrb_nmrstar/bmse010510/bmse010510.str,no_1H_data_found,0,,,lignin_cw_compound_3051,,,
bmse010511,/Users/alfred/Documents/GitHub/DDLS_project/code/get_bmrb_data/bmrb_nmrstar/bmse010511/bmse010511.str,no_1H_data_found,0,,,lignin_cw_compound_3054,,,
bmse010512,/Users/alfred/Documents/GitHub/DDLS_project/code/get_bmrb_data/bmrb_nmrstar/bmse010512/bmse010512.str,no_1H_data_found,0,,,lignin_cw_compound_3055,,,
bmse010514,/Users/alfred/Documents/GitHub/DDLS_project/code/get_bmrb_data/bmrb_nmrstar/bmse010514/bmse010514.str,no_1H_data_found,0,,,lignin_cw_compound_3057,,,
bmse010515,/Users/alfred/Documents/GitHub/DDLS_project/code/get_bmrb_data/bmrb_nmrstar/bmse010515/bmse010515.str,no_1H_data_found,0,,,lignin_cw_compound_3060,,,
bmse010516,/Users/alfred/Documents/GitHub/DDLS_project/code/get_bmrb_data/bmrb_nmrstar/bmse010516/bmse010516.str,no_1H_data_found,0,,,S_8_O_4_G_8_5_G,,,
bmse010517,/Users/alfred/Documents/GitHub/DDLS_project/code/get_bmrb_data/bmrb_nmrstar/bmse010517/bmse010517.str,no_1H_data_found,0,,,lignin_cw_compound_3012,,,
bmse010518,/Users/alfred/Documents/GitHub/DDLS_project/code/get_bmrb_data/bmrb_nmrstar/bmse010518/bmse010518.str,no_1H_data_found,0,,,lignin_cw_compound_166,,,
bmse010519,/Users/alfred/Documents/GitHub/DDLS_project/code/get_bmrb_data/bmrb_nmrstar/bmse010519/bmse010519.str,no_1H_data_found,0,,,lignin_cw_compound_168,,,
bmse010520,/Users/alfred/Documents/GitHub/DDLS_project/code/get_bmrb_data/bmrb_nmrstar/bmse010520/bmse010520.str,no_1H_data_found,0,,,Guaiacylglycerol-B-syringyl ether,,,
bmse010521,/Users/alfred/Documents/GitHub/DDLS_project/code/get_bmrb_data/bmrb_nmrstar/bmse010521/bmse010521.str,no_1H_data_found,0,,,S-b-G,,,
bmse011001,/Users/alfred/Documents/GitHub/DDLS_project/code/get_bmrb_data/bmrb_nmrstar/bmse011001/bmse011001.str,no_1H_data_found,0,,,4-chloro-N-(4-hydroxyphenyl)benzamide,,,
bmse011002,/Users/alfred/Documents/GitHub/DDLS_project/code/get_bmrb_data/bmrb_nmrstar/bmse011002/bmse011002.str,no_1H_data_found,0,,,N-(2-Hydroxyphenyl)acetamide,,,
bmse011003,/Users/alfred/Documents/GitHub/DDLS_project/code/get_bmrb_data/bmrb_nmrstar/bmse011003/bmse011003.str,no_1H_data_found,0,,,4-(cyclopentanecarbonylamino)benzamide,,,
bmse011004,/Users/alfred/Documents/GitHub/DDLS_project/code/get_bmrb_data/bmrb_nmrstar/bmse011004/bmse011004.str,no_1H_data_found,0,,,N-(4-ethylphenyl)pyrazine-2-carboxamide,,,
bmse011005,/Users/alfred/Documents/GitHub/DDLS_project/code/get_bmrb_data/bmrb_nmrstar/bmse011005/bmse011005.str,no_1H_data_found,0,,,1-[(4-fluorophenyl)methyl]benzimidazole,,,
bmse011006,/Users/alfred/Documents/GitHub/DDLS_project/code/get_bmrb_data/bmrb_nmrstar/bmse011006/bmse011006.str,no_1H_data_found,0,,,"N,N-diethyl-5-methyl-[1,2,4]triazolo[5,1-b]pyrimidin-7-amine",,,
bmse011007,/Users/alfred/Documents/GitHub/DDLS_project/code/get_bmrb_data/bmrb_nmrstar/bmse011007/bmse011007.str,no_1H_data_found,0,,,N-(4-ethoxyphenyl)pyrazine-2-carboxamide,,,
bmse011008,/Users/alfred/Documents/GitHub/DDLS_project/code/get_bmrb_data/bmrb_nmrstar/bmse011008/bmse011008.str,no_1H_data_found,0,,,2-amino-N-(3-chloro-2-methylphenyl)acetamide;hydrochloride,,,
bmse011009,/Users/alfred/Documents/GitHub/DDLS_project/code/get_bmrb_data/bmrb_nmrstar/bmse011009/bmse011009.str,no_1H_data_found,0,,,N-(1H-benzimidazol-2-ylmethyl)butanamide,,,
bmse011010,/Users/alfred/Documents/GitHub/DDLS_project/code/get_bmrb_data/bmrb_nmrstar/bmse011010/bmse011010.str,no_1H_data_found,0,,,"N-[2-(1H-benzimidazol-2-yl)ethyl]-2,2-dimethylpropanamide",,,
bmse011011,/Users/alfred/Documents/GitHub/DDLS_project/code/get_bmrb_data/bmrb_nmrstar/bmse011011/bmse011011.str,no_1H_data_found,0,,,N-(3-chlorophenyl)-2-pyrrolidin-1-ylacetamide,,,
bmse011012,/Users/alfred/Documents/GitHub/DDLS_project/code/get_bmrb_data/bmrb_nmrstar/bmse011012/bmse011012.str,no_1H_data_found,0,,,2-(methylsulfonylmethyl)-1H-benzimidazole,,,
bmse011013,/Users/alfred/Documents/GitHub/DDLS_project/code/get_bmrb_data/bmrb_nmrstar/bmse011013/bmse011013.str,no_1H_data_found,0,,,piperazin-1-yl(pyridin-4-yl)methanone;dihydrochloride,,,
bmse011014,/Users/alfred/Documents/GitHub/DDLS_project/code/get_bmrb_data/bmrb_nmrstar/bmse011014/bmse011014.str,no_1H_data_found,0,,,"N-(5-ethyl-1,3,4-thiadiazol-2-yl)pyrazine-2-carboxamide",,,
bmse011015,/Users/alfred/Documents/GitHub/DDLS_project/code/get_bmrb_data/bmrb_nmrstar/bmse011015/bmse011015.str,no_1H_data_found,0,,,N-(2-fluorophenyl)-3-methoxybenzamide,,,
bmse011016,/Users/alfred/Documents/GitHub/DDLS_project/code/get_bmrb_data/bmrb_nmrstar/bmse011016/bmse011016.str,no_1H_data_found,0,,,2-cyano-N-[(4-methoxyphenyl)methyl]acetamide,,,
bmse011017,/Users/alfred/Documents/GitHub/DDLS_project/code/get_bmrb_data/bmrb_nmrstar/bmse011017/bmse011017.str,no_1H_data_found,0,,,N-(4-carbamoylphenyl)pyrazine-2-carboxamide,,,
bmse011018,/Users/alfred/Documents/GitHub/DDLS_project/code/get_bmrb_data/bmrb_nmrstar/bmse011018/bmse011018.str,no_1H_data_found,0,,,(4-methoxyphenyl)-piperidin-4-ylmethanone,,,
bmse011019,/Users/alfred/Documents/GitHub/DDLS_project/code/get_bmrb_data/bmrb_nmrstar/bmse011019/bmse011019.str,no_1H_data_found,0,,,N-(3-cyanophenyl)-2-methylpropanamide,,,
bmse011020,/Users/alfred/Documents/GitHub/DDLS_project/code/get_bmrb_data/bmrb_nmrstar/bmse011020/bmse011020.str,no_1H_data_found,0,,,2-(4-chlorophenyl)-N-pyrimidin-2-ylacetamide,,,
bmse011021,/Users/alfred/Documents/GitHub/DDLS_project/code/get_bmrb_data/bmrb_nmrstar/bmse011021/bmse011021.str,no_1H_data_found,0,,,4-acetylpiperazine-1-carboxamide,,,
bmse011022,/Users/alfred/Documents/GitHub/DDLS_project/code/get_bmrb_data/bmrb_nmrstar/bmse011022/bmse011022.str,no_1H_data_found,0,,,"N-phenyl-1,3,4-thiadiazol-2-amine",,,
bmse011023,/Users/alfred/Documents/GitHub/DDLS_project/code/get_bmrb_data/bmrb_nmrstar/bmse011023/bmse011023.str,no_1H_data_found,0,,,N-methyl-2-piperazin-1-ylacetamide,,,
bmse011024,/Users/alfred/Documents/GitHub/DDLS_project/code/get_bmrb_data/bmrb_nmrstar/bmse011024/bmse011024.str,no_1H_data_found,0,,,1-(4-acetylphenyl)piperidine-4-carboxamide,,,
bmse011025,/Users/alfred/Documents/GitHub/DDLS_project/code/get_bmrb_data/bmrb_nmrstar/bmse011025/bmse011025.str,no_1H_data_found,0,,,N-[2-(phenylmethoxy)phenyl]acetamide,,,
bmse011026,/Users/alfred/Documents/GitHub/DDLS_project/code/get_bmrb_data/bmrb_nmrstar/bmse011026/bmse011026.str,no_1H_data_found,0,,,3-(4-fluorophenyl)-1-(furan-2-ylmethyl)urea,,,
bmse011027,/Users/alfred/Documents/GitHub/DDLS_project/code/get_bmrb_data/bmrb_nmrstar/bmse011027/bmse011027.str,no_1H_data_found,0,,,"1,1-dimethyl-3-(4-sulfamoylphenyl)urea",,,
bmse011028,/Users/alfred/Documents/GitHub/DDLS_project/code/get_bmrb_data/bmrb_nmrstar/bmse011028/bmse011028.str,no_1H_data_found,0,,,2-chloro-N-methylbenzenesulfonamide,,,
bmse011029,/Users/alfred/Documents/GitHub/DDLS_project/code/get_bmrb_data/bmrb_nmrstar/bmse011029/bmse011029.str,no_1H_data_found,0,,,N-(2-hydroxy-4-methylphenyl)-3-methylbenzamide,,,
bmse011030,/Users/alfred/Documents/GitHub/DDLS_project/code/get_bmrb_data/bmrb_nmrstar/bmse011030/bmse011030.str,no_1H_data_found,0,,,"3-methyl-N-[[(3R)-oxolan-3-yl]methyl]-1,2-oxazole-5-carboxamide",,,
bmse011031,/Users/alfred/Documents/GitHub/DDLS_project/code/get_bmrb_data/bmrb_nmrstar/bmse011031/bmse011031.str,no_1H_data_found,0,,,"1-(2,3-dihydroindol-1-yl)-2-phenylethanone",,,
bmse011032,/Users/alfred/Documents/GitHub/DDLS_project/code/get_bmrb_data/bmrb_nmrstar/bmse011032/bmse011032.str,no_1H_data_found,0,,,1-phenyl-3-pyridin-3-ylurea,,,
bmse011033,/Users/alfred/Documents/GitHub/DDLS_project/code/get_bmrb_data/bmrb_nmrstar/bmse011033/bmse011033.str,no_1H_data_found,0,,,N-(4-cyanophenyl)thiophene-2-carboxamide,,,
bmse011034,/Users/alfred/Documents/GitHub/DDLS_project/code/get_bmrb_data/bmrb_nmrstar/bmse011034/bmse011034.str,no_1H_data_found,0,,,"N-(5-methyl-1,2-oxazol-3-yl)-2-phenylsulfanylacetamide",,,
bmse011035,/Users/alfred/Documents/GitHub/DDLS_project/code/get_bmrb_data/bmrb_nmrstar/bmse011035/bmse011035.str,no_1H_data_found,0,,,2-amino-N-butan-2-ylbenzamide,,,
bmse011036,/Users/alfred/Documents/GitHub/DDLS_project/code/get_bmrb_data/bmrb_nmrstar/bmse011036/bmse011036.str,no_1H_data_found,0,,,"1,3-bis(4-fluorophenyl)urea",,,
bmse011037,/Users/alfred/Documents/GitHub/DDLS_project/code/get_bmrb_data/bmrb_nmrstar/bmse011037/bmse011037.str,no_1H_data_found,0,,,4-(4-methylpiperazin-1-yl)benzonitrile,,,
bmse011038,/Users/alfred/Documents/GitHub/DDLS_project/code/get_bmrb_data/bmrb_nmrstar/bmse011038/bmse011038.str,no_1H_data_found,0,,,2-ethyl-5-(trifluoromethyl)-4H-pyrazol-3-one,,,
bmse011039,/Users/alfred/Documents/GitHub/DDLS_project/code/get_bmrb_data/bmrb_nmrstar/bmse011039/bmse011039.str,no_1H_data_found,0,,,"N-[5-[(3-methylphenyl)methyl]-1,3-thiazol-2-yl]acetamide",,,
bmse011040,/Users/alfred/Documents/GitHub/DDLS_project/code/get_bmrb_data/bmrb_nmrstar/bmse011040/bmse011040.str,no_1H_data_found,0,,,methyl 3-(cyclopropanecarbonylamino)thiophene-2-carboxylate,,,
bmse011041,/Users/alfred/Documents/GitHub/DDLS_project/code/get_bmrb_data/bmrb_nmrstar/bmse011041/bmse011041.str,no_1H_data_found,0,,,N-(1-propyltetrazol-5-yl)furan-2-carboxamide,,,
bmse011042,/Users/alfred/Documents/GitHub/DDLS_project/code/get_bmrb_data/bmrb_nmrstar/bmse011042/bmse011042.str,no_1H_data_found,0,,,"2-(4-methylphenyl)-N-(1,3-thiazol-2-yl)acetamide",,,
bmse011043,/Users/alfred/Documents/GitHub/DDLS_project/code/get_bmrb_data/bmrb_nmrstar/bmse011043/bmse011043.str,no_1H_data_found,0,,,N-(2-carbamoylphenyl)pyridine-4-carboxamide,,,
bmse011044,/Users/alfred/Documents/GitHub/DDLS_project/code/get_bmrb_data/bmrb_nmrstar/bmse011044/bmse011044.str,no_1H_data_found,0,,,1-(3-phenylprop-2-ynyl)piperidine,,,
bmse011045,/Users/alfred/Documents/GitHub/DDLS_project/code/get_bmrb_data/bmrb_nmrstar/bmse011045/bmse011045.str,no_1H_data_found,0,,,"N-(5-methyl-1,2-oxazol-3-yl)-2-(4-methylphenoxy)acetamide",,,
bmse011046,/Users/alfred/Documents/GitHub/DDLS_project/code/get_bmrb_data/bmrb_nmrstar/bmse011046/bmse011046.str,no_1H_data_found,0,,,N-(2-methoxyphenyl)-5-methylthiophene-2-carboxamide,,,
bmse011047,/Users/alfred/Documents/GitHub/DDLS_project/code/get_bmrb_data/bmrb_nmrstar/bmse011047/bmse011047.str,no_1H_data_found,0,,,N-(1H-benzimidazol-2-ylmethyl)furan-2-carboxamide,,,
bmse011048,/Users/alfred/Documents/GitHub/DDLS_project/code/get_bmrb_data/bmrb_nmrstar/bmse011048/bmse011048.str,no_1H_data_found,0,,,4-(benzimidazol-1-ylmethyl)benzonitrile,,,
bmse011049,/Users/alfred/Documents/GitHub/DDLS_project/code/get_bmrb_data/bmrb_nmrstar/bmse011049/bmse011049.str,no_1H_data_found,0,,,N-methyl-4-(methylsulfonylmethyl)benzamide,,,
bmse011050,/Users/alfred/Documents/GitHub/DDLS_project/code/get_bmrb_data/bmrb_nmrstar/bmse011050/bmse011050.str,no_1H_data_found,0,,,"7,8-dimethoxy-2H-phthalazin-1-one",,,
bmse011051,/Users/alfred/Documents/GitHub/DDLS_project/code/get_bmrb_data/bmrb_nmrstar/bmse011051/bmse011051.str,no_1H_data_found,0,,,"2-morpholin-4-yl-1,3-benzothiazole",,,
bmse011052,/Users/alfred/Documents/GitHub/DDLS_project/code/get_bmrb_data/bmrb_nmrstar/bmse011052/bmse011052.str,no_1H_data_found,0,,,"3,4,5-Trimethoxybenzoic acid",,,
bmse011053,/Users/alfred/Documents/GitHub/DDLS_project/code/get_bmrb_data/bmrb_nmrstar/bmse011053/bmse011053.str,no_1H_data_found,0,,,2-(4-phenylphenyl)acetic acid,,,
bmse011054,/Users/alfred/Documents/GitHub/DDLS_project/code/get_bmrb_data/bmrb_nmrstar/bmse011054/bmse011054.str,no_1H_data_found,0,,,4-amino-N-pyridin-2-ylbenzenesulfonamide,,,
bmse011055,/Users/alfred/Documents/GitHub/DDLS_project/code/get_bmrb_data/bmrb_nmrstar/bmse011055/bmse011055.str,no_1H_data_found,0,,,ethyl 2-piperidin-1-ylacetate,,,
bmse011056,/Users/alfred/Documents/GitHub/DDLS_project/code/get_bmrb_data/bmrb_nmrstar/bmse011056/bmse011056.str,no_1H_data_found,0,,,N-(4-fluorophenyl)-4-methylpiperazine-1-carboxamide,,,
bmse011057,/Users/alfred/Documents/GitHub/DDLS_project/code/get_bmrb_data/bmrb_nmrstar/bmse011057/bmse011057.str,no_1H_data_found,0,,,N-[(4-methylphenyl)methyl]-2-thiophen-2-ylacetamide,,,
bmse011058,/Users/alfred/Documents/GitHub/DDLS_project/code/get_bmrb_data/bmrb_nmrstar/bmse011058/bmse011058.str,no_1H_data_found,0,,,"5-Morpholin-4-yl-1H-pyrimidine-2,4-dione",,,
bmse011059,/Users/alfred/Documents/GitHub/DDLS_project/code/get_bmrb_data/bmrb_nmrstar/bmse011059/bmse011059.str,no_1H_data_found,0,,,N-(4-methoxyphenyl)-7H-purin-6-amine,,,
bmse011060,/Users/alfred/Documents/GitHub/DDLS_project/code/get_bmrb_data/bmrb_nmrstar/bmse011060/bmse011060.str,no_1H_data_found,0,,,"5-Piperidin-1-yl-1H-pyrimidine-2,4-dione",,,
bmse011061,/Users/alfred/Documents/GitHub/DDLS_project/code/get_bmrb_data/bmrb_nmrstar/bmse011061/bmse011061.str,no_1H_data_found,0,,,1-(2-phenylethyl)piperidine-4-carboxamide,,,
bmse011062,/Users/alfred/Documents/GitHub/DDLS_project/code/get_bmrb_data/bmrb_nmrstar/bmse011062/bmse011062.str,no_1H_data_found,0,,,[4-(benzimidazol-1-yl)phenyl]methanol,,,
bmse011063,/Users/alfred/Documents/GitHub/DDLS_project/code/get_bmrb_data/bmrb_nmrstar/bmse011063/bmse011063.str,no_1H_data_found,0,,,1-(2-cyanoacetyl)piperidine-4-carboxamide,,,
bmse011064,/Users/alfred/Documents/GitHub/DDLS_project/code/get_bmrb_data/bmrb_nmrstar/bmse011064/bmse011064.str,no_1H_data_found,0,,,N-cyclohexyl-2-(phenoxy)acetamide,,,
bmse011065,/Users/alfred/Documents/GitHub/DDLS_project/code/get_bmrb_data/bmrb_nmrstar/bmse011065/bmse011065.str,no_1H_data_found,0,,,2-(phenylmethoxy)aniline,,,
bmse011066,/Users/alfred/Documents/GitHub/DDLS_project/code/get_bmrb_data/bmrb_nmrstar/bmse011066/bmse011066.str,no_1H_data_found,0,,,methyl 4-(cyclopentanecarbonylamino)benzoate,,,
bmse011067,/Users/alfred/Documents/GitHub/DDLS_project/code/get_bmrb_data/bmrb_nmrstar/bmse011067/bmse011067.str,no_1H_data_found,0,,,(3S)-3-amino-3-(3-methoxyphenyl)propanoic acid,,,
bmse011068,/Users/alfred/Documents/GitHub/DDLS_project/code/get_bmrb_data/bmrb_nmrstar/bmse011068/bmse011068.str,no_1H_data_found,0,,,N-cyclohexyl-2-(4-fluorophenyl)acetamide,,,
bmse011069,/Users/alfred/Documents/GitHub/DDLS_project/code/get_bmrb_data/bmrb_nmrstar/bmse011069/bmse011069.str,no_1H_data_found,0,,,N-(2-hydroxy-4-methylphenyl)-2-methylbenzamide,,,
bmse011070,/Users/alfred/Documents/GitHub/DDLS_project/code/get_bmrb_data/bmrb_nmrstar/bmse011070/bmse011070.str,no_1H_data_found,0,,,1-(cyclohexanecarbonyl)piperidine-4-carboxamide,,,
bmse011071,/Users/alfred/Documents/GitHub/DDLS_project/code/get_bmrb_data/bmrb_nmrstar/bmse011071/bmse011071.str,no_1H_data_found,0,,,N-(3-fluorophenyl)pyrazine-2-carboxamide,,,
bmse011072,/Users/alfred/Documents/GitHub/DDLS_project/code/get_bmrb_data/bmrb_nmrstar/bmse011072/bmse011072.str,no_1H_data_found,0,,,N-methyl-4-oxo-3H-quinazoline-2-carboxamide,,,
bmse011073,/Users/alfred/Documents/GitHub/DDLS_project/code/get_bmrb_data/bmrb_nmrstar/bmse011073/bmse011073.str,no_1H_data_found,0,,,(2S)-2-(4-phenylphenoxy)propanoic acid,,,
bmse011074,/Users/alfred/Documents/GitHub/DDLS_project/code/get_bmrb_data/bmrb_nmrstar/bmse011074/bmse011074.str,no_1H_data_found,0,,,2-(4-chlorophenoxy)propanamide,,,
bmse011075,/Users/alfred/Documents/GitHub/DDLS_project/code/get_bmrb_data/bmrb_nmrstar/bmse011075/bmse011075.str,no_1H_data_found,0,,,methyl 2-(pyrrolidine-1-carbonylamino)benzoate,,,
bmse011076,/Users/alfred/Documents/GitHub/DDLS_project/code/get_bmrb_data/bmrb_nmrstar/bmse011076/bmse011076.str,no_1H_data_found,0,,,2-(4-fluorophenoxy)-1-pyrrolidin-1-ylethanone,,,
bmse011077,/Users/alfred/Documents/GitHub/DDLS_project/code/get_bmrb_data/bmrb_nmrstar/bmse011077/bmse011077.str,no_1H_data_found,0,,,"N-(4-methyl-1,3-thiazol-2-yl)propanamide",,,
bmse011078,/Users/alfred/Documents/GitHub/DDLS_project/code/get_bmrb_data/bmrb_nmrstar/bmse011078/bmse011078.str,no_1H_data_found,0,,,"N-(4-Chloro-2,5-dimethoxyphenyl)acetamide",,,
bmse011079,/Users/alfred/Documents/GitHub/DDLS_project/code/get_bmrb_data/bmrb_nmrstar/bmse011079/bmse011079.str,no_1H_data_found,0,,,N-[(4-methoxyphenyl)methyl]pyrazine-2-carboxamide,,,
bmse011080,/Users/alfred/Documents/GitHub/DDLS_project/code/get_bmrb_data/bmrb_nmrstar/bmse011080/bmse011080.str,no_1H_data_found,0,,,"N-(6-methoxy-1,3-benzothiazol-2-yl)cyclopropanecarboxamide",,,
bmse011081,/Users/alfred/Documents/GitHub/DDLS_project/code/get_bmrb_data/bmrb_nmrstar/bmse011081/bmse011081.str,no_1H_data_found,0,,,N-(3-cyanophenyl)-3-cyclopentylpropanamide,,,
bmse011082,/Users/alfred/Documents/GitHub/DDLS_project/code/get_bmrb_data/bmrb_nmrstar/bmse011082/bmse011082.str,no_1H_data_found,0,,,3-cyclohexyl-N-methylpropanamide,,,
bmse011083,/Users/alfred/Documents/GitHub/DDLS_project/code/get_bmrb_data/bmrb_nmrstar/bmse011083/bmse011083.str,no_1H_data_found,0,,,"2-(5,6-dimethylbenzimidazol-1-yl)acetamide",,,
bmse011084,/Users/alfred/Documents/GitHub/DDLS_project/code/get_bmrb_data/bmrb_nmrstar/bmse011084/bmse011084.str,no_1H_data_found,0,,,6-(ethylamino)pyridine-3-carbonitrile,,,
bmse011085,/Users/alfred/Documents/GitHub/DDLS_project/code/get_bmrb_data/bmrb_nmrstar/bmse011085/bmse011085.str,no_1H_data_found,0,,,"2-methoxy-N-(2,4,6-trimethylphenyl)acetamide",,,
bmse011086,/Users/alfred/Documents/GitHub/DDLS_project/code/get_bmrb_data/bmrb_nmrstar/bmse011086/bmse011086.str,no_1H_data_found,0,,,"5-methyl-N-(thiophen-2-ylmethyl)-1,2-oxazole-3-carboxamide",,,
bmse011087,/Users/alfred/Documents/GitHub/DDLS_project/code/get_bmrb_data/bmrb_nmrstar/bmse011087/bmse011087.str,no_1H_data_found,0,,,2-methyl-N-pyridin-4-ylfuran-3-carboxamide,,,
bmse011088,/Users/alfred/Documents/GitHub/DDLS_project/code/get_bmrb_data/bmrb_nmrstar/bmse011088/bmse011088.str,no_1H_data_found,0,,,"4-ethoxy-N-(5-methyl-1,2-oxazol-3-yl)benzamide",,,
bmse011089,/Users/alfred/Documents/GitHub/DDLS_project/code/get_bmrb_data/bmrb_nmrstar/bmse011089/bmse011089.str,no_1H_data_found,0,,,"1-ethyl-3-(5-methyl-1,2-oxazol-3-yl)urea",,,
bmse011090,/Users/alfred/Documents/GitHub/DDLS_project/code/get_bmrb_data/bmrb_nmrstar/bmse011090/bmse011090.str,no_1H_data_found,0,,,3-cyclohexyl-1-morpholin-4-ylpropan-1-one,,,
bmse011091,/Users/alfred/Documents/GitHub/DDLS_project/code/get_bmrb_data/bmrb_nmrstar/bmse011091/bmse011091.str,no_1H_data_found,0,,,N-[4-(1-aminoethyl)phenyl]cyclopropanecarboxamide;hydrochloride,,,
bmse011092,/Users/alfred/Documents/GitHub/DDLS_project/code/get_bmrb_data/bmrb_nmrstar/bmse011092/bmse011092.str,no_1H_data_found,0,,,1-(2-ethoxyphenyl)piperazine;hydrochloride,,,
bmse011093,/Users/alfred/Documents/GitHub/DDLS_project/code/get_bmrb_data/bmrb_nmrstar/bmse011093/bmse011093.str,no_1H_data_found,0,,,"(3-phenyl-1,2-oxazol-5-yl)methanamine;hydrochloride",,,
bmse011094,/Users/alfred/Documents/GitHub/DDLS_project/code/get_bmrb_data/bmrb_nmrstar/bmse011094/bmse011094.str,no_1H_data_found,0,,,N-[4-(aminomethyl)phenyl]methanesulfonamide;hydrochloride,,,
bmse011095,/Users/alfred/Documents/GitHub/DDLS_project/code/get_bmrb_data/bmrb_nmrstar/bmse011095/bmse011095.str,no_1H_data_found,0,,,"3-(3,5-dimethyl-1,2,4-triazol-1-yl)propanoic acid",,,
bmse011096,/Users/alfred/Documents/GitHub/DDLS_project/code/get_bmrb_data/bmrb_nmrstar/bmse011096/bmse011096.str,no_1H_data_found,0,,,"4-(4-methyl-1,3-thiazole-5-carbonyl)piperazin-2-one",,,
bmse011097,/Users/alfred/Documents/GitHub/DDLS_project/code/get_bmrb_data/bmrb_nmrstar/bmse011097/bmse011097.str,no_1H_data_found,0,,,1-[di(phenyl)methyl]azetidin-3-ol,,,
bmse011098,/Users/alfred/Documents/GitHub/DDLS_project/code/get_bmrb_data/bmrb_nmrstar/bmse011098/bmse011098.str,no_1H_data_found,0,,,(3-fluoro-4-methylphenyl)methanesulfonamide,,,
bmse011099,/Users/alfred/Documents/GitHub/DDLS_project/code/get_bmrb_data/bmrb_nmrstar/bmse011099/bmse011099.str,no_1H_data_found,0,,,(2R)-3-(4-bromophenyl)-2-methylpropanamide,,,
bmse011100,/Users/alfred/Documents/GitHub/DDLS_project/code/get_bmrb_data/bmrb_nmrstar/bmse011100/bmse011100.str,no_1H_data_found,0,,,"N-(4-methoxyphenyl)-4,5-dihydro-1H-imidazol-2-amine",,,
bmse011101,/Users/alfred/Documents/GitHub/DDLS_project/code/get_bmrb_data/bmrb_nmrstar/bmse011101/bmse011101.str,no_1H_data_found,0,,,(5S)-7-pyrazin-2-yl-2-oxa-7-azaspiro[4.4]nonane,,,
bmse011102,/Users/alfred/Documents/GitHub/DDLS_project/code/get_bmrb_data/bmrb_nmrstar/bmse011102/bmse011102.str,no_1H_data_found,0,,,"5-methyl-3-[(2R)-1-methylsulfonylpyrrolidin-2-yl]-1,2-oxazole",,,
bmse011103,/Users/alfred/Documents/GitHub/DDLS_project/code/get_bmrb_data/bmrb_nmrstar/bmse011103/bmse011103.str,no_1H_data_found,0,,,2-amino-N-[5-(trifluoromethyl)-1H-pyrazol-3-yl]propanamide;hydrochloride,,,
bmse011104,/Users/alfred/Documents/GitHub/DDLS_project/code/get_bmrb_data/bmrb_nmrstar/bmse011104/bmse011104.str,no_1H_data_found,0,,,4-methylpiperidine-2-carboxamide,,,
bmse011105,/Users/alfred/Documents/GitHub/DDLS_project/code/get_bmrb_data/bmrb_nmrstar/bmse011105/bmse011105.str,no_1H_data_found,0,,,"N-methyl-2-(thieno[3,2-e]pyrimidin-4-ylamino)acetamide",,,
bmse011106,/Users/alfred/Documents/GitHub/DDLS_project/code/get_bmrb_data/bmrb_nmrstar/bmse011106/bmse011106.str,no_1H_data_found,0,,,"N,N-dimethyl-1H-pyrazole-4-sulfonamide",,,
bmse011107,/Users/alfred/Documents/GitHub/DDLS_project/code/get_bmrb_data/bmrb_nmrstar/bmse011107/bmse011107.str,no_1H_data_found,0,,,3-acetamido-2-methylbenzoic acid,,,
bmse011108,/Users/alfred/Documents/GitHub/DDLS_project/code/get_bmrb_data/bmrb_nmrstar/bmse011108/bmse011108.str,no_1H_data_found,0,,,"3-[(2,6-dimethylpyrimidin-4-yl)-methylamino]cyclobutan-1-ol",,,
bmse011109,/Users/alfred/Documents/GitHub/DDLS_project/code/get_bmrb_data/bmrb_nmrstar/bmse011109/bmse011109.str,no_1H_data_found,0,,,3-acetamidopyridine-2-carboxylic acid,,,
bmse011110,/Users/alfred/Documents/GitHub/DDLS_project/code/get_bmrb_data/bmrb_nmrstar/bmse011110/bmse011110.str,no_1H_data_found,0,,,6-(methylcarbamoyl)pyridine-2-carboxylic acid,,,
bmse011111,/Users/alfred/Documents/GitHub/DDLS_project/code/get_bmrb_data/bmrb_nmrstar/bmse011111/bmse011111.str,no_1H_data_found,0,,,"5-(1,4-oxazepan-4-yl)pyridine-2-carbonitrile",,,
bmse011112,/Users/alfred/Documents/GitHub/DDLS_project/code/get_bmrb_data/bmrb_nmrstar/bmse011112/bmse011112.str,no_1H_data_found,0,,,(4-fluoro-2-methylphenyl)methanesulfonamide,,,
bmse011113,/Users/alfred/Documents/GitHub/DDLS_project/code/get_bmrb_data/bmrb_nmrstar/bmse011113/bmse011113.str,no_1H_data_found,0,,,1-(dimethylcarbamoyl)cyclopropane-1-carboxylic acid,,,
bmse011114,/Users/alfred/Documents/GitHub/DDLS_project/code/get_bmrb_data/bmrb_nmrstar/bmse011114/bmse011114.str,no_1H_data_found,0,,,"4-ethyl-2-(1H-imidazol-5-yl)-1,3-thiazole",,,
bmse011115,/Users/alfred/Documents/GitHub/DDLS_project/code/get_bmrb_data/bmrb_nmrstar/bmse011115/bmse011115.str,no_1H_data_found,0,,,1-(2-ethylpyrazol-3-yl)-N-methylmethanamine;dihydrochloride,,,
bmse011116,/Users/alfred/Documents/GitHub/DDLS_project/code/get_bmrb_data/bmrb_nmrstar/bmse011116/bmse011116.str,no_1H_data_found,0,,,N-[(2-fluorophenyl)methyl]-1H-pyrazol-4-amine,,,
bmse011117,/Users/alfred/Documents/GitHub/DDLS_project/code/get_bmrb_data/bmrb_nmrstar/bmse011117/bmse011117.str,no_1H_data_found,0,,,2-cyclopropyl-1H-imidazole-5-carboxamide,,,
bmse011118,/Users/alfred/Documents/GitHub/DDLS_project/code/get_bmrb_data/bmrb_nmrstar/bmse011118/bmse011118.str,no_1H_data_found,0,,,"N-(cyclopropylmethyl)-2,2,3,3-tetramethylazetidine-1-carboxamide",,,
bmse011119,/Users/alfred/Documents/GitHub/DDLS_project/code/get_bmrb_data/bmrb_nmrstar/bmse011119/bmse011119.str,no_1H_data_found,0,,,1-methyl-3-piperidin-3-ylpyrazole-4-carboxamide;hydrochloride,,,
bmse011120,/Users/alfred/Documents/GitHub/DDLS_project/code/get_bmrb_data/bmrb_nmrstar/bmse011120/bmse011120.str,no_1H_data_found,0,,,(2S)-2-hydroxy-N-(pyridin-2-ylmethyl)propanamide,,,
bmse011121,/Users/alfred/Documents/GitHub/DDLS_project/code/get_bmrb_data/bmrb_nmrstar/bmse011121/bmse011121.str,no_1H_data_found,0,,,"(4R)-N,2-dimethyl-4,5,6,7-tetrahydro-1,3-benzothiazole-4-carboxamide",,,
bmse011122,/Users/alfred/Documents/GitHub/DDLS_project/code/get_bmrb_data/bmrb_nmrstar/bmse011122/bmse011122.str,no_1H_data_found,0,,,(3S)-N-methyl-N-phenylpyrrolidine-3-carboxamide;hydrochloride,,,
bmse011123,/Users/alfred/Documents/GitHub/DDLS_project/code/get_bmrb_data/bmrb_nmrstar/bmse011123/bmse011123.str,no_1H_data_found,0,,,"7-ethyl-2-(methylamino)-[1,3,4]thiadiazolo[3,2-a]pyrimidin-5-one",,,
bmse011124,/Users/alfred/Documents/GitHub/DDLS_project/code/get_bmrb_data/bmrb_nmrstar/bmse011124/bmse011124.str,no_1H_data_found,0,,,"2-(1H-1,2,4-triazol-5-yl)-1,3-thiazole",,,
bmse011125,/Users/alfred/Documents/GitHub/DDLS_project/code/get_bmrb_data/bmrb_nmrstar/bmse011125/bmse011125.str,no_1H_data_found,0,,,N-(piperidin-4-ylmethyl)methanesulfonamide,,,
bmse011126,/Users/alfred/Documents/GitHub/DDLS_project/code/get_bmrb_data/bmrb_nmrstar/bmse011126/bmse011126.str,no_1H_data_found,0,,,(1S)-1-(4-ethoxyphenyl)ethanamine;hydrochloride,,,
bmse011127,/Users/alfred/Documents/GitHub/DDLS_project/code/get_bmrb_data/bmrb_nmrstar/bmse011127/bmse011127.str,no_1H_data_found,0,,,6-(azetidin-1-yl)-7H-purine,,,
bmse011128,/Users/alfred/Documents/GitHub/DDLS_project/code/get_bmrb_data/bmrb_nmrstar/bmse011128/bmse011128.str,no_1H_data_found,0,,,"(2R,3S)-3-methyl-N-(thiadiazol-5-yl)oxolane-2-carboxamide",,,
bmse011129,/Users/alfred/Documents/GitHub/DDLS_project/code/get_bmrb_data/bmrb_nmrstar/bmse011129/bmse011129.str,no_1H_data_found,0,,,N-[(1-hydroxycyclopentyl)methyl]acetamide,,,
bmse011130,/Users/alfred/Documents/GitHub/DDLS_project/code/get_bmrb_data/bmrb_nmrstar/bmse011130/bmse011130.str,no_1H_data_found,0,,,"N-(5-propyl-1,3,4-thiadiazol-2-yl)pyridine-2-carboxamide",,,
bmse011131,/Users/alfred/Documents/GitHub/DDLS_project/code/get_bmrb_data/bmrb_nmrstar/bmse011131/bmse011131.str,no_1H_data_found,0,,,3-amino-N-ethyl-N-methylbenzamide,,,
bmse011132,/Users/alfred/Documents/GitHub/DDLS_project/code/get_bmrb_data/bmrb_nmrstar/bmse011132/bmse011132.str,no_1H_data_found,0,,,(3S)-1-(benzenesulfonyl)pyrrolidin-3-amine;hydrochloride,,,
bmse011133,/Users/alfred/Documents/GitHub/DDLS_project/code/get_bmrb_data/bmrb_nmrstar/bmse011133/bmse011133.str,no_1H_data_found,0,,,"1-(9-azatricyclo[6.2.2.02,7]dodeca-2,4,6-trien-9-yl)ethanone",,,
bmse011134,/Users/alfred/Documents/GitHub/DDLS_project/code/get_bmrb_data/bmrb_nmrstar/bmse011134/bmse011134.str,no_1H_data_found,0,,,N-[(4-methoxyphenyl)methyl]thiadiazole-4-carboxamide,,,
bmse011135,/Users/alfred/Documents/GitHub/DDLS_project/code/get_bmrb_data/bmrb_nmrstar/bmse011135/bmse011135.str,no_1H_data_found,0,,,1-(4-aminopiperidin-1-yl)ethanone,,,
bmse011136,/Users/alfred/Documents/GitHub/DDLS_project/code/get_bmrb_data/bmrb_nmrstar/bmse011136/bmse011136.str,no_1H_data_found,0,,,N-methyl-1H-indole-7-carboxamide,,,
bmse011137,/Users/alfred/Documents/GitHub/DDLS_project/code/get_bmrb_data/bmrb_nmrstar/bmse011137/bmse011137.str,no_1H_data_found,0,,,4-pyrrolidin-1-ylpyridine-2-carboxamide,,,
bmse011138,/Users/alfred/Documents/GitHub/DDLS_project/code/get_bmrb_data/bmrb_nmrstar/bmse011138/bmse011138.str,no_1H_data_found,0,,,3-(methylamino)pyrazine-2-carbonitrile,,,
bmse011139,/Users/alfred/Documents/GitHub/DDLS_project/code/get_bmrb_data/bmrb_nmrstar/bmse011139/bmse011139.str,no_1H_data_found,0,,,"1,3-dimethyl-6H-pyrazolo[3,4-d]pyridazin-7-one",,,
bmse011140,/Users/alfred/Documents/GitHub/DDLS_project/code/get_bmrb_data/bmrb_nmrstar/bmse011140/bmse011140.str,no_1H_data_found,0,,,1-[4-(4-chlorophenyl)piperazin-1-yl]ethanone,,,
bmse011141,/Users/alfred/Documents/GitHub/DDLS_project/code/get_bmrb_data/bmrb_nmrstar/bmse011141/bmse011141.str,no_1H_data_found,0,,,"5-(methoxymethyl)-1,2-oxazole-3-carboxamide",,,
bmse011142,/Users/alfred/Documents/GitHub/DDLS_project/code/get_bmrb_data/bmrb_nmrstar/bmse011142/bmse011142.str,no_1H_data_found,0,,,1-(2-methylphenyl)triazole-4-carboxylic acid,,,
bmse011143,/Users/alfred/Documents/GitHub/DDLS_project/code/get_bmrb_data/bmrb_nmrstar/bmse011143/bmse011143.str,no_1H_data_found,0,,,[2-(trifluoromethoxy)phenyl]thiourea,,,
bmse011144,/Users/alfred/Documents/GitHub/DDLS_project/code/get_bmrb_data/bmrb_nmrstar/bmse011144/bmse011144.str,no_1H_data_found,0,,,methyl 2-(4-cyanophenoxy)acetate,,,
bmse011145,/Users/alfred/Documents/GitHub/DDLS_project/code/get_bmrb_data/bmrb_nmrstar/bmse011145/bmse011145.str,no_1H_data_found,0,,,N-[4-(4-methylpiperazin-1-yl)phenyl]acetamide,,,
bmse011146,/Users/alfred/Documents/GitHub/DDLS_project/code/get_bmrb_data/bmrb_nmrstar/bmse011146/bmse011146.str,no_1H_data_found,0,,,N-quinolin-6-ylbenzamide,,,
bmse011147,/Users/alfred/Documents/GitHub/DDLS_project/code/get_bmrb_data/bmrb_nmrstar/bmse011147/bmse011147.str,no_1H_data_found,0,,,N-[2-(4-sulfamoylphenyl)ethyl]acetamide,,,
bmse011148,/Users/alfred/Documents/GitHub/DDLS_project/code/get_bmrb_data/bmrb_nmrstar/bmse011148/bmse011148.str,no_1H_data_found,0,,,3-(phenylmethoxy)aniline,,,
bmse011149,/Users/alfred/Documents/GitHub/DDLS_project/code/get_bmrb_data/bmrb_nmrstar/bmse011149/bmse011149.str,no_1H_data_found,0,,,"N-(5-furan-2-yl-1,3,4-thiadiazol-2-yl)cyclopropanecarboxamide",,,
bmse011150,/Users/alfred/Documents/GitHub/DDLS_project/code/get_bmrb_data/bmrb_nmrstar/bmse011150/bmse011150.str,no_1H_data_found,0,,,(3S)-3-(3-fluorophenoxy)-1-methylpyrrolidin-2-one,,,
bmse011151,/Users/alfred/Documents/GitHub/DDLS_project/code/get_bmrb_data/bmrb_nmrstar/bmse011151/bmse011151.str,no_1H_data_found,0,,,4-methoxy-1H-indole,,,
bmse011152,/Users/alfred/Documents/GitHub/DDLS_project/code/get_bmrb_data/bmrb_nmrstar/bmse011152/bmse011152.str,no_1H_data_found,0,,,2-amino-N-(2-methoxy-5-methylphenyl)acetamide;hydrochloride,,,
bmse011153,/Users/alfred/Documents/GitHub/DDLS_project/code/get_bmrb_data/bmrb_nmrstar/bmse011153/bmse011153.str,no_1H_data_found,0,,,"4,4-difluorocyclohexane-1-carboxamide",,,
bmse011154,/Users/alfred/Documents/GitHub/DDLS_project/code/get_bmrb_data/bmrb_nmrstar/bmse011154/bmse011154.str,no_1H_data_found,0,,,3-methoxypyridine-2-carbonitrile,,,
bmse011155,/Users/alfred/Documents/GitHub/DDLS_project/code/get_bmrb_data/bmrb_nmrstar/bmse011155/bmse011155.str,no_1H_data_found,0,,,(2S)-2-acetamido-2-(oxan-4-yl)acetic acid,,,
bmse011156,/Users/alfred/Documents/GitHub/DDLS_project/code/get_bmrb_data/bmrb_nmrstar/bmse011156/bmse011156.str,no_1H_data_found,0,,,1-propan-2-yltriazole-4-carboxylic acid,,,
bmse011157,/Users/alfred/Documents/GitHub/DDLS_project/code/get_bmrb_data/bmrb_nmrstar/bmse011157/bmse011157.str,no_1H_data_found,0,,,(2S)-2-(2-fluorophenoxy)propanoic acid,,,
bmse011158,/Users/alfred/Documents/GitHub/DDLS_project/code/get_bmrb_data/bmrb_nmrstar/bmse011158/bmse011158.str,no_1H_data_found,0,,,N-(4-methylpyridin-3-yl)acetamide,,,
bmse011159,/Users/alfred/Documents/GitHub/DDLS_project/code/get_bmrb_data/bmrb_nmrstar/bmse011159/bmse011159.str,no_1H_data_found,0,,,N-(3-methylpyridin-4-yl)acetamide,,,
bmse011160,/Users/alfred/Documents/GitHub/DDLS_project/code/get_bmrb_data/bmrb_nmrstar/bmse011160/bmse011160.str,no_1H_data_found,0,,,1-(2-hydroxyethyl)pyrazole-4-carboxamide,,,
bmse011161,/Users/alfred/Documents/GitHub/DDLS_project/code/get_bmrb_data/bmrb_nmrstar/bmse011161/bmse011161.str,no_1H_data_found,0,,,2-METHYL-2-PHENYLPROPANAMIDE,,,
bmse011162,/Users/alfred/Documents/GitHub/DDLS_project/code/get_bmrb_data/bmrb_nmrstar/bmse011162/bmse011162.str,no_1H_data_found,0,,,2-(2-propan-2-ylimidazol-1-yl)acetic acid,,,
bmse011163,/Users/alfred/Documents/GitHub/DDLS_project/code/get_bmrb_data/bmrb_nmrstar/bmse011163/bmse011163.str,no_1H_data_found,0,,,2-[4-(3-chlorophenyl)piperazin-1-yl]acetonitrile,,,
bmse011164,/Users/alfred/Documents/GitHub/DDLS_project/code/get_bmrb_data/bmrb_nmrstar/bmse011164/bmse011164.str,no_1H_data_found,0,,,N-(1H-pyrazol-4-ylmethyl)acetamide,,,
bmse011165,/Users/alfred/Documents/GitHub/DDLS_project/code/get_bmrb_data/bmrb_nmrstar/bmse011165/bmse011165.str,no_1H_data_found,0,,,N-[2-(4-fluorophenyl)ethyl]methanesulfonamide,,,
bmse011166,/Users/alfred/Documents/GitHub/DDLS_project/code/get_bmrb_data/bmrb_nmrstar/bmse011166/bmse011166.str,no_1H_data_found,0,,,"2-fluoro-N,3-dimethylbenzenesulfonamide",,,
bmse011167,/Users/alfred/Documents/GitHub/DDLS_project/code/get_bmrb_data/bmrb_nmrstar/bmse011167/bmse011167.str,no_1H_data_found,0,,,N-(1H-imidazol-2-ylmethyl)acetamide,,,
bmse011168,/Users/alfred/Documents/GitHub/DDLS_project/code/get_bmrb_data/bmrb_nmrstar/bmse011168/bmse011168.str,no_1H_data_found,0,,,"1-[(2R)-8-fluoro-2-methyl-2,3-dihydro-1,4-benzoxazin-4-yl]ethanone",,,
bmse011169,/Users/alfred/Documents/GitHub/DDLS_project/code/get_bmrb_data/bmrb_nmrstar/bmse011169/bmse011169.str,no_1H_data_found,0,,,(2S)-2-[(5-chloro-3-fluoropyridin-2-yl)amino]propan-1-ol,,,
bmse011170,/Users/alfred/Documents/GitHub/DDLS_project/code/get_bmrb_data/bmrb_nmrstar/bmse011170/bmse011170.str,no_1H_data_found,0,,,N-ethyl-2-fluoro-4-methylsulfonylaniline,,,
bmse011171,/Users/alfred/Documents/GitHub/DDLS_project/code/get_bmrb_data/bmrb_nmrstar/bmse011171/bmse011171.str,no_1H_data_found,0,,,N-(5-methyl-1H-pyrazol-3-yl)acetamide,,,
bmse011172,/Users/alfred/Documents/GitHub/DDLS_project/code/get_bmrb_data/bmrb_nmrstar/bmse011172/bmse011172.str,no_1H_data_found,0,,,"1,4-diazepan-1-yl-(4-methyl-1,3-thiazol-5-yl)methanone;dihydrochloride",,,
bmse011173,/Users/alfred/Documents/GitHub/DDLS_project/code/get_bmrb_data/bmrb_nmrstar/bmse011173/bmse011173.str,no_1H_data_found,0,,,5-[(dimethylamino)methyl]furan-2-carboxylic acid;hydrochloride,,,
bmse011174,/Users/alfred/Documents/GitHub/DDLS_project/code/get_bmrb_data/bmrb_nmrstar/bmse011174/bmse011174.str,no_1H_data_found,0,,,4-acetyl-N-ethylpiperazine-1-carboxamide,,,
bmse011175,/Users/alfred/Documents/GitHub/DDLS_project/code/get_bmrb_data/bmrb_nmrstar/bmse011175/bmse011175.str,no_1H_data_found,0,,,"1-(4,6-dimethylpyridin-2-yl)-3-phenylurea",,,
bmse011176,/Users/alfred/Documents/GitHub/DDLS_project/code/get_bmrb_data/bmrb_nmrstar/bmse011176/bmse011176.str,no_1H_data_found,0,,,"5-acetamidobenzene-1,3-dicarboxamide",,,
bmse011177,/Users/alfred/Documents/GitHub/DDLS_project/code/get_bmrb_data/bmrb_nmrstar/bmse011177/bmse011177.str,no_1H_data_found,0,,,"N-(2-oxo-1,3-dihydrobenzimidazol-5-yl)acetamide",,,
bmse011178,/Users/alfred/Documents/GitHub/DDLS_project/code/get_bmrb_data/bmrb_nmrstar/bmse011178/bmse011178.str,no_1H_data_found,0,,,"N-(5-propan-2-ylsulfanyl-1,3,4-thiadiazol-2-yl)acetamide",,,
bmse011179,/Users/alfred/Documents/GitHub/DDLS_project/code/get_bmrb_data/bmrb_nmrstar/bmse011179/bmse011179.str,no_1H_data_found,0,,,"3,4-dimethyl-N-(1H-1,2,4-triazol-5-yl)benzamide",,,
bmse011180,/Users/alfred/Documents/GitHub/DDLS_project/code/get_bmrb_data/bmrb_nmrstar/bmse011180/bmse011180.str,no_1H_data_found,0,,,4-dimethylamino-N-pyridin-4-ylbenzamide,,,
bmse011181,/Users/alfred/Documents/GitHub/DDLS_project/code/get_bmrb_data/bmrb_nmrstar/bmse011181/bmse011181.str,no_1H_data_found,0,,,2-[4-(furan-2-carbonyl)piperazin-1-yl]acetamide,,,
bmse011182,/Users/alfred/Documents/GitHub/DDLS_project/code/get_bmrb_data/bmrb_nmrstar/bmse011182/bmse011182.str,no_1H_data_found,0,,,2-(2-methylphenoxy)-N-pyrimidin-2-ylacetamide,,,
bmse011183,/Users/alfred/Documents/GitHub/DDLS_project/code/get_bmrb_data/bmrb_nmrstar/bmse011183/bmse011183.str,no_1H_data_found,0,,,N-[(4-cyanophenyl)methyl]morpholine-4-carboxamide,,,
bmse011184,/Users/alfred/Documents/GitHub/DDLS_project/code/get_bmrb_data/bmrb_nmrstar/bmse011184/bmse011184.str,no_1H_data_found,0,,,1-[2-(2-oxopyrrolidin-1-yl)ethyl]-3-phenylurea,,,
bmse011185,/Users/alfred/Documents/GitHub/DDLS_project/code/get_bmrb_data/bmrb_nmrstar/bmse011185/bmse011185.str,no_1H_data_found,0,,,"1-(3-methylphenyl)-3-(4-methyl-1,3-thiazol-2-yl)urea",,,
bmse011186,/Users/alfred/Documents/GitHub/DDLS_project/code/get_bmrb_data/bmrb_nmrstar/bmse011186/bmse011186.str,no_1H_data_found,0,,,N-[(4-phenyloxan-4-yl)methyl]acetamide,,,
bmse011187,/Users/alfred/Documents/GitHub/DDLS_project/code/get_bmrb_data/bmrb_nmrstar/bmse011187/bmse011187.str,no_1H_data_found,0,,,"1-(6-methoxy-1,3-benzothiazol-2-yl)-3-methylurea",,,
bmse011188,/Users/alfred/Documents/GitHub/DDLS_project/code/get_bmrb_data/bmrb_nmrstar/bmse011188/bmse011188.str,no_1H_data_found,0,,,N-cyclopentylmethanesulfonamide,,,
bmse011189,/Users/alfred/Documents/GitHub/DDLS_project/code/get_bmrb_data/bmrb_nmrstar/bmse011189/bmse011189.str,no_1H_data_found,0,,,N-[2-(methylcarbamoyl)phenyl]furan-2-carboxamide,,,
bmse011190,/Users/alfred/Documents/GitHub/DDLS_project/code/get_bmrb_data/bmrb_nmrstar/bmse011190/bmse011190.str,no_1H_data_found,0,,,"N-(3-acetylphenyl)-2,2,2-trifluoroacetamide",,,
bmse011191,/Users/alfred/Documents/GitHub/DDLS_project/code/get_bmrb_data/bmrb_nmrstar/bmse011191/bmse011191.str,no_1H_data_found,0,,,1-cyclohexyl-3-(2-pyridin-4-ylethyl)urea,,,
bmse011192,/Users/alfred/Documents/GitHub/DDLS_project/code/get_bmrb_data/bmrb_nmrstar/bmse011192/bmse011192.str,no_1H_data_found,0,,,N-[4-(morpholin-4-ylmethyl)phenyl]acetamide,,,
bmse011193,/Users/alfred/Documents/GitHub/DDLS_project/code/get_bmrb_data/bmrb_nmrstar/bmse011193/bmse011193.str,no_1H_data_found,0,,,N-methylpyrimidin-2-amine,,,
bmse011194,/Users/alfred/Documents/GitHub/DDLS_project/code/get_bmrb_data/bmrb_nmrstar/bmse011194/bmse011194.str,no_1H_data_found,0,,,"N,N,3,5-tetramethyl-1H-pyrazole-4-sulfonamide",,,
bmse011195,/Users/alfred/Documents/GitHub/DDLS_project/code/get_bmrb_data/bmrb_nmrstar/bmse011195/bmse011195.str,no_1H_data_found,0,,,6-ethoxypyridine-3-carboxamide,,,
bmse011196,/Users/alfred/Documents/GitHub/DDLS_project/code/get_bmrb_data/bmrb_nmrstar/bmse011196/bmse011196.str,no_1H_data_found,0,,,N-(4-propan-2-ylphenyl)morpholine-4-carboxamide,,,
bmse011197,/Users/alfred/Documents/GitHub/DDLS_project/code/get_bmrb_data/bmrb_nmrstar/bmse011197/bmse011197.str,no_1H_data_found,0,,,1-methanesulfonamidocyclohexane-1-carboxylic acid,,,
bmse011198,/Users/alfred/Documents/GitHub/DDLS_project/code/get_bmrb_data/bmrb_nmrstar/bmse011198/bmse011198.str,no_1H_data_found,0,,,"N-(5-methyl-1,3,4-thiadiazol-2-yl)morpholine-4-carboxamide",,,
bmse011199,/Users/alfred/Documents/GitHub/DDLS_project/code/get_bmrb_data/bmrb_nmrstar/bmse011199/bmse011199.str,no_1H_data_found,0,,,2-thiophen-2-yl-1H-imidazole,,,
bmse011200,/Users/alfred/Documents/GitHub/DDLS_project/code/get_bmrb_data/bmrb_nmrstar/bmse011200/bmse011200.str,no_1H_data_found,0,,,3-piperidin-1-ylpropanoic acid;hydrochloride,,,
bmse011201,/Users/alfred/Documents/GitHub/DDLS_project/code/get_bmrb_data/bmrb_nmrstar/bmse011201/bmse011201.str,no_1H_data_found,0,,,"N-methyl-1-(5-methyl-1,2-oxazol-3-yl)methanesulfonamide",,,
bmse011202,/Users/alfred/Documents/GitHub/DDLS_project/code/get_bmrb_data/bmrb_nmrstar/bmse011202/bmse011202.str,no_1H_data_found,0,,,N-(2-hydroxy-4-methylphenyl)propanamide,,,
bmse011203,/Users/alfred/Documents/GitHub/DDLS_project/code/get_bmrb_data/bmrb_nmrstar/bmse011203/bmse011203.str,no_1H_data_found,0,,,"2-methoxy-N-(5-methyl-1,3,4-thiadiazol-2-yl)acetamide",,,
bmse011204,/Users/alfred/Documents/GitHub/DDLS_project/code/get_bmrb_data/bmrb_nmrstar/bmse011204/bmse011204.str,no_1H_data_found,0,,,(4-chlorophenyl)-thiomorpholin-4-ylmethanone,,,
bmse011205,/Users/alfred/Documents/GitHub/DDLS_project/code/get_bmrb_data/bmrb_nmrstar/bmse011205/bmse011205.str,no_1H_data_found,0,,,4-(phenylmethoxy)benzamide,,,
bmse011206,/Users/alfred/Documents/GitHub/DDLS_project/code/get_bmrb_data/bmrb_nmrstar/bmse011206/bmse011206.str,no_1H_data_found,0,,,1-methyl-3-pyridin-4-ylpyrazole-4-carboxylic acid,,,
bmse011207,/Users/alfred/Documents/GitHub/DDLS_project/code/get_bmrb_data/bmrb_nmrstar/bmse011207/bmse011207.str,no_1H_data_found,0,,,N-(3-acetamidophenyl)-2-methoxyacetamide,,,
bmse011208,/Users/alfred/Documents/GitHub/DDLS_project/code/get_bmrb_data/bmrb_nmrstar/bmse011208/bmse011208.str,no_1H_data_found,0,,,"N-[(4-methyl-1,3-thiazol-2-yl)methyl]-1H-pyrazole-5-carboxamide",,,
bmse011209,/Users/alfred/Documents/GitHub/DDLS_project/code/get_bmrb_data/bmrb_nmrstar/bmse011209/bmse011209.str,no_1H_data_found,0,,,2-(4-methylsulfonylpiperazin-1-yl)propanamide,,,
bmse011210,/Users/alfred/Documents/GitHub/DDLS_project/code/get_bmrb_data/bmrb_nmrstar/bmse011210/bmse011210.str,no_1H_data_found,0,,,1-[(2R)-2-methylmorpholin-4-yl]-2-pyrazol-1-ylethanone,,,
bmse011211,/Users/alfred/Documents/GitHub/DDLS_project/code/get_bmrb_data/bmrb_nmrstar/bmse011211/bmse011211.str,no_1H_data_found,0,,,N-cycloheptylpyrimidin-2-amine,,,
bmse011212,/Users/alfred/Documents/GitHub/DDLS_project/code/get_bmrb_data/bmrb_nmrstar/bmse011212/bmse011212.str,no_1H_data_found,0,,,N-methyl-4-sulfamoylbenzamide,,,
bmse011213,/Users/alfred/Documents/GitHub/DDLS_project/code/get_bmrb_data/bmrb_nmrstar/bmse011213/bmse011213.str,no_1H_data_found,0,,,3-fluoro-4-piperazin-1-ylbenzonitrile,,,
bmse011214,/Users/alfred/Documents/GitHub/DDLS_project/code/get_bmrb_data/bmrb_nmrstar/bmse011214/bmse011214.str,no_1H_data_found,0,,,4-methanesulfonamidobenzamide,,,
bmse011215,/Users/alfred/Documents/GitHub/DDLS_project/code/get_bmrb_data/bmrb_nmrstar/bmse011215/bmse011215.str,no_1H_data_found,0,,,N-pyridin-2-ylpyrazine-2-carboxamide,,,
bmse011216,/Users/alfred/Documents/GitHub/DDLS_project/code/get_bmrb_data/bmrb_nmrstar/bmse011216/bmse011216.str,no_1H_data_found,0,,,"N-(2-oxo-1,3-dihydrobenzimidazol-5-yl)propanamide",,,
bmse011217,/Users/alfred/Documents/GitHub/DDLS_project/code/get_bmrb_data/bmrb_nmrstar/bmse011217/bmse011217.str,no_1H_data_found,0,,,"3-methyl-N-(1-methylpyrazol-3-yl)-1,2-oxazole-5-carboxamide",,,
bmse011218,/Users/alfred/Documents/GitHub/DDLS_project/code/get_bmrb_data/bmrb_nmrstar/bmse011218/bmse011218.str,no_1H_data_found,0,,,"N,2-dimethyl-1,3-thiazole-5-carboxamide",,,
bmse011219,/Users/alfred/Documents/GitHub/DDLS_project/code/get_bmrb_data/bmrb_nmrstar/bmse011219/bmse011219.str,no_1H_data_found,0,,,"4-(4-propan-2-yloxyphenyl)-1,3-thiazol-2-amine",,,
bmse011220,/Users/alfred/Documents/GitHub/DDLS_project/code/get_bmrb_data/bmrb_nmrstar/bmse011220/bmse011220.str,no_1H_data_found,0,,,1-(furan-2-ylmethyl)-4-methylsulfonylpiperazine; oxalic acid,,,
bmse011221,/Users/alfred/Documents/GitHub/DDLS_project/code/get_bmrb_data/bmrb_nmrstar/bmse011221/bmse011221.str,no_1H_data_found,0,,,(2S)-2-(4-cyanophenoxy)propanamide,,,
bmse011222,/Users/alfred/Documents/GitHub/DDLS_project/code/get_bmrb_data/bmrb_nmrstar/bmse011222/bmse011222.str,no_1H_data_found,0,,,1-fluoro-3-[[methyl(sulfamoyl)amino]methyl]benzene,,,
bmse011223,/Users/alfred/Documents/GitHub/DDLS_project/code/get_bmrb_data/bmrb_nmrstar/bmse011223/bmse011223.str,no_1H_data_found,0,,,"4-methyl-N-[[(2R)-oxolan-2-yl]methyl]-1,3-thiazol-2-amine",,,
bmse011224,/Users/alfred/Documents/GitHub/DDLS_project/code/get_bmrb_data/bmrb_nmrstar/bmse011224/bmse011224.str,no_1H_data_found,0,,,N-propan-2-yl-1H-pyrazole-5-carboxamide,,,
bmse011225,/Users/alfred/Documents/GitHub/DDLS_project/code/get_bmrb_data/bmrb_nmrstar/bmse011225/bmse011225.str,no_1H_data_found,0,,,2-ethoxypyridine-3-carboxamide,,,
bmse011226,/Users/alfred/Documents/GitHub/DDLS_project/code/get_bmrb_data/bmrb_nmrstar/bmse011226/bmse011226.str,no_1H_data_found,0,,,"3-methyl-N-propan-2-yl-1,2-oxazole-5-carboxamide",,,
bmse011227,/Users/alfred/Documents/GitHub/DDLS_project/code/get_bmrb_data/bmrb_nmrstar/bmse011227/bmse011227.str,no_1H_data_found,0,,,N-(1H-benzimidazol-2-ylmethyl)-2-methoxyacetamide,,,
bmse011228,/Users/alfred/Documents/GitHub/DDLS_project/code/get_bmrb_data/bmrb_nmrstar/bmse011228/bmse011228.str,no_1H_data_found,0,,,"5-(benzylamino)-1H-pyrimidine-2,4-dione",,,
bmse011229,/Users/alfred/Documents/GitHub/DDLS_project/code/get_bmrb_data/bmrb_nmrstar/bmse011229/bmse011229.str,no_1H_data_found,0,,,"2-cyclopentyl-N-(3-methyl-1,2,4-oxadiazol-5-yl)acetamide",,,
bmse011230,/Users/alfred/Documents/GitHub/DDLS_project/code/get_bmrb_data/bmrb_nmrstar/bmse011230/bmse011230.str,no_1H_data_found,0,,,N-[(5-bromo-2-methoxyphenyl)methyl]acetamide,,,
bmse011231,/Users/alfred/Documents/GitHub/DDLS_project/code/get_bmrb_data/bmrb_nmrstar/bmse011231/bmse011231.str,no_1H_data_found,0,,,"(2,6-difluorophenyl)-pyrrolidin-1-ylmethanone",,,
bmse011232,/Users/alfred/Documents/GitHub/DDLS_project/code/get_bmrb_data/bmrb_nmrstar/bmse011232/bmse011232.str,no_1H_data_found,0,,,N-(2-fluorophenyl)-4-methoxybenzamide,,,
bmse011233,/Users/alfred/Documents/GitHub/DDLS_project/code/get_bmrb_data/bmrb_nmrstar/bmse011233/bmse011233.str,no_1H_data_found,0,,,N-methyl-3-oxo-N-propan-2-ylpiperazine-1-sulfonamide,,,
bmse011234,/Users/alfred/Documents/GitHub/DDLS_project/code/get_bmrb_data/bmrb_nmrstar/bmse011234/bmse011234.str,no_1H_data_found,0,,,"1-(2,2-dimethylmorpholin-4-yl)-3,3,3-trifluoropropan-1-one",,,
bmse011235,/Users/alfred/Documents/GitHub/DDLS_project/code/get_bmrb_data/bmrb_nmrstar/bmse011235/bmse011235.str,no_1H_data_found,0,,,N-[(6-methylpyridin-3-yl)methyl]cyclobutanecarboxamide,,,
bmse011236,/Users/alfred/Documents/GitHub/DDLS_project/code/get_bmrb_data/bmrb_nmrstar/bmse011236/bmse011236.str,no_1H_data_found,0,,,4-(dimethylamino)-N-ethyl-3-fluorobenzamide,,,
bmse011237,/Users/alfred/Documents/GitHub/DDLS_project/code/get_bmrb_data/bmrb_nmrstar/bmse011237/bmse011237.str,no_1H_data_found,0,,,"N,N-dimethyl-2-(2-methylphenoxy)acetamide",,,
bmse011238,/Users/alfred/Documents/GitHub/DDLS_project/code/get_bmrb_data/bmrb_nmrstar/bmse011238/bmse011238.str,no_1H_data_found,0,,,"N-(4-methyl-1,3-thiazol-2-yl)oxane-4-carboxamide",,,
bmse011239,/Users/alfred/Documents/GitHub/DDLS_project/code/get_bmrb_data/bmrb_nmrstar/bmse011239/bmse011239.str,no_1H_data_found,0,,,"N-[(1S)-1-([1,2,4]triazolo[4,3-a]pyridin-3-yl)ethyl]acetamide",,,
bmse011240,/Users/alfred/Documents/GitHub/DDLS_project/code/get_bmrb_data/bmrb_nmrstar/bmse011240/bmse011240.str,no_1H_data_found,0,,,"N,1-dimethyl-N-propan-2-ylpyrazolo[4,5-e]pyrimidin-4-amine",,,
bmse011241,/Users/alfred/Documents/GitHub/DDLS_project/code/get_bmrb_data/bmrb_nmrstar/bmse011241/bmse011241.str,no_1H_data_found,0,,,"2-fluoro-N-(1,3,4-thiadiazol-2-yl)benzamide",,,
bmse011242,/Users/alfred/Documents/GitHub/DDLS_project/code/get_bmrb_data/bmrb_nmrstar/bmse011242/bmse011242.str,no_1H_data_found,0,,,N-(4-sulfamoylphenyl)propanamide,,,
bmse011243,/Users/alfred/Documents/GitHub/DDLS_project/code/get_bmrb_data/bmrb_nmrstar/bmse011243/bmse011243.str,no_1H_data_found,0,,,"N-(5,6,7,8-tetrahydro-[1,2,4]triazolo[4,3-a]pyridin-3-ylmethyl)propanamide",,,
bmse011244,/Users/alfred/Documents/GitHub/DDLS_project/code/get_bmrb_data/bmrb_nmrstar/bmse011244/bmse011244.str,no_1H_data_found,0,,,"2-(1,3,5-trimethylpyrazol-4-yl)acetamide",,,
bmse011245,/Users/alfred/Documents/GitHub/DDLS_project/code/get_bmrb_data/bmrb_nmrstar/bmse011245/bmse011245.str,no_1H_data_found,0,,,1-acetylpiperidine-3-carboxamide,,,
bmse011246,/Users/alfred/Documents/GitHub/DDLS_project/code/get_bmrb_data/bmrb_nmrstar/bmse011246/bmse011246.str,no_1H_data_found,0,,,4-[(cyclohexylamino)methyl]phenol,,,
bmse011247,/Users/alfred/Documents/GitHub/DDLS_project/code/get_bmrb_data/bmrb_nmrstar/bmse011247/bmse011247.str,no_1H_data_found,0,,,4-[(5-chlorothiadiazol-4-yl)methyl]morpholine,,,
bmse011248,/Users/alfred/Documents/GitHub/DDLS_project/code/get_bmrb_data/bmrb_nmrstar/bmse011248/bmse011248.str,no_1H_data_found,0,,,"N-(cyclobutylmethyl)-1,5-dimethylpyrazole-4-carboxamide",,,
bmse011249,/Users/alfred/Documents/GitHub/DDLS_project/code/get_bmrb_data/bmrb_nmrstar/bmse011249/bmse011249.str,no_1H_data_found,0,,,2-(methyl-(pyridine-2-carbonyl)amino)acetic acid,,,
bmse011250,/Users/alfred/Documents/GitHub/DDLS_project/code/get_bmrb_data/bmrb_nmrstar/bmse011250/bmse011250.str,no_1H_data_found,0,,,5-fluoro-N-(oxan-4-yl)pyridin-2-amine,,,
bmse011251,/Users/alfred/Documents/GitHub/DDLS_project/code/get_bmrb_data/bmrb_nmrstar/bmse011251/bmse011251.str,no_1H_data_found,0,,,(4-phenylphenyl)urea,,,
bmse011252,/Users/alfred/Documents/GitHub/DDLS_project/code/get_bmrb_data/bmrb_nmrstar/bmse011252/bmse011252.str,no_1H_data_found,0,,,"ethyl 2-(1,1-dioxo-1,4-thiazinan-4-yl)acetate",,,
bmse011253,/Users/alfred/Documents/GitHub/DDLS_project/code/get_bmrb_data/bmrb_nmrstar/bmse011253/bmse011253.str,no_1H_data_found,0,,,2-(cyclopentanecarbonylamino)propanoic acid,,,
bmse011254,/Users/alfred/Documents/GitHub/DDLS_project/code/get_bmrb_data/bmrb_nmrstar/bmse011254/bmse011254.str,no_1H_data_found,0,,,3-[(2-methylimidazol-1-yl)methyl]benzonitrile,,,
bmse011255,/Users/alfred/Documents/GitHub/DDLS_project/code/get_bmrb_data/bmrb_nmrstar/bmse011255/bmse011255.str,no_1H_data_found,0,,,5-chloro-2-propan-2-ylpyrimidine-4-carboxamide,,,
bmse011256,/Users/alfred/Documents/GitHub/DDLS_project/code/get_bmrb_data/bmrb_nmrstar/bmse011256/bmse011256.str,no_1H_data_found,0,,,"N,N-dimethyl-2-(phenylamino)acetamide",,,
bmse011257,/Users/alfred/Documents/GitHub/DDLS_project/code/get_bmrb_data/bmrb_nmrstar/bmse011257/bmse011257.str,no_1H_data_found,0,,,"2-bromo-4-fluoro-N,N-dimethylbenzamide",,,
bmse011258,/Users/alfred/Documents/GitHub/DDLS_project/code/get_bmrb_data/bmrb_nmrstar/bmse011258/bmse011258.str,no_1H_data_found,0,,,5-methyl-2-phenyl-4H-pyrazol-3-one,,,
bmse011259,/Users/alfred/Documents/GitHub/DDLS_project/code/get_bmrb_data/bmrb_nmrstar/bmse011259/bmse011259.str,no_1H_data_found,0,,,"N,N-Dimethylpyridin-4-amine",,,
bmse011260,/Users/alfred/Documents/GitHub/DDLS_project/code/get_bmrb_data/bmrb_nmrstar/bmse011260/bmse011260.str,no_1H_data_found,0,,,2-methylsulfonyl-1-phenylethanol,,,
bmse011261,/Users/alfred/Documents/GitHub/DDLS_project/code/get_bmrb_data/bmrb_nmrstar/bmse011261/bmse011261.str,no_1H_data_found,0,,,N-(4-pyrimidin-2-yloxyphenyl)acetamide,,,
bmse011262,/Users/alfred/Documents/GitHub/DDLS_project/code/get_bmrb_data/bmrb_nmrstar/bmse011262/bmse011262.str,no_1H_data_found,0,,,5-acetamido-2-fluorobenzoic acid,,,
bmse011263,/Users/alfred/Documents/GitHub/DDLS_project/code/get_bmrb_data/bmrb_nmrstar/bmse011263/bmse011263.str,no_1H_data_found,0,,,"4-(2-hydroxyethyl)-5-methyl-1,2-dihydropyrazol-3-one",,,
bmse011264,/Users/alfred/Documents/GitHub/DDLS_project/code/get_bmrb_data/bmrb_nmrstar/bmse011264/bmse011264.str,no_1H_data_found,0,,,2-acetamido-2-cyclopropylpropanoic acid,,,
bmse011265,/Users/alfred/Documents/GitHub/DDLS_project/code/get_bmrb_data/bmrb_nmrstar/bmse011265/bmse011265.str,no_1H_data_found,0,,,2-acetamido-6-fluorobenzoic acid,,,
bmse011266,/Users/alfred/Documents/GitHub/DDLS_project/code/get_bmrb_data/bmrb_nmrstar/bmse011266/bmse011266.str,no_1H_data_found,0,,,(1S)-1-(4-morpholin-4-ylphenyl)ethanamine,,,
bmse011267,/Users/alfred/Documents/GitHub/DDLS_project/code/get_bmrb_data/bmrb_nmrstar/bmse011267/bmse011267.str,no_1H_data_found,0,,,N-propan-2-ylpyridin-3-amine,,,
bmse011268,/Users/alfred/Documents/GitHub/DDLS_project/code/get_bmrb_data/bmrb_nmrstar/bmse011268/bmse011268.str,no_1H_data_found,0,,,3-DIETHYLAMINOPHENOL,,,
bmse011269,/Users/alfred/Documents/GitHub/DDLS_project/code/get_bmrb_data/bmrb_nmrstar/bmse011269/bmse011269.str,no_1H_data_found,0,,,"3,3,3-trifluoro-1-piperazin-1-ylpropan-1-one;hydrochloride",,,
bmse011270,/Users/alfred/Documents/GitHub/DDLS_project/code/get_bmrb_data/bmrb_nmrstar/bmse011270/bmse011270.str,no_1H_data_found,0,,,"2,4-dimethyl-6-piperazin-1-ylpyrimidine",,,
bmse011271,/Users/alfred/Documents/GitHub/DDLS_project/code/get_bmrb_data/bmrb_nmrstar/bmse011271/bmse011271.str,no_1H_data_found,0,,,4-[(4-methylcyclohexyl)amino]cyclohexan-1-ol,,,
bmse011272,/Users/alfred/Documents/GitHub/DDLS_project/code/get_bmrb_data/bmrb_nmrstar/bmse011272/bmse011272.str,no_1H_data_found,0,,,1-(cyclohexylamino)propan-2-ol,,,
bmse011273,/Users/alfred/Documents/GitHub/DDLS_project/code/get_bmrb_data/bmrb_nmrstar/bmse011273/bmse011273.str,no_1H_data_found,0,,,5-(4-chlorophenyl)pyrimidin-4-amine,,,
bmse011274,/Users/alfred/Documents/GitHub/DDLS_project/code/get_bmrb_data/bmrb_nmrstar/bmse011274/bmse011274.str,no_1H_data_found,0,,,1-(thiophen-3-ylmethyl)piperidin-4-ol,,,
bmse011275,/Users/alfred/Documents/GitHub/DDLS_project/code/get_bmrb_data/bmrb_nmrstar/bmse011275/bmse011275.str,no_1H_data_found,0,,,"4-methyl-1-[(2-methyl-1,3-thiazol-4-yl)methyl]pyridin-2-one",,,
bmse011276,/Users/alfred/Documents/GitHub/DDLS_project/code/get_bmrb_data/bmrb_nmrstar/bmse011276/bmse011276.str,no_1H_data_found,0,,,"methyl N-(2-methyl-4-phenyl-1,3-thiazol-5-yl)carbamate",,,
bmse011277,/Users/alfred/Documents/GitHub/DDLS_project/code/get_bmrb_data/bmrb_nmrstar/bmse011277/bmse011277.str,no_1H_data_found,0,,,2-(2-methylphenyl)acetamide,,,
bmse011278,/Users/alfred/Documents/GitHub/DDLS_project/code/get_bmrb_data/bmrb_nmrstar/bmse011278/bmse011278.str,no_1H_data_found,0,,,3-(4-fluorophenyl)-1-(3-hydroxyphenyl)urea,,,
bmse011279,/Users/alfred/Documents/GitHub/DDLS_project/code/get_bmrb_data/bmrb_nmrstar/bmse011279/bmse011279.str,no_1H_data_found,0,,,"1-[(1,3,5-trimethylpyrazol-4-yl)methyl]piperazine",,,
bmse011280,/Users/alfred/Documents/GitHub/DDLS_project/code/get_bmrb_data/bmrb_nmrstar/bmse011280/bmse011280.str,no_1H_data_found,0,,,2-hydroxy-1-(4-methylpiperazin-1-yl)ethanone,,,
bmse011281,/Users/alfred/Documents/GitHub/DDLS_project/code/get_bmrb_data/bmrb_nmrstar/bmse011281/bmse011281.str,no_1H_data_found,0,,,2-(4-acetamidophenyl)acetamide,,,
bmse011282,/Users/alfred/Documents/GitHub/DDLS_project/code/get_bmrb_data/bmrb_nmrstar/bmse011282/bmse011282.str,no_1H_data_found,0,,,1-[1-(2-fluorophenyl)ethyl]piperazine;dihydrochloride,,,
bmse011283,/Users/alfred/Documents/GitHub/DDLS_project/code/get_bmrb_data/bmrb_nmrstar/bmse011283/bmse011283.str,no_1H_data_found,0,,,N-ethyl-6-methylpyridazin-3-amine,,,
bmse011284,/Users/alfred/Documents/GitHub/DDLS_project/code/get_bmrb_data/bmrb_nmrstar/bmse011284/bmse011284.str,no_1H_data_found,0,,,(2S)-N-(6-methylpyridin-2-yl)pyrrolidine-2-carboxamide,,,
bmse011285,/Users/alfred/Documents/GitHub/DDLS_project/code/get_bmrb_data/bmrb_nmrstar/bmse011285/bmse011285.str,no_1H_data_found,0,,,N-(4-hydroxyphenyl)-2-methoxyacetamide,,,
bmse011286,/Users/alfred/Documents/GitHub/DDLS_project/code/get_bmrb_data/bmrb_nmrstar/bmse011286/bmse011286.str,no_1H_data_found,0,,,(3S)-3-(methylamino)-1-phenylpiperidin-2-one,,,
bmse011287,/Users/alfred/Documents/GitHub/DDLS_project/code/get_bmrb_data/bmrb_nmrstar/bmse011287/bmse011287.str,no_1H_data_found,0,,,"5-methyl-2-piperazin-1-yl-1,3-thiazole;dihydrochloride",,,
bmse011288,/Users/alfred/Documents/GitHub/DDLS_project/code/get_bmrb_data/bmrb_nmrstar/bmse011288/bmse011288.str,no_1H_data_found,0,,,"1-[(3S)-1,1-dioxothiolan-3-yl]-1-methyl-3-propan-2-ylurea",,,
bmse011289,/Users/alfred/Documents/GitHub/DDLS_project/code/get_bmrb_data/bmrb_nmrstar/bmse011289/bmse011289.str,no_1H_data_found,0,,,"1-methyl-N-(3-methylphenyl)pyrazolo[4,5-e]pyrimidin-4-amine",,,
bmse011290,/Users/alfred/Documents/GitHub/DDLS_project/code/get_bmrb_data/bmrb_nmrstar/bmse011290/bmse011290.str,no_1H_data_found,0,,,"N-(4-methylphenyl)-1H-pyrazolo[4,3-e]pyrimidin-4-amine",,,
bmse011291,/Users/alfred/Documents/GitHub/DDLS_project/code/get_bmrb_data/bmrb_nmrstar/bmse011291/bmse011291.str,no_1H_data_found,0,,,"ethyl 2-(acetyl-methylamino)-4-methyl-1,3-thiazole-5-carboxylate",,,
bmse011292,/Users/alfred/Documents/GitHub/DDLS_project/code/get_bmrb_data/bmrb_nmrstar/bmse011292/bmse011292.str,no_1H_data_found,0,,,1-[(4-fluorophenyl)methyl]-3-phenylurea,,,
bmse011293,/Users/alfred/Documents/GitHub/DDLS_project/code/get_bmrb_data/bmrb_nmrstar/bmse011293/bmse011293.str,no_1H_data_found,0,,,methyl 1-(2-amino-2-oxoethyl)piperidine-4-carboxylate,,,
bmse011294,/Users/alfred/Documents/GitHub/DDLS_project/code/get_bmrb_data/bmrb_nmrstar/bmse011294/bmse011294.str,no_1H_data_found,0,,,"(2,5-dimethylphenyl) pyridine-4-carboxylate",,,
bmse011295,/Users/alfred/Documents/GitHub/DDLS_project/code/get_bmrb_data/bmrb_nmrstar/bmse011295/bmse011295.str,no_1H_data_found,0,,,1-[(2-chloro-6-fluorophenyl)methyl]-3-methylurea,,,
bmse011296,/Users/alfred/Documents/GitHub/DDLS_project/code/get_bmrb_data/bmrb_nmrstar/bmse011296/bmse011296.str,no_1H_data_found,0,,,4-amino-N-(2-hydroxyethyl)-N-methylbenzenesulfonamide,,,
bmse011297,/Users/alfred/Documents/GitHub/DDLS_project/code/get_bmrb_data/bmrb_nmrstar/bmse011297/bmse011297.str,no_1H_data_found,0,,,methyl 1-(tert-butylcarbamoyl)piperidine-4-carboxylate,,,
bmse011298,/Users/alfred/Documents/GitHub/DDLS_project/code/get_bmrb_data/bmrb_nmrstar/bmse011298/bmse011298.str,no_1H_data_found,0,,,1-methyl-N-[(2-methylphenyl)methyl]tetrazol-5-amine,,,
bmse011299,/Users/alfred/Documents/GitHub/DDLS_project/code/get_bmrb_data/bmrb_nmrstar/bmse011299/bmse011299.str,no_1H_data_found,0,,,1-[(3-methoxyphenyl)methyl]piperidine-4-carboxamide,,,
bmse011300,/Users/alfred/Documents/GitHub/DDLS_project/code/get_bmrb_data/bmrb_nmrstar/bmse011300/bmse011300.str,no_1H_data_found,0,,,"(2S)-1-(1,3-benzodioxol-5-ylmethylamino)propan-2-ol",,,
bmse011301,/Users/alfred/Documents/GitHub/DDLS_project/code/get_bmrb_data/bmrb_nmrstar/bmse011301/bmse011301.str,no_1H_data_found,0,,,"methyl (2S,4R)-1-(furan-2-carbonyl)-4-hydroxypyrrolidine-2-carboxylate",,,
bmse011302,/Users/alfred/Documents/GitHub/DDLS_project/code/get_bmrb_data/bmrb_nmrstar/bmse011302/bmse011302.str,no_1H_data_found,0,,,"N-(3-chlorophenyl)-2,2,2-trifluoroacetamide",,,
bmse011303,/Users/alfred/Documents/GitHub/DDLS_project/code/get_bmrb_data/bmrb_nmrstar/bmse011303/bmse011303.str,no_1H_data_found,0,,,"azepan-1-yl-(2,6-difluorophenyl)methanone",,,
bmse011304,/Users/alfred/Documents/GitHub/DDLS_project/code/get_bmrb_data/bmrb_nmrstar/bmse011304/bmse011304.str,no_1H_data_found,0,,,"N-[2-(1-cyclohexenyl)ethyl]-3,5-dimethyl-1,2-oxazole-4-carboxamide",,,
bmse011305,/Users/alfred/Documents/GitHub/DDLS_project/code/get_bmrb_data/bmrb_nmrstar/bmse011305/bmse011305.str,no_1H_data_found,0,,,(4-chlorophenyl)methyl pyridine-3-carboxylate,,,
bmse011306,/Users/alfred/Documents/GitHub/DDLS_project/code/get_bmrb_data/bmrb_nmrstar/bmse011306/bmse011306.str,no_1H_data_found,0,,,"2-cyclohexyl-N-(1,2,4-triazol-4-yl)acetamide",,,
bmse011307,/Users/alfred/Documents/GitHub/DDLS_project/code/get_bmrb_data/bmrb_nmrstar/bmse011307/bmse011307.str,no_1H_data_found,0,,,N-(3-hydroxy-4-methylphenyl)furan-2-carboxamide,,,
bmse011308,/Users/alfred/Documents/GitHub/DDLS_project/code/get_bmrb_data/bmrb_nmrstar/bmse011308/bmse011308.str,no_1H_data_found,0,,,3-chloro-N-(1-hydroxy-2-methylpropan-2-yl)benzamide,,,
bmse011309,/Users/alfred/Documents/GitHub/DDLS_project/code/get_bmrb_data/bmrb_nmrstar/bmse011309/bmse011309.str,no_1H_data_found,0,,,3-fluoro-N-(3-hydroxy-4-methylphenyl)benzamide,,,
bmse011310,/Users/alfred/Documents/GitHub/DDLS_project/code/get_bmrb_data/bmrb_nmrstar/bmse011310/bmse011310.str,no_1H_data_found,0,,,N-(2-ethyltetrazol-5-yl)butanamide,,,
bmse011311,/Users/alfred/Documents/GitHub/DDLS_project/code/get_bmrb_data/bmrb_nmrstar/bmse011311/bmse011311.str,no_1H_data_found,0,,,1-(3-methylbenzoyl)piperidine-4-carboxamide,,,
bmse011312,/Users/alfred/Documents/GitHub/DDLS_project/code/get_bmrb_data/bmrb_nmrstar/bmse011312/bmse011312.str,no_1H_data_found,0,,,2-cyclohexyl-N-pyridin-3-ylacetamide,,,
bmse011313,/Users/alfred/Documents/GitHub/DDLS_project/code/get_bmrb_data/bmrb_nmrstar/bmse011313/bmse011313.str,no_1H_data_found,0,,,1-[(4-propan-2-ylphenyl)methyl]piperidin-4-ol,,,
bmse011314,/Users/alfred/Documents/GitHub/DDLS_project/code/get_bmrb_data/bmrb_nmrstar/bmse011314/bmse011314.str,no_1H_data_found,0,,,2-[4-(2-methoxyphenyl)piperazin-1-yl]acetonitrile,,,
bmse011315,/Users/alfred/Documents/GitHub/DDLS_project/code/get_bmrb_data/bmrb_nmrstar/bmse011315/bmse011315.str,no_1H_data_found,0,,,"2,3-dihydroindol-1-yl-(2-methylfuran-3-yl)methanone",,,
bmse011316,/Users/alfred/Documents/GitHub/DDLS_project/code/get_bmrb_data/bmrb_nmrstar/bmse011316/bmse011316.str,no_1H_data_found,0,,,3-fluoro-N-(phenylmethyl)benzamide,,,
bmse011317,/Users/alfred/Documents/GitHub/DDLS_project/code/get_bmrb_data/bmrb_nmrstar/bmse011317/bmse011317.str,no_1H_data_found,0,,,N-[2-(4-chlorophenyl)ethyl]-2-methylcyclopropane-1-carboxamide,,,
bmse011318,/Users/alfred/Documents/GitHub/DDLS_project/code/get_bmrb_data/bmrb_nmrstar/bmse011318/bmse011318.str,no_1H_data_found,0,,,"4-[(4-methylphenyl)methyl]-1,4-thiazinane 1,1-dioxide",,,
bmse011319,/Users/alfred/Documents/GitHub/DDLS_project/code/get_bmrb_data/bmrb_nmrstar/bmse011319/bmse011319.str,no_1H_data_found,0,,,N-[2-(1-cyclohexenyl)ethyl]pyrazine-2-carboxamide,,,
bmse011320,/Users/alfred/Documents/GitHub/DDLS_project/code/get_bmrb_data/bmrb_nmrstar/bmse011320/bmse011320.str,no_1H_data_found,0,,,1-(4-chlorophenyl)-3-(1-hydroxy-2-methylpropan-2-yl)urea,,,
bmse011321,/Users/alfred/Documents/GitHub/DDLS_project/code/get_bmrb_data/bmrb_nmrstar/bmse011321/bmse011321.str,no_1H_data_found,0,,,N-(1-propylbenzimidazol-2-yl)propanamide,,,
bmse011322,/Users/alfred/Documents/GitHub/DDLS_project/code/get_bmrb_data/bmrb_nmrstar/bmse011322/bmse011322.str,no_1H_data_found,0,,,"2-ethyl-N-(1,3-thiazol-2-yl)butanamide",,,
bmse011323,/Users/alfred/Documents/GitHub/DDLS_project/code/get_bmrb_data/bmrb_nmrstar/bmse011323/bmse011323.str,no_1H_data_found,0,,,N-[4-(phenylamino)phenyl]acetamide,,,
bmse011324,/Users/alfred/Documents/GitHub/DDLS_project/code/get_bmrb_data/bmrb_nmrstar/bmse011324/bmse011324.str,no_1H_data_found,0,,,"N-(2,4-difluorophenyl)-3,3-dimethylbutanamide",,,
bmse011325,/Users/alfred/Documents/GitHub/DDLS_project/code/get_bmrb_data/bmrb_nmrstar/bmse011325/bmse011325.str,no_1H_data_found,0,,,"2-methoxy-N-(4-phenyl-1,3-thiazol-2-yl)acetamide",,,
bmse011326,/Users/alfred/Documents/GitHub/DDLS_project/code/get_bmrb_data/bmrb_nmrstar/bmse011326/bmse011326.str,no_1H_data_found,0,,,"ethyl 3-(4-methylphenyl)-1,2-oxazole-5-carboxylate",,,
bmse011327,/Users/alfred/Documents/GitHub/DDLS_project/code/get_bmrb_data/bmrb_nmrstar/bmse011327/bmse011327.str,no_1H_data_found,0,,,N-(2-methylpropyl)naphthalene-2-carboxamide,,,
bmse011328,/Users/alfred/Documents/GitHub/DDLS_project/code/get_bmrb_data/bmrb_nmrstar/bmse011328/bmse011328.str,no_1H_data_found,0,,,2-(2-methylphenoxy)-N-phenylacetamide,,,
bmse011329,/Users/alfred/Documents/GitHub/DDLS_project/code/get_bmrb_data/bmrb_nmrstar/bmse011329/bmse011329.str,no_1H_data_found,0,,,"4-(5-cyclohexyl-1,2,4-oxadiazol-3-yl)pyridine",,,
bmse011330,/Users/alfred/Documents/GitHub/DDLS_project/code/get_bmrb_data/bmrb_nmrstar/bmse011330/bmse011330.str,no_1H_data_found,0,,,2-fluoro-N-(2-pyridin-4-ylethyl)benzamide,,,
bmse011331,/Users/alfred/Documents/GitHub/DDLS_project/code/get_bmrb_data/bmrb_nmrstar/bmse011331/bmse011331.str,no_1H_data_found,0,,,"4-propan-2-yl-N-(1,3,4-thiadiazol-2-yl)benzamide",,,
bmse011332,/Users/alfred/Documents/GitHub/DDLS_project/code/get_bmrb_data/bmrb_nmrstar/bmse011332/bmse011332.str,no_1H_data_found,0,,,4-(4-methylphenyl)piperazine-1-carboxamide,,,
bmse011333,/Users/alfred/Documents/GitHub/DDLS_project/code/get_bmrb_data/bmrb_nmrstar/bmse011333/bmse011333.str,no_1H_data_found,0,,,N-(4-hydroxyphenyl)-3-phenylpropanamide,,,
bmse011334,/Users/alfred/Documents/GitHub/DDLS_project/code/get_bmrb_data/bmrb_nmrstar/bmse011334/bmse011334.str,no_1H_data_found,0,,,1-benzofuran-2-yl-(4-methylpiperidin-1-yl)methanone,,,
bmse011335,/Users/alfred/Documents/GitHub/DDLS_project/code/get_bmrb_data/bmrb_nmrstar/bmse011335/bmse011335.str,no_1H_data_found,0,,,cyclopropyl-[4-(furan-2-carbonyl)piperazin-1-yl]methanone,,,
bmse011336,/Users/alfred/Documents/GitHub/DDLS_project/code/get_bmrb_data/bmrb_nmrstar/bmse011336/bmse011336.str,no_1H_data_found,0,,,"N-(2,3-dimethylphenyl)-2-morpholin-4-ylacetamide",,,
bmse011337,/Users/alfred/Documents/GitHub/DDLS_project/code/get_bmrb_data/bmrb_nmrstar/bmse011337/bmse011337.str,no_1H_data_found,0,,,"5-(1,3-benzodioxol-5-yl)-1H-pyrazole",,,
bmse011338,/Users/alfred/Documents/GitHub/DDLS_project/code/get_bmrb_data/bmrb_nmrstar/bmse011338/bmse011338.str,no_1H_data_found,0,,,"(1S)-N-(4-acetamidophenyl)-2,2-dimethylcyclopropane-1-carboxamide",,,
bmse011339,/Users/alfred/Documents/GitHub/DDLS_project/code/get_bmrb_data/bmrb_nmrstar/bmse011339/bmse011339.str,no_1H_data_found,0,,,N-[2-(5-fluoro-1H-indol-3-yl)ethyl]acetamide,,,
bmse011340,/Users/alfred/Documents/GitHub/DDLS_project/code/get_bmrb_data/bmrb_nmrstar/bmse011340/bmse011340.str,no_1H_data_found,0,,,4-methyl-N-phenylpiperazine-1-carboxamide,,,
bmse011341,/Users/alfred/Documents/GitHub/DDLS_project/code/get_bmrb_data/bmrb_nmrstar/bmse011341/bmse011341.str,no_1H_data_found,0,,,"(2S)-1-[(2,6-dichlorophenyl)methylamino]propan-2-ol",,,
bmse011342,/Users/alfred/Documents/GitHub/DDLS_project/code/get_bmrb_data/bmrb_nmrstar/bmse011342/bmse011342.str,no_1H_data_found,0,,,morpholin-4-yl-(thiadiazol-4-yl)methanone,,,
bmse011343,/Users/alfred/Documents/GitHub/DDLS_project/code/get_bmrb_data/bmrb_nmrstar/bmse011343/bmse011343.str,no_1H_data_found,0,,,1-tert-butyl-3-(4-ethoxyphenyl)urea,,,
bmse011344,/Users/alfred/Documents/GitHub/DDLS_project/code/get_bmrb_data/bmrb_nmrstar/bmse011344/bmse011344.str,no_1H_data_found,0,,,1-(4-phenylphenyl)tetrazole,,,
bmse011345,/Users/alfred/Documents/GitHub/DDLS_project/code/get_bmrb_data/bmrb_nmrstar/bmse011345/bmse011345.str,no_1H_data_found,0,,,5-chloro-2-methoxy-N-(2-methylpropyl)benzamide,,,
bmse011346,/Users/alfred/Documents/GitHub/DDLS_project/code/get_bmrb_data/bmrb_nmrstar/bmse011346/bmse011346.str,no_1H_data_found,0,,,(2S)-N-(4-carbamoylphenyl)oxolane-2-carboxamide,,,
bmse011347,/Users/alfred/Documents/GitHub/DDLS_project/code/get_bmrb_data/bmrb_nmrstar/bmse011347/bmse011347.str,no_1H_data_found,0,,,"2-(2,4-dimethylphenoxy)-1-morpholin-4-ylethanone",,,
bmse011348,/Users/alfred/Documents/GitHub/DDLS_project/code/get_bmrb_data/bmrb_nmrstar/bmse011348/bmse011348.str,no_1H_data_found,0,,,2-[(2-methoxyacetyl)amino]benzamide,,,
bmse011349,/Users/alfred/Documents/GitHub/DDLS_project/code/get_bmrb_data/bmrb_nmrstar/bmse011349/bmse011349.str,no_1H_data_found,0,,,2-(trifluoromethyl)pyrimidine-5-carboxamide,,,
bmse011350,/Users/alfred/Documents/GitHub/DDLS_project/code/get_bmrb_data/bmrb_nmrstar/bmse011350/bmse011350.str,no_1H_data_found,0,,,N-(2-ethylphenyl)-4-methylthiadiazole-5-carboxamide,,,
bmse011351,/Users/alfred/Documents/GitHub/DDLS_project/code/get_bmrb_data/bmrb_nmrstar/bmse011351/bmse011351.str,no_1H_data_found,0,,,4-[2-(phenoxy)acetyl]piperazin-2-one,,,
bmse011352,/Users/alfred/Documents/GitHub/DDLS_project/code/get_bmrb_data/bmrb_nmrstar/bmse011352/bmse011352.str,no_1H_data_found,0,,,"5-(2-phenylethylamino)-1H-pyrimidine-2,4-dione",,,
bmse011353,/Users/alfred/Documents/GitHub/DDLS_project/code/get_bmrb_data/bmrb_nmrstar/bmse011353/bmse011353.str,no_1H_data_found,0,,,"5-methoxy-1,3-benzothiazol-2-amine",,,
bmse011354,/Users/alfred/Documents/GitHub/DDLS_project/code/get_bmrb_data/bmrb_nmrstar/bmse011354/bmse011354.str,no_1H_data_found,0,,,N-cyclopropyl-1-methylsulfonylpiperidine-4-carboxamide,,,
bmse011355,/Users/alfred/Documents/GitHub/DDLS_project/code/get_bmrb_data/bmrb_nmrstar/bmse011355/bmse011355.str,no_1H_data_found,0,,,"methyl N-[5-(cyclopentylmethyl)-1,3,4-thiadiazol-2-yl]carbamate",,,
bmse011356,/Users/alfred/Documents/GitHub/DDLS_project/code/get_bmrb_data/bmrb_nmrstar/bmse011356/bmse011356.str,no_1H_data_found,0,,,"N-(5-ethyl-1,3,4-thiadiazol-2-yl)-2,2,2-trifluoroacetamide",,,
bmse011357,/Users/alfred/Documents/GitHub/DDLS_project/code/get_bmrb_data/bmrb_nmrstar/bmse011357/bmse011357.str,no_1H_data_found,0,,,3-(propanoylamino)-1-benzofuran-2-carboxamide,,,
bmse011358,/Users/alfred/Documents/GitHub/DDLS_project/code/get_bmrb_data/bmrb_nmrstar/bmse011358/bmse011358.str,no_1H_data_found,0,,,methyl N-[4-(pyridin-4-ylmethyl)phenyl]carbamate,,,
bmse011359,/Users/alfred/Documents/GitHub/DDLS_project/code/get_bmrb_data/bmrb_nmrstar/bmse011359/bmse011359.str,no_1H_data_found,0,,,"N-(2-cyanoethyl)-N,4-dimethylbenzenesulfonamide",,,
bmse011360,/Users/alfred/Documents/GitHub/DDLS_project/code/get_bmrb_data/bmrb_nmrstar/bmse011360/bmse011360.str,no_1H_data_found,0,,,"N-pyridin-3-ylpyrazolo[1,5-a]pyrimidine-3-carboxamide",,,
bmse011361,/Users/alfred/Documents/GitHub/DDLS_project/code/get_bmrb_data/bmrb_nmrstar/bmse011361/bmse011361.str,no_1H_data_found,0,,,"N-(5-cyclohexyl-1,3,4-thiadiazol-2-yl)propanamide",,,
bmse011362,/Users/alfred/Documents/GitHub/DDLS_project/code/get_bmrb_data/bmrb_nmrstar/bmse011362/bmse011362.str,no_1H_data_found,0,,,2-(morpholin-4-ylmethyl)phenol,,,
bmse011363,/Users/alfred/Documents/GitHub/DDLS_project/code/get_bmrb_data/bmrb_nmrstar/bmse011363/bmse011363.str,no_1H_data_found,0,,,"2-dimethylamino-N-(5-ethyl-1,3,4-thiadiazol-2-yl)acetamide",,,
bmse011364,/Users/alfred/Documents/GitHub/DDLS_project/code/get_bmrb_data/bmrb_nmrstar/bmse011364/bmse011364.str,no_1H_data_found,0,,,N-[4-(4-methylpiperidin-1-yl)phenyl]propanamide,,,
bmse011365,/Users/alfred/Documents/GitHub/DDLS_project/code/get_bmrb_data/bmrb_nmrstar/bmse011365/bmse011365.str,no_1H_data_found,0,,,4-propan-2-yl-N-pyridin-2-ylbenzamide,,,
bmse011366,/Users/alfred/Documents/GitHub/DDLS_project/code/get_bmrb_data/bmrb_nmrstar/bmse011366/bmse011366.str,no_1H_data_found,0,,,methyl 4-sulfamoylbenzoate,,,
bmse011367,/Users/alfred/Documents/GitHub/DDLS_project/code/get_bmrb_data/bmrb_nmrstar/bmse011367/bmse011367.str,no_1H_data_found,0,,,"4,6-dimethyl-N-phenylpyrimidin-2-amine",,,
bmse011368,/Users/alfred/Documents/GitHub/DDLS_project/code/get_bmrb_data/bmrb_nmrstar/bmse011368/bmse011368.str,no_1H_data_found,0,,,3-(azepan-1-ylmethyl)-1H-indole,,,
bmse011369,/Users/alfred/Documents/GitHub/DDLS_project/code/get_bmrb_data/bmrb_nmrstar/bmse011369/bmse011369.str,no_1H_data_found,0,,,1-(2-hydroxypropyl)-3-phenylurea,,,
bmse011370,/Users/alfred/Documents/GitHub/DDLS_project/code/get_bmrb_data/bmrb_nmrstar/bmse011370/bmse011370.str,no_1H_data_found,0,,,3-(4-chlorophenyl)-1-(1-hydroxybutan-2-yl)urea,,,
bmse011371,/Users/alfred/Documents/GitHub/DDLS_project/code/get_bmrb_data/bmrb_nmrstar/bmse011371/bmse011371.str,no_1H_data_found,0,,,N-(4-acetylphenyl)-2-pyrrolidin-1-ylacetamide,,,
bmse011372,/Users/alfred/Documents/GitHub/DDLS_project/code/get_bmrb_data/bmrb_nmrstar/bmse011372/bmse011372.str,no_1H_data_found,0,,,2-[(1H-benzimidazol-2-ylamino)methyl]phenol,,,
bmse011373,/Users/alfred/Documents/GitHub/DDLS_project/code/get_bmrb_data/bmrb_nmrstar/bmse011373/bmse011373.str,no_1H_data_found,0,,,"methyl 4-[(2,2,2-trifluoroacetyl)amino]benzoate",,,
bmse011374,/Users/alfred/Documents/GitHub/DDLS_project/code/get_bmrb_data/bmrb_nmrstar/bmse011374/bmse011374.str,no_1H_data_found,0,,,"5-[2-(4-methoxyphenyl)ethyl]-5-methylimidazolidine-2,4-dione",,,
bmse011375,/Users/alfred/Documents/GitHub/DDLS_project/code/get_bmrb_data/bmrb_nmrstar/bmse011375/bmse011375.str,no_1H_data_found,0,,,(2-oxo-4-propylchromen-7-yl) acetate,,,
bmse011376,/Users/alfred/Documents/GitHub/DDLS_project/code/get_bmrb_data/bmrb_nmrstar/bmse011376/bmse011376.str,no_1H_data_found,0,,,2-morpholin-4-ylaniline,,,
bmse011377,/Users/alfred/Documents/GitHub/DDLS_project/code/get_bmrb_data/bmrb_nmrstar/bmse011377/bmse011377.str,no_1H_data_found,0,,,2-piperidin-1-yl-5-(trifluoromethyl)aniline,,,
bmse011378,/Users/alfred/Documents/GitHub/DDLS_project/code/get_bmrb_data/bmrb_nmrstar/bmse011378/bmse011378.str,no_1H_data_found,0,,,"2-(2-dimethylaminoethyl)isoindole-1,3-dione",,,
bmse011379,/Users/alfred/Documents/GitHub/DDLS_project/code/get_bmrb_data/bmrb_nmrstar/bmse011379/bmse011379.str,no_1H_data_found,0,,,N-[(4-sulfamoylphenyl)methyl]acetamide,,,
bmse011380,/Users/alfred/Documents/GitHub/DDLS_project/code/get_bmrb_data/bmrb_nmrstar/bmse011380/bmse011380.str,no_1H_data_found,0,,,1-cyclohexyl-3-(2-phenylethyl)urea,,,
bmse011381,/Users/alfred/Documents/GitHub/DDLS_project/code/get_bmrb_data/bmrb_nmrstar/bmse011381/bmse011381.str,no_1H_data_found,0,,,N-[(1-methylbenzimidazol-2-yl)methyl]cyclohexanamine,,,
bmse011382,/Users/alfred/Documents/GitHub/DDLS_project/code/get_bmrb_data/bmrb_nmrstar/bmse011382/bmse011382.str,no_1H_data_found,0,,,2-cyano-N-cyclohexylacetamide,,,
bmse011383,/Users/alfred/Documents/GitHub/DDLS_project/code/get_bmrb_data/bmrb_nmrstar/bmse011383/bmse011383.str,no_1H_data_found,0,,,N-[2-(4-fluorophenyl)ethyl]furan-2-carboxamide,,,
bmse011384,/Users/alfred/Documents/GitHub/DDLS_project/code/get_bmrb_data/bmrb_nmrstar/bmse011384/bmse011384.str,no_1H_data_found,0,,,2-[(3-methylbenzoyl)amino]acetic acid,,,
bmse011385,/Users/alfred/Documents/GitHub/DDLS_project/code/get_bmrb_data/bmrb_nmrstar/bmse011385/bmse011385.str,no_1H_data_found,0,,,2-[(4-fluorobenzoyl)-methylamino]acetic acid,,,
bmse011386,/Users/alfred/Documents/GitHub/DDLS_project/code/get_bmrb_data/bmrb_nmrstar/bmse011386/bmse011386.str,no_1H_data_found,0,,,"2-(3,5-dimethyl-1H-pyrazol-4-yl)aniline",,,
bmse011387,/Users/alfred/Documents/GitHub/DDLS_project/code/get_bmrb_data/bmrb_nmrstar/bmse011387/bmse011387.str,no_1H_data_found,0,,,"N,N,N',N'-tetramethylpiperazine-1,4-dicarboxamide",,,
bmse011388,/Users/alfred/Documents/GitHub/DDLS_project/code/get_bmrb_data/bmrb_nmrstar/bmse011388/bmse011388.str,no_1H_data_found,0,,,N-(3-acetylphenyl)morpholine-4-carboxamide,,,
bmse011389,/Users/alfred/Documents/GitHub/DDLS_project/code/get_bmrb_data/bmrb_nmrstar/bmse011389/bmse011389.str,no_1H_data_found,0,,,(4-acetamidophenyl) pyrrolidine-1-carboxylate,,,
bmse011390,/Users/alfred/Documents/GitHub/DDLS_project/code/get_bmrb_data/bmrb_nmrstar/bmse011390/bmse011390.str,no_1H_data_found,0,,,N-(4-hydroxyphenyl)morpholine-4-carboxamide,,,
bmse011391,/Users/alfred/Documents/GitHub/DDLS_project/code/get_bmrb_data/bmrb_nmrstar/bmse011391/bmse011391.str,no_1H_data_found,0,,,1-methylsulfonylpiperidin-4-ol,,,
bmse011392,/Users/alfred/Documents/GitHub/DDLS_project/code/get_bmrb_data/bmrb_nmrstar/bmse011392/bmse011392.str,no_1H_data_found,0,,,N-methyl-2-methylsulfonylaniline,,,
bmse011393,/Users/alfred/Documents/GitHub/DDLS_project/code/get_bmrb_data/bmrb_nmrstar/bmse011393/bmse011393.str,no_1H_data_found,0,,,4-(benzoylamino)benzamide,,,
bmse011394,/Users/alfred/Documents/GitHub/DDLS_project/code/get_bmrb_data/bmrb_nmrstar/bmse011394/bmse011394.str,no_1H_data_found,0,,,"1-(5-amino-1,3-dihydroisoindol-2-yl)ethanone",,,
bmse011395,/Users/alfred/Documents/GitHub/DDLS_project/code/get_bmrb_data/bmrb_nmrstar/bmse011395/bmse011395.str,no_1H_data_found,0,,,"2-(2-methoxyphenyl)-1,3,4-oxadiazole",,,
bmse011396,/Users/alfred/Documents/GitHub/DDLS_project/code/get_bmrb_data/bmrb_nmrstar/bmse011396/bmse011396.str,no_1H_data_found,0,,,Ethyl 1H-pyrazole-4-carboxylate,,,
bmse011397,/Users/alfred/Documents/GitHub/DDLS_project/code/get_bmrb_data/bmrb_nmrstar/bmse011397/bmse011397.str,no_1H_data_found,0,,,[1-(4-chlorophenyl)triazol-4-yl]methanol,,,
bmse011398,/Users/alfred/Documents/GitHub/DDLS_project/code/get_bmrb_data/bmrb_nmrstar/bmse011398/bmse011398.str,no_1H_data_found,0,,,"1-(3-benzyl-1,2,4-oxadiazol-5-yl)ethanamine;hydrochloride",,,
bmse011399,/Users/alfred/Documents/GitHub/DDLS_project/code/get_bmrb_data/bmrb_nmrstar/bmse011399/bmse011399.str,no_1H_data_found,0,,,2-fluoro-4-methylbenzamide,,,
bmse011400,/Users/alfred/Documents/GitHub/DDLS_project/code/get_bmrb_data/bmrb_nmrstar/bmse011400/bmse011400.str,no_1H_data_found,0,,,2-phenylpropane-1-sulfonamide,,,
bmse011401,/Users/alfred/Documents/GitHub/DDLS_project/code/get_bmrb_data/bmrb_nmrstar/bmse011401/bmse011401.str,no_1H_data_found,0,,,N-hydroxyquinoline-2-carboxamide,,,
bmse011402,/Users/alfred/Documents/GitHub/DDLS_project/code/get_bmrb_data/bmrb_nmrstar/bmse011402/bmse011402.str,no_1H_data_found,0,,,"1-methyl-3,4-dihydro-2H-quinoline-7-sulfonamide",,,
bmse011403,/Users/alfred/Documents/GitHub/DDLS_project/code/get_bmrb_data/bmrb_nmrstar/bmse011403/bmse011403.str,no_1H_data_found,0,,,"4-[(2-methylsulfonylimidazol-1-yl)methyl]-1,3-thiazole",,,
bmse011404,/Users/alfred/Documents/GitHub/DDLS_project/code/get_bmrb_data/bmrb_nmrstar/bmse011404/bmse011404.str,no_1H_data_found,0,,,"(8R)-5,6,7,8-tetrahydroimidazo[1,2-a]pyridine-8-carboxamide",,,
bmse011405,/Users/alfred/Documents/GitHub/DDLS_project/code/get_bmrb_data/bmrb_nmrstar/bmse011405/bmse011405.str,no_1H_data_found,0,,,1-(1-phenyltriazol-4-yl)ethanamine;hydrochloride,,,
bmse011406,/Users/alfred/Documents/GitHub/DDLS_project/code/get_bmrb_data/bmrb_nmrstar/bmse011406/bmse011406.str,no_1H_data_found,0,,,4-methoxy-N-methylpyrimidin-2-amine,,,
bmse011407,/Users/alfred/Documents/GitHub/DDLS_project/code/get_bmrb_data/bmrb_nmrstar/bmse011407/bmse011407.str,no_1H_data_found,0,,,"N-(1,2,3,4-tetrahydroquinolin-3-yl)acetamide",,,
bmse011408,/Users/alfred/Documents/GitHub/DDLS_project/code/get_bmrb_data/bmrb_nmrstar/bmse011408/bmse011408.str,no_1H_data_found,0,,,N-(2-fluorophenyl)ethanesulfonamide,,,
bmse011409,/Users/alfred/Documents/GitHub/DDLS_project/code/get_bmrb_data/bmrb_nmrstar/bmse011409/bmse011409.str,no_1H_data_found,0,,,"6-methoxy-1,3,4,5-tetrahydro-1-benzazepin-2-one",,,
bmse011410,/Users/alfred/Documents/GitHub/DDLS_project/code/get_bmrb_data/bmrb_nmrstar/bmse011410/bmse011410.str,no_1H_data_found,0,,,1-propan-2-ylimidazole-4-sulfonamide,,,
bmse011411,/Users/alfred/Documents/GitHub/DDLS_project/code/get_bmrb_data/bmrb_nmrstar/bmse011411/bmse011411.str,no_1H_data_found,0,,,2-(2-acetamidophenyl)acetic acid,,,
bmse011412,/Users/alfred/Documents/GitHub/DDLS_project/code/get_bmrb_data/bmrb_nmrstar/bmse011412/bmse011412.str,no_1H_data_found,0,,,1-(methylamino)cyclopentane-1-carboxamide,,,
bmse011413,/Users/alfred/Documents/GitHub/DDLS_project/code/get_bmrb_data/bmrb_nmrstar/bmse011413/bmse011413.str,no_1H_data_found,0,,,"N,N-diethyl-4-methylbenzenesulfonamide",,,
bmse011414,/Users/alfred/Documents/GitHub/DDLS_project/code/get_bmrb_data/bmrb_nmrstar/bmse011414/bmse011414.str,no_1H_data_found,0,,,6-[cyclobutyl(methyl)amino]pyridazine-3-carboxamide,,,
bmse011415,/Users/alfred/Documents/GitHub/DDLS_project/code/get_bmrb_data/bmrb_nmrstar/bmse011415/bmse011415.str,no_1H_data_found,0,,,2-(4-phenylpiperidin-1-yl)acetic acid;hydrochloride,,,
bmse011416,/Users/alfred/Documents/GitHub/DDLS_project/code/get_bmrb_data/bmrb_nmrstar/bmse011416/bmse011416.str,no_1H_data_found,0,,,2-(cyclopent-3-en-1-ylamino)pyridine-4-carboxamide,,,
bmse011417,/Users/alfred/Documents/GitHub/DDLS_project/code/get_bmrb_data/bmrb_nmrstar/bmse011417/bmse011417.str,no_1H_data_found,0,,,N-ethyl-2H-triazole-4-carboxamide,,,
bmse011418,/Users/alfred/Documents/GitHub/DDLS_project/code/get_bmrb_data/bmrb_nmrstar/bmse011418/bmse011418.str,no_1H_data_found,0,,,"N-(6-methyl-1,3-benzodioxol-5-yl)acetamide",,,
bmse011419,/Users/alfred/Documents/GitHub/DDLS_project/code/get_bmrb_data/bmrb_nmrstar/bmse011419/bmse011419.str,no_1H_data_found,0,,,"N-(8-methyl-1,2,3,4-tetrahydroquinolin-5-yl)acetamide",,,
bmse011420,/Users/alfred/Documents/GitHub/DDLS_project/code/get_bmrb_data/bmrb_nmrstar/bmse011420/bmse011420.str,no_1H_data_found,0,,,"N-[(4-methyl-1,3-thiazol-2-yl)methyl]cyclobutanecarboxamide",,,
bmse011421,/Users/alfred/Documents/GitHub/DDLS_project/code/get_bmrb_data/bmrb_nmrstar/bmse011421/bmse011421.str,no_1H_data_found,0,,,N-(4-fluorophenyl)-2-pyrrolidin-1-ylacetamide,,,
bmse011422,/Users/alfred/Documents/GitHub/DDLS_project/code/get_bmrb_data/bmrb_nmrstar/bmse011422/bmse011422.str,no_1H_data_found,0,,,5-(morpholin-4-ylmethyl)quinolin-8-ol,,,
bmse011423,/Users/alfred/Documents/GitHub/DDLS_project/code/get_bmrb_data/bmrb_nmrstar/bmse011423/bmse011423.str,no_1H_data_found,0,,,3-fluoro-5-methylbenzenesulfonamide,,,
bmse011424,/Users/alfred/Documents/GitHub/DDLS_project/code/get_bmrb_data/bmrb_nmrstar/bmse011424/bmse011424.str,no_1H_data_found,0,,,3-(difluoromethyl)-1-methylpyrazole-4-carboxamide,,,
bmse011425,/Users/alfred/Documents/GitHub/DDLS_project/code/get_bmrb_data/bmrb_nmrstar/bmse011425/bmse011425.str,no_1H_data_found,0,,,"2,3-dihydro-1H-indole-5-carboxamide;hydrochloride",,,
bmse011426,/Users/alfred/Documents/GitHub/DDLS_project/code/get_bmrb_data/bmrb_nmrstar/bmse011426/bmse011426.str,no_1H_data_found,0,,,(1S)-1-(4-pyrimidin-5-ylphenyl)ethanamine,,,
bmse011427,/Users/alfred/Documents/GitHub/DDLS_project/code/get_bmrb_data/bmrb_nmrstar/bmse011427/bmse011427.str,no_1H_data_found,0,,,(2R)-2-hydroxy-2-(oxan-4-yl)acetamide,,,
bmse011428,/Users/alfred/Documents/GitHub/DDLS_project/code/get_bmrb_data/bmrb_nmrstar/bmse011428/bmse011428.str,no_1H_data_found,0,,,3-(2-methylbenzimidazol-1-yl)propanamide,,,
bmse011429,/Users/alfred/Documents/GitHub/DDLS_project/code/get_bmrb_data/bmrb_nmrstar/bmse011429/bmse011429.str,no_1H_data_found,0,,,N-(1H-benzimidazol-2-ylmethyl)-2-methylpropanamide,,,
bmse011430,/Users/alfred/Documents/GitHub/DDLS_project/code/get_bmrb_data/bmrb_nmrstar/bmse011430/bmse011430.str,no_1H_data_found,0,,,N-[(1R)-1-(2-chlorophenyl)ethyl]methanesulfonamide,,,
bmse011431,/Users/alfred/Documents/GitHub/DDLS_project/code/get_bmrb_data/bmrb_nmrstar/bmse011431/bmse011431.str,no_1H_data_found,0,,,N-(4-Chlorophenyl)-2-cyanoacetamide,,,
bmse011432,/Users/alfred/Documents/GitHub/DDLS_project/code/get_bmrb_data/bmrb_nmrstar/bmse011432/bmse011432.str,no_1H_data_found,0,,,"N-(3-methylsulfanyl-1,2,4-thiadiazol-5-yl)acetamide",,,
bmse011433,/Users/alfred/Documents/GitHub/DDLS_project/code/get_bmrb_data/bmrb_nmrstar/bmse011433/bmse011433.str,no_1H_data_found,0,,,4-(phenylmethoxy)benzoic acid,,,
bmse011434,/Users/alfred/Documents/GitHub/DDLS_project/code/get_bmrb_data/bmrb_nmrstar/bmse011434/bmse011434.str,no_1H_data_found,0,,,N-(4-acetamidophenyl)-3-methylbutanamide,,,
bmse011435,/Users/alfred/Documents/GitHub/DDLS_project/code/get_bmrb_data/bmrb_nmrstar/bmse011435/bmse011435.str,no_1H_data_found,0,,,2-(4-acetylphenoxy)acetic acid,,,
bmse011436,/Users/alfred/Documents/GitHub/DDLS_project/code/get_bmrb_data/bmrb_nmrstar/bmse011436/bmse011436.str,no_1H_data_found,0,,,4-Amino-N-phenylbenzenesulfonamide,,,
bmse011437,/Users/alfred/Documents/GitHub/DDLS_project/code/get_bmrb_data/bmrb_nmrstar/bmse011437/bmse011437.str,no_1H_data_found,0,,,2-(4-ethoxyphenyl)acetic acid,,,
bmse011438,/Users/alfred/Documents/GitHub/DDLS_project/code/get_bmrb_data/bmrb_nmrstar/bmse011438/bmse011438.str,no_1H_data_found,0,,,"N-[4-(2-amino-1,3-thiazol-4-yl)phenyl]acetamide",,,
bmse011439,/Users/alfred/Documents/GitHub/DDLS_project/code/get_bmrb_data/bmrb_nmrstar/bmse011439/bmse011439.str,no_1H_data_found,0,,,2-[[(4-methoxyphenyl)amino]methyl]phenol,,,
bmse011440,/Users/alfred/Documents/GitHub/DDLS_project/code/get_bmrb_data/bmrb_nmrstar/bmse011440/bmse011440.str,no_1H_data_found,0,,,"4-(3,4-dimethylphenyl)-5-methyl-1,3-thiazol-2-amine",,,
bmse011441,/Users/alfred/Documents/GitHub/DDLS_project/code/get_bmrb_data/bmrb_nmrstar/bmse011441/bmse011441.str,no_1H_data_found,0,,,"1-[(2R)-2,3-dihydro-1,4-benzodioxin-2-yl]-N-methylmethanamine",,,
bmse011442,/Users/alfred/Documents/GitHub/DDLS_project/code/get_bmrb_data/bmrb_nmrstar/bmse011442/bmse011442.str,no_1H_data_found,0,,,N-(2-hydroxyphenyl)-2-(phenoxy)acetamide,,,
bmse011443,/Users/alfred/Documents/GitHub/DDLS_project/code/get_bmrb_data/bmrb_nmrstar/bmse011443/bmse011443.str,no_1H_data_found,0,,,2-methyl-N-(4-piperidin-1-ylphenyl)propanamide,,,
bmse011444,/Users/alfred/Documents/GitHub/DDLS_project/code/get_bmrb_data/bmrb_nmrstar/bmse011444/bmse011444.str,no_1H_data_found,0,,,N-[4-(tetrazol-1-yl)phenyl]cyclobutanecarboxamide,,,
bmse011445,/Users/alfred/Documents/GitHub/DDLS_project/code/get_bmrb_data/bmrb_nmrstar/bmse011445/bmse011445.str,no_1H_data_found,0,,,"(3,4,5-trimethoxyphenyl)methanamine;hydrochloride",,,
bmse011446,/Users/alfred/Documents/GitHub/DDLS_project/code/get_bmrb_data/bmrb_nmrstar/bmse011446/bmse011446.str,no_1H_data_found,0,,,"N-phenylpiperidine-1,4-dicarboxamide",,,
bmse011447,/Users/alfred/Documents/GitHub/DDLS_project/code/get_bmrb_data/bmrb_nmrstar/bmse011447/bmse011447.str,no_1H_data_found,0,,,5-(pyrrolidin-1-ylmethyl)quinolin-8-ol,,,
bmse011448,/Users/alfred/Documents/GitHub/DDLS_project/code/get_bmrb_data/bmrb_nmrstar/bmse011448/bmse011448.str,no_1H_data_found,0,,,"4-(4-ethylphenyl)-5-methyl-1,3-thiazol-2-amine",,,
bmse011449,/Users/alfred/Documents/GitHub/DDLS_project/code/get_bmrb_data/bmrb_nmrstar/bmse011449/bmse011449.str,no_1H_data_found,0,,,N-methyl-1-(1-phenylpyrazol-4-yl)methanamine,,,
bmse011450,/Users/alfred/Documents/GitHub/DDLS_project/code/get_bmrb_data/bmrb_nmrstar/bmse011450/bmse011450.str,no_1H_data_found,0,,,1-[[1-(difluoromethyl)imidazol-2-yl]methyl]piperazine;trihydrochloride,,,
bmse011451,/Users/alfred/Documents/GitHub/DDLS_project/code/get_bmrb_data/bmrb_nmrstar/bmse011451/bmse011451.str,no_1H_data_found,0,,,1-(4-fluorophenyl)-N-methylethanamine;hydrochloride,,,
bmse011452,/Users/alfred/Documents/GitHub/DDLS_project/code/get_bmrb_data/bmrb_nmrstar/bmse011452/bmse011452.str,no_1H_data_found,0,,,1-ethylsulfonylpiperidine-4-carboxylic acid,,,
bmse011453,/Users/alfred/Documents/GitHub/DDLS_project/code/get_bmrb_data/bmrb_nmrstar/bmse011453/bmse011453.str,no_1H_data_found,0,,,N-piperidin-4-ylmethanesulfonamide,,,
bmse011454,/Users/alfred/Documents/GitHub/DDLS_project/code/get_bmrb_data/bmrb_nmrstar/bmse011454/bmse011454.str,no_1H_data_found,0,,,4-(phenylmethoxy)benzohydrazide,,,
bmse011455,/Users/alfred/Documents/GitHub/DDLS_project/code/get_bmrb_data/bmrb_nmrstar/bmse011455/bmse011455.str,no_1H_data_found,0,,,N-(4-cyanophenyl)acetamide,,,
bmse011456,/Users/alfred/Documents/GitHub/DDLS_project/code/get_bmrb_data/bmrb_nmrstar/bmse011456/bmse011456.str,no_1H_data_found,0,,,2-(acetyl-methylamino)benzoic acid,,,
bmse011457,/Users/alfred/Documents/GitHub/DDLS_project/code/get_bmrb_data/bmrb_nmrstar/bmse011457/bmse011457.str,no_1H_data_found,0,,,(3S)-1-methylsulfonylpiperidine-3-carboxylic acid,,,
bmse011458,/Users/alfred/Documents/GitHub/DDLS_project/code/get_bmrb_data/bmrb_nmrstar/bmse011458/bmse011458.str,no_1H_data_found,0,,,(2-morpholin-4-ylphenyl)methanol,,,
bmse011459,/Users/alfred/Documents/GitHub/DDLS_project/code/get_bmrb_data/bmrb_nmrstar/bmse011459/bmse011459.str,no_1H_data_found,0,,,N-(3-amino-2-methylphenyl)propanamide,,,
bmse011460,/Users/alfred/Documents/GitHub/DDLS_project/code/get_bmrb_data/bmrb_nmrstar/bmse011460/bmse011460.str,no_1H_data_found,0,,,N-methylmorpholine-2-carboxamide,,,
bmse011461,/Users/alfred/Documents/GitHub/DDLS_project/code/get_bmrb_data/bmrb_nmrstar/bmse011461/bmse011461.str,no_1H_data_found,0,,,N-(morpholin-2-ylmethyl)acetamide,,,
bmse011462,/Users/alfred/Documents/GitHub/DDLS_project/code/get_bmrb_data/bmrb_nmrstar/bmse011462/bmse011462.str,no_1H_data_found,0,,,N-(4-aminocyclohexyl)acetamide,,,
bmse011463,/Users/alfred/Documents/GitHub/DDLS_project/code/get_bmrb_data/bmrb_nmrstar/bmse011463/bmse011463.str,no_1H_data_found,0,,,2-(methylamino)-N-(4-methylpyridin-2-yl)acetamide,,,
bmse011464,/Users/alfred/Documents/GitHub/DDLS_project/code/get_bmrb_data/bmrb_nmrstar/bmse011464/bmse011464.str,no_1H_data_found,0,,,"[1-(3,4-dichlorophenyl)triazol-4-yl]methanol",,,
bmse011465,/Users/alfred/Documents/GitHub/DDLS_project/code/get_bmrb_data/bmrb_nmrstar/bmse011465/bmse011465.str,no_1H_data_found,0,,,2-(4-methylphenyl)-N-(oxolan-2-ylmethyl)acetamide,,,
bmse011466,/Users/alfred/Documents/GitHub/DDLS_project/code/get_bmrb_data/bmrb_nmrstar/bmse011466/bmse011466.str,no_1H_data_found,0,,,"4-(piperazin-1-ylmethyl)-1,3-thiazole",,,
bmse011467,/Users/alfred/Documents/GitHub/DDLS_project/code/get_bmrb_data/bmrb_nmrstar/bmse011467/bmse011467.str,no_1H_data_found,0,,,1-acetylazetidine-3-carboxylic acid,,,
bmse011468,/Users/alfred/Documents/GitHub/DDLS_project/code/get_bmrb_data/bmrb_nmrstar/bmse011468/bmse011468.str,no_1H_data_found,0,,,"(2R,4R)-1-acetyl-4-hydroxypyrrolidine-2-carboxylic acid",,,
bmse011469,/Users/alfred/Documents/GitHub/DDLS_project/code/get_bmrb_data/bmrb_nmrstar/bmse011469/bmse011469.str,no_1H_data_found,0,,,"1-(5-methoxy-1H-indol-3-yl)-N,N-dimethylmethanamine",,,
bmse011470,/Users/alfred/Documents/GitHub/DDLS_project/code/get_bmrb_data/bmrb_nmrstar/bmse011470/bmse011470.str,no_1H_data_found,0,,,methyl pyridine-4-carboxylate,,,
bmse011471,/Users/alfred/Documents/GitHub/DDLS_project/code/get_bmrb_data/bmrb_nmrstar/bmse011471/bmse011471.str,no_1H_data_found,0,,,2-(triazol-1-ylmethyl)piperidine;dihydrochloride,,,
bmse011472,/Users/alfred/Documents/GitHub/DDLS_project/code/get_bmrb_data/bmrb_nmrstar/bmse011472/bmse011472.str,no_1H_data_found,0,,,1-(1-ethylpyrazol-3-yl)-N-methylmethanamine,,,
bmse011473,/Users/alfred/Documents/GitHub/DDLS_project/code/get_bmrb_data/bmrb_nmrstar/bmse011473/bmse011473.str,no_1H_data_found,0,,,"(3,4-dimethoxyphenyl)methanamine",,,
bmse011474,/Users/alfred/Documents/GitHub/DDLS_project/code/get_bmrb_data/bmrb_nmrstar/bmse011474/bmse011474.str,no_1H_data_found,0,,,N-methyl-1-[4-(trifluoromethyl)phenyl]methanamine,,,
bmse011475,/Users/alfred/Documents/GitHub/DDLS_project/code/get_bmrb_data/bmrb_nmrstar/bmse011475/bmse011475.str,no_1H_data_found,0,,,[(2R)-1-methylpyrrolidin-2-yl]methanol,,,
bmse011476,/Users/alfred/Documents/GitHub/DDLS_project/code/get_bmrb_data/bmrb_nmrstar/bmse011476/bmse011476.str,no_1H_data_found,0,,,"2-(3-methyl-1,2,4-oxadiazol-5-yl)-1-phenylethanamine;hydrochloride",,,
bmse011477,/Users/alfred/Documents/GitHub/DDLS_project/code/get_bmrb_data/bmrb_nmrstar/bmse011477/bmse011477.str,no_1H_data_found,0,,,(4-thiophen-2-ylphenyl)methanamine,,,
bmse011478,/Users/alfred/Documents/GitHub/DDLS_project/code/get_bmrb_data/bmrb_nmrstar/bmse011478/bmse011478.str,no_1H_data_found,0,,,[(2R)-1-methylsulfonylpyrrolidin-2-yl]methanamine,,,
bmse011479,/Users/alfred/Documents/GitHub/DDLS_project/code/get_bmrb_data/bmrb_nmrstar/bmse011479/bmse011479.str,no_1H_data_found,0,,,4-(3-fluoropyridin-2-yl)-1-methylpiperazin-2-one,,,
bmse011480,/Users/alfred/Documents/GitHub/DDLS_project/code/get_bmrb_data/bmrb_nmrstar/bmse011480/bmse011480.str,no_1H_data_found,0,,,(2R)-2-amino-2-(4-methoxyphenyl)acetic acid,,,
bmse011481,/Users/alfred/Documents/GitHub/DDLS_project/code/get_bmrb_data/bmrb_nmrstar/bmse011481/bmse011481.str,no_1H_data_found,0,,,1-[(3S)-3-aminopyrrolidin-1-yl]-2-methylpropan-2-ol,,,
bmse011482,/Users/alfred/Documents/GitHub/DDLS_project/code/get_bmrb_data/bmrb_nmrstar/bmse011482/bmse011482.str,no_1H_data_found,0,,,N-tert-butyl-2-[3-(trifluoromethyl)pyrazol-1-yl]acetamide,,,
bmse011483,/Users/alfred/Documents/GitHub/DDLS_project/code/get_bmrb_data/bmrb_nmrstar/bmse011483/bmse011483.str,no_1H_data_found,0,,,"ethyl 3-(4-fluorophenyl)-1,2-oxazole-5-carboxylate",,,
bmse011484,/Users/alfred/Documents/GitHub/DDLS_project/code/get_bmrb_data/bmrb_nmrstar/bmse011484/bmse011484.str,no_1H_data_found,0,,,"(1S)-N,2,2-trimethyl-N-pyridin-3-ylcyclopropane-1-carboxamide",,,
bmse011485,/Users/alfred/Documents/GitHub/DDLS_project/code/get_bmrb_data/bmrb_nmrstar/bmse011485/bmse011485.str,no_1H_data_found,0,,,"(2S,3S)-1-benzyl-2-methylpiperidin-3-ol",,,
bmse011486,/Users/alfred/Documents/GitHub/DDLS_project/code/get_bmrb_data/bmrb_nmrstar/bmse011486/bmse011486.str,no_1H_data_found,0,,,N-methyl-1-(5-methylfuran-2-yl)-N-(phenylmethyl)methanamine,,,
bmse011487,/Users/alfred/Documents/GitHub/DDLS_project/code/get_bmrb_data/bmrb_nmrstar/bmse011487/bmse011487.str,no_1H_data_found,0,,,1-cyclohexyl-N-methylmethanesulfonamide,,,
bmse011488,/Users/alfred/Documents/GitHub/DDLS_project/code/get_bmrb_data/bmrb_nmrstar/bmse011488/bmse011488.str,no_1H_data_found,0,,,2-amino-1-(2-methylpiperidin-1-yl)propan-1-one,,,
bmse011489,/Users/alfred/Documents/GitHub/DDLS_project/code/get_bmrb_data/bmrb_nmrstar/bmse011489/bmse011489.str,no_1H_data_found,0,,,[(2R)-2-methylmorpholin-4-yl]-pyrazin-2-ylmethanone,,,
bmse011490,/Users/alfred/Documents/GitHub/DDLS_project/code/get_bmrb_data/bmrb_nmrstar/bmse011490/bmse011490.str,no_1H_data_found,0,,,"4-[(3-cyclopropyl-1,2,4-oxadiazol-5-yl)methyl]morpholine",,,
bmse011491,/Users/alfred/Documents/GitHub/DDLS_project/code/get_bmrb_data/bmrb_nmrstar/bmse011491/bmse011491.str,no_1H_data_found,0,,,"N,N,5,6-tetramethylthieno[3,2-e]pyrimidin-4-amine",,,
bmse011492,/Users/alfred/Documents/GitHub/DDLS_project/code/get_bmrb_data/bmrb_nmrstar/bmse011492/bmse011492.str,no_1H_data_found,0,,,"(2R)-N,2-dimethyl-N-propan-2-ylmorpholine-4-sulfonamide",,,
bmse011493,/Users/alfred/Documents/GitHub/DDLS_project/code/get_bmrb_data/bmrb_nmrstar/bmse011493/bmse011493.str,no_1H_data_found,0,,,4-[[4-(trifluoromethyl)phenyl]methyl]morpholine,,,
bmse011494,/Users/alfred/Documents/GitHub/DDLS_project/code/get_bmrb_data/bmrb_nmrstar/bmse011494/bmse011494.str,no_1H_data_found,0,,,1-(phenylmethyl)-4-pyrrol-1-ylpiperidine,,,
bmse011495,/Users/alfred/Documents/GitHub/DDLS_project/code/get_bmrb_data/bmrb_nmrstar/bmse011495/bmse011495.str,no_1H_data_found,0,,,2-[(4-aminophenyl)-ethylamino]ethanol,,,
bmse011496,/Users/alfred/Documents/GitHub/DDLS_project/code/get_bmrb_data/bmrb_nmrstar/bmse011496/bmse011496.str,no_1H_data_found,0,,,"[1-[(3-methyl-1,2,4-oxadiazol-5-yl)methyl]piperidin-4-yl]methanol",,,
bmse011497,/Users/alfred/Documents/GitHub/DDLS_project/code/get_bmrb_data/bmrb_nmrstar/bmse011497/bmse011497.str,no_1H_data_found,0,,,"2-(2-methyl-1,3-thiazol-4-yl)-1-morpholin-4-ylethanone",,,
bmse011498,/Users/alfred/Documents/GitHub/DDLS_project/code/get_bmrb_data/bmrb_nmrstar/bmse011498/bmse011498.str,no_1H_data_found,0,,,2-[cycloheptyl(methyl)amino]-N-methylacetamide,,,
bmse011499,/Users/alfred/Documents/GitHub/DDLS_project/code/get_bmrb_data/bmrb_nmrstar/bmse011499/bmse011499.str,no_1H_data_found,0,,,(3S)-4-[(2-fluorophenyl)methyl]-3-methylmorpholine,,,
bmse011500,/Users/alfred/Documents/GitHub/DDLS_project/code/get_bmrb_data/bmrb_nmrstar/bmse011500/bmse011500.str,no_1H_data_found,0,,,"2-[(2R,5S)-2,5-dimethylmorpholin-4-yl]-N-ethylacetamide",,,
bmse011501,/Users/alfred/Documents/GitHub/DDLS_project/code/get_bmrb_data/bmrb_nmrstar/bmse011501/bmse011501.str,no_1H_data_found,0,,,"3-cyclopropyl-1-methyl-1-[(5-methyl-1,2-oxazol-3-yl)methyl]urea",,,
bmse011502,/Users/alfred/Documents/GitHub/DDLS_project/code/get_bmrb_data/bmrb_nmrstar/bmse011502/bmse011502.str,no_1H_data_found,0,,,N-[2-(2-methylphenyl)ethyl]acetamide,,,
bmse011503,/Users/alfred/Documents/GitHub/DDLS_project/code/get_bmrb_data/bmrb_nmrstar/bmse011503/bmse011503.str,no_1H_data_found,0,,,"3,3,3-trifluoro-1-(4-methylpiperidin-1-yl)propan-1-one",,,
bmse011504,/Users/alfred/Documents/GitHub/DDLS_project/code/get_bmrb_data/bmrb_nmrstar/bmse011504/bmse011504.str,no_1H_data_found,0,,,1-morpholin-4-yl-4-phenylbutan-1-one,,,
bmse011505,/Users/alfred/Documents/GitHub/DDLS_project/code/get_bmrb_data/bmrb_nmrstar/bmse011505/bmse011505.str,no_1H_data_found,0,,,4-[(3-fluorophenyl)methyl]morpholine,,,
bmse011506,/Users/alfred/Documents/GitHub/DDLS_project/code/get_bmrb_data/bmrb_nmrstar/bmse011506/bmse011506.str,no_1H_data_found,0,,,"[(2R,5S)-2,5-dimethylmorpholin-4-yl]-(1,2,5-thiadiazol-3-yl)methanone",,,
bmse011507,/Users/alfred/Documents/GitHub/DDLS_project/code/get_bmrb_data/bmrb_nmrstar/bmse011507/bmse011507.str,no_1H_data_found,0,,,N-cycloheptyl-N-methylmethanesulfonamide,,,
bmse011508,/Users/alfred/Documents/GitHub/DDLS_project/code/get_bmrb_data/bmrb_nmrstar/bmse011508/bmse011508.str,no_1H_data_found,0,,,ethyl 1-pyrazin-2-ylpiperidine-4-carboxylate,,,
bmse011509,/Users/alfred/Documents/GitHub/DDLS_project/code/get_bmrb_data/bmrb_nmrstar/bmse011509/bmse011509.str,no_1H_data_found,0,,,"N,N-dimethyl-4-[(propan-2-ylamino)methyl]aniline",,,
bmse011510,/Users/alfred/Documents/GitHub/DDLS_project/code/get_bmrb_data/bmrb_nmrstar/bmse011510/bmse011510.str,no_1H_data_found,0,,,1-tert-butylazetidin-3-ol,,,
bmse011511,/Users/alfred/Documents/GitHub/DDLS_project/code/get_bmrb_data/bmrb_nmrstar/bmse011511/bmse011511.str,no_1H_data_found,0,,,N-(1-ethylpyrazol-4-yl)cyclobutanecarboxamide,,,
bmse011512,/Users/alfred/Documents/GitHub/DDLS_project/code/get_bmrb_data/bmrb_nmrstar/bmse011512/bmse011512.str,no_1H_data_found,0,,,"(2R,3S)-2,3-dimethyl-4-(3-methyl-1,2,4-thiadiazol-5-yl)morpholine",,,
bmse011513,/Users/alfred/Documents/GitHub/DDLS_project/code/get_bmrb_data/bmrb_nmrstar/bmse011513/bmse011513.str,no_1H_data_found,0,,,"2-methyl-5-piperidin-1-yl-1,3,4-thiadiazole",,,
bmse011514,/Users/alfred/Documents/GitHub/DDLS_project/code/get_bmrb_data/bmrb_nmrstar/bmse011514/bmse011514.str,no_1H_data_found,0,,,4-[(3-chlorophenyl)methyl]morpholine,,,
bmse011515,/Users/alfred/Documents/GitHub/DDLS_project/code/get_bmrb_data/bmrb_nmrstar/bmse011515/bmse011515.str,no_1H_data_found,0,,,1-methyl-1-[(1-methylpyrazol-4-yl)methyl]-3-propan-2-ylurea,,,
bmse011516,/Users/alfred/Documents/GitHub/DDLS_project/code/get_bmrb_data/bmrb_nmrstar/bmse011516/bmse011516.str,no_1H_data_found,0,,,"(2R,5S)-4-[(5-chlorothiadiazol-4-yl)methyl]-2,5-dimethylmorpholine",,,
bmse011517,/Users/alfred/Documents/GitHub/DDLS_project/code/get_bmrb_data/bmrb_nmrstar/bmse011517/bmse011517.str,no_1H_data_found,0,,,1-(2-azaspiro[5.6]dodecan-2-yl)ethanone,,,
bmse011518,/Users/alfred/Documents/GitHub/DDLS_project/code/get_bmrb_data/bmrb_nmrstar/bmse011518/bmse011518.str,no_1H_data_found,0,,,"1-[5-[(dimethylamino)methyl]-1,2,4-oxadiazol-3-yl]cyclopentan-1-amine",,,
bmse011519,/Users/alfred/Documents/GitHub/DDLS_project/code/get_bmrb_data/bmrb_nmrstar/bmse011519/bmse011519.str,no_1H_data_found,0,,,(2S)-4-pyrazol-1-ylbutan-2-ol,,,
bmse011520,/Users/alfred/Documents/GitHub/DDLS_project/code/get_bmrb_data/bmrb_nmrstar/bmse011520/bmse011520.str,no_1H_data_found,0,,,"(1S,2S)-N-methyl-2-methylsulfonylcyclohexan-1-amine",,,
bmse011521,/Users/alfred/Documents/GitHub/DDLS_project/code/get_bmrb_data/bmrb_nmrstar/bmse011521/bmse011521.str,no_1H_data_found,0,,,(3R)-3-methyl-1-(6-methylpyridin-2-yl)piperazine,,,
bmse011522,/Users/alfred/Documents/GitHub/DDLS_project/code/get_bmrb_data/bmrb_nmrstar/bmse011522/bmse011522.str,no_1H_data_found,0,,,N-[[(3S)-pyrrolidin-3-yl]methyl]pyridin-2-amine,,,
bmse011523,/Users/alfred/Documents/GitHub/DDLS_project/code/get_bmrb_data/bmrb_nmrstar/bmse011523/bmse011523.str,no_1H_data_found,0,,,"2-methyl-5-(piperazin-1-ylmethyl)-1,3-thiazole",,,
bmse011524,/Users/alfred/Documents/GitHub/DDLS_project/code/get_bmrb_data/bmrb_nmrstar/bmse011524/bmse011524.str,no_1H_data_found,0,,,N-methyl-1-(1-methylpyrazol-4-yl)ethanamine,,,
bmse011525,/Users/alfred/Documents/GitHub/DDLS_project/code/get_bmrb_data/bmrb_nmrstar/bmse011525/bmse011525.str,no_1H_data_found,0,,,1-(2-methylpyrimidin-4-yl)piperidin-4-amine,,,
bmse011526,/Users/alfred/Documents/GitHub/DDLS_project/code/get_bmrb_data/bmrb_nmrstar/bmse011526/bmse011526.str,no_1H_data_found,0,,,1-methyl-N-(phenylmethyl)pyrazol-3-amine,,,
bmse011527,/Users/alfred/Documents/GitHub/DDLS_project/code/get_bmrb_data/bmrb_nmrstar/bmse011527/bmse011527.str,no_1H_data_found,0,,,"azepan-1-yl-(1,3-benzodioxol-5-yl)methanone",,,
bmse011528,/Users/alfred/Documents/GitHub/DDLS_project/code/get_bmrb_data/bmrb_nmrstar/bmse011528/bmse011528.str,no_1H_data_found,0,,,(4-methylpiperazin-1-yl)-[(2R)-pyrrolidin-2-yl]methanone,,,
bmse011529,/Users/alfred/Documents/GitHub/DDLS_project/code/get_bmrb_data/bmrb_nmrstar/bmse011529/bmse011529.str,no_1H_data_found,0,,,1-[4-(difluoromethoxy)phenyl]ethanone,,,
bmse011530,/Users/alfred/Documents/GitHub/DDLS_project/code/get_bmrb_data/bmrb_nmrstar/bmse011530/bmse011530.str,no_1H_data_found,0,,,N-(5-methylpyridin-2-yl)oxolane-2-carboxamide,,,
bmse011531,/Users/alfred/Documents/GitHub/DDLS_project/code/get_bmrb_data/bmrb_nmrstar/bmse011531/bmse011531.str,no_1H_data_found,0,,,N-pyrrolidin-3-ylpropanamide,,,
bmse011532,/Users/alfred/Documents/GitHub/DDLS_project/code/get_bmrb_data/bmrb_nmrstar/bmse011532/bmse011532.str,no_1H_data_found,0,,,2-morpholin-4-ylethanol,,,
bmse011533,/Users/alfred/Documents/GitHub/DDLS_project/code/get_bmrb_data/bmrb_nmrstar/bmse011533/bmse011533.str,no_1H_data_found,0,,,"2-methyl-1-(3-methyl-1,2,4-oxadiazol-5-yl)propan-1-amine",,,
bmse011534,/Users/alfred/Documents/GitHub/DDLS_project/code/get_bmrb_data/bmrb_nmrstar/bmse011534/bmse011534.str,no_1H_data_found,0,,,(2S)-1-(3-fluorophenoxy)propan-2-ol,,,
bmse011535,/Users/alfred/Documents/GitHub/DDLS_project/code/get_bmrb_data/bmrb_nmrstar/bmse011535/bmse011535.str,no_1H_data_found,0,,,N-[[(2R)-oxolan-2-yl]methyl]cyclopentanamine,,,
bmse011536,/Users/alfred/Documents/GitHub/DDLS_project/code/get_bmrb_data/bmrb_nmrstar/bmse011536/bmse011536.str,no_1H_data_found,0,,,(3S)-N-methyl-1-pyridazin-3-ylpiperidin-3-amine,,,
bmse011537,/Users/alfred/Documents/GitHub/DDLS_project/code/get_bmrb_data/bmrb_nmrstar/bmse011537/bmse011537.str,no_1H_data_found,0,,,2-[(3S)-3-methylmorpholin-4-yl]ethanamine,,,
bmse011538,/Users/alfred/Documents/GitHub/DDLS_project/code/get_bmrb_data/bmrb_nmrstar/bmse011538/bmse011538.str,no_1H_data_found,0,,,ethyl morpholine-4-carboxylate,,,
bmse011539,/Users/alfred/Documents/GitHub/DDLS_project/code/get_bmrb_data/bmrb_nmrstar/bmse011539/bmse011539.str,no_1H_data_found,0,,,"5-ethyl-3-[(2R)-pyrrolidin-2-yl]-1,2,4-oxadiazole",,,
bmse011540,/Users/alfred/Documents/GitHub/DDLS_project/code/get_bmrb_data/bmrb_nmrstar/bmse011540/bmse011540.str,no_1H_data_found,0,,,1-(2-methylimidazol-1-yl)propan-2-ol,,,
bmse011541,/Users/alfred/Documents/GitHub/DDLS_project/code/get_bmrb_data/bmrb_nmrstar/bmse011541/bmse011541.str,no_1H_data_found,0,,,N-[[(2R)-oxolan-2-yl]methyl]pyridin-4-amine,,,
bmse011542,/Users/alfred/Documents/GitHub/DDLS_project/code/get_bmrb_data/bmrb_nmrstar/bmse011542/bmse011542.str,no_1H_data_found,0,,,N-(1-pyridin-3-ylethyl)cyclopropanamine,,,
bmse011543,/Users/alfred/Documents/GitHub/DDLS_project/code/get_bmrb_data/bmrb_nmrstar/bmse011543/bmse011543.str,no_1H_data_found,0,,,"(2S)-3-(3,5-dimethyl-1,2-oxazol-4-yl)-N,N,2-trimethylpropanamide",,,
bmse011544,/Users/alfred/Documents/GitHub/DDLS_project/code/get_bmrb_data/bmrb_nmrstar/bmse011544/bmse011544.str,no_1H_data_found,0,,,"2-ethoxy-3-fluoro-N,N-dimethylbenzamide",,,
bmse011545,/Users/alfred/Documents/GitHub/DDLS_project/code/get_bmrb_data/bmrb_nmrstar/bmse011545/bmse011545.str,no_1H_data_found,0,,,"(2,5-dimethyl-1,3-thiazol-4-yl)-pyrrolidin-1-ylmethanone",,,
bmse011546,/Users/alfred/Documents/GitHub/DDLS_project/code/get_bmrb_data/bmrb_nmrstar/bmse011546/bmse011546.str,no_1H_data_found,0,,,2-(4-methylpiperidin-1-yl)ethanamine,,,
bmse011547,/Users/alfred/Documents/GitHub/DDLS_project/code/get_bmrb_data/bmrb_nmrstar/bmse011547/bmse011547.str,no_1H_data_found,0,,,(2R)-2-[(5-chloropyrimidin-2-yl)-methylamino]propan-1-ol,,,
bmse011548,/Users/alfred/Documents/GitHub/DDLS_project/code/get_bmrb_data/bmrb_nmrstar/bmse011548/bmse011548.str,no_1H_data_found,0,,,"[1-[(2-methyl-1,3-thiazol-4-yl)methyl]piperidin-4-yl]methanamine",,,
bmse011549,/Users/alfred/Documents/GitHub/DDLS_project/code/get_bmrb_data/bmrb_nmrstar/bmse011549/bmse011549.str,no_1H_data_found,0,,,(2S)-1-morpholin-4-ylpropan-2-amine,,,
bmse011550,/Users/alfred/Documents/GitHub/DDLS_project/code/get_bmrb_data/bmrb_nmrstar/bmse011550/bmse011550.str,no_1H_data_found,0,,,2-(2-methylpiperazin-1-yl)ethanol,,,
bmse011551,/Users/alfred/Documents/GitHub/DDLS_project/code/get_bmrb_data/bmrb_nmrstar/bmse011551/bmse011551.str,no_1H_data_found,0,,,N-methyl-1-pyridin-4-ylpropan-1-amine,,,
bmse011552,/Users/alfred/Documents/GitHub/DDLS_project/code/get_bmrb_data/bmrb_nmrstar/bmse011552/bmse011552.str,no_1H_data_found,0,,,2-(1-ethylpyrazol-4-yl)ethanol,,,
bmse011553,/Users/alfred/Documents/GitHub/DDLS_project/code/get_bmrb_data/bmrb_nmrstar/bmse011553/bmse011553.str,no_1H_data_found,0,,,1-(oxan-4-ylmethyl)piperazine,,,
bmse011554,/Users/alfred/Documents/GitHub/DDLS_project/code/get_bmrb_data/bmrb_nmrstar/bmse011554/bmse011554.str,no_1H_data_found,0,,,5-chloro-N-methyl-N-[[(3R)-oxolan-3-yl]methyl]pyrimidin-4-amine,,,
bmse011555,/Users/alfred/Documents/GitHub/DDLS_project/code/get_bmrb_data/bmrb_nmrstar/bmse011555/bmse011555.str,no_1H_data_found,0,,,(3R)-N-(phenylmethyl)pyrrolidin-3-amine,,,
bmse011556,/Users/alfred/Documents/GitHub/DDLS_project/code/get_bmrb_data/bmrb_nmrstar/bmse011556/bmse011556.str,no_1H_data_found,0,,,N-(1H-indol-4-ylmethyl)ethanamine,,,
bmse011557,/Users/alfred/Documents/GitHub/DDLS_project/code/get_bmrb_data/bmrb_nmrstar/bmse011557/bmse011557.str,no_1H_data_found,0,,,[4-(methylamino)oxan-4-yl]methanol,,,
bmse011558,/Users/alfred/Documents/GitHub/DDLS_project/code/get_bmrb_data/bmrb_nmrstar/bmse011558/bmse011558.str,no_1H_data_found,0,,,"(3S,4S)-1,3-dimethyl-N-(1-methylpyrazol-4-yl)piperidin-4-amine",,,
bmse011559,/Users/alfred/Documents/GitHub/DDLS_project/code/get_bmrb_data/bmrb_nmrstar/bmse011559/bmse011559.str,no_1H_data_found,0,,,"2-[[(1S,2S)-2-methylcyclopentyl]amino]ethanol",,,
bmse011560,/Users/alfred/Documents/GitHub/DDLS_project/code/get_bmrb_data/bmrb_nmrstar/bmse011560/bmse011560.str,no_1H_data_found,0,,,2-fluoro-N-(1H-pyrazol-5-ylmethyl)aniline,,,
bmse011561,/Users/alfred/Documents/GitHub/DDLS_project/code/get_bmrb_data/bmrb_nmrstar/bmse011561/bmse011561.str,no_1H_data_found,0,,,"1-(1,4-diazepan-1-yl)ethanone",,,
bmse011562,/Users/alfred/Documents/GitHub/DDLS_project/code/get_bmrb_data/bmrb_nmrstar/bmse011562/bmse011562.str,no_1H_data_found,0,,,"2-[(3-fluorophenyl)methyl]-1,2-thiazolidine 1,1-dioxide",,,
bmse011563,/Users/alfred/Documents/GitHub/DDLS_project/code/get_bmrb_data/bmrb_nmrstar/bmse011563/bmse011563.str,no_1H_data_found,0,,,"[(4S)-4-methylazepan-1-yl]-(1,3-thiazol-4-yl)methanone",,,
bmse011564,/Users/alfred/Documents/GitHub/DDLS_project/code/get_bmrb_data/bmrb_nmrstar/bmse011564/bmse011564.str,no_1H_data_found,0,,,N-ethyl-3-methylpyridin-2-amine,,,
bmse011565,/Users/alfred/Documents/GitHub/DDLS_project/code/get_bmrb_data/bmrb_nmrstar/bmse011565/bmse011565.str,no_1H_data_found,0,,,"2-(3,3,4-trimethylpiperazin-1-yl)ethanamine",,,
bmse011566,/Users/alfred/Documents/GitHub/DDLS_project/code/get_bmrb_data/bmrb_nmrstar/bmse011566/bmse011566.str,no_1H_data_found,0,,,2-hydroxy-1-(3-methylpiperidin-1-yl)ethanone,,,
bmse011567,/Users/alfred/Documents/GitHub/DDLS_project/code/get_bmrb_data/bmrb_nmrstar/bmse011567/bmse011567.str,no_1H_data_found,0,,,4-(dimethylaminomethyl)benzonitrile,,,
bmse011568,/Users/alfred/Documents/GitHub/DDLS_project/code/get_bmrb_data/bmrb_nmrstar/bmse011568/bmse011568.str,no_1H_data_found,0,,,"4-[2-[(1S)-1-methoxyethyl]-1,3-thiazol-4-yl]-5-methyl-1,2-oxazole",,,
bmse011569,/Users/alfred/Documents/GitHub/DDLS_project/code/get_bmrb_data/bmrb_nmrstar/bmse011569/bmse011569.str,no_1H_data_found,0,,,N-[2-(azepan-1-yl)ethyl]acetamide,,,
bmse011570,/Users/alfred/Documents/GitHub/DDLS_project/code/get_bmrb_data/bmrb_nmrstar/bmse011570/bmse011570.str,no_1H_data_found,0,,,"5-methyl-N-[[(2R)-oxolan-2-yl]methyl]-1,2-thiazole-3-carboxamide",,,
bmse011571,/Users/alfred/Documents/GitHub/DDLS_project/code/get_bmrb_data/bmrb_nmrstar/bmse011571/bmse011571.str,no_1H_data_found,0,,,4-[(3-methylphenyl)methyl]morpholine,,,
bmse011572,/Users/alfred/Documents/GitHub/DDLS_project/code/get_bmrb_data/bmrb_nmrstar/bmse011572/bmse011572.str,no_1H_data_found,0,,,"3-[(3,5-dimethyl-1,2-oxazol-4-yl)methyl]-5-methyl-1,3,4-thiadiazol-2-one",,,
bmse011573,/Users/alfred/Documents/GitHub/DDLS_project/code/get_bmrb_data/bmrb_nmrstar/bmse011573/bmse011573.str,no_1H_data_found,0,,,(1-propan-2-ylpiperidin-3-yl)methanol,,,
bmse011574,/Users/alfred/Documents/GitHub/DDLS_project/code/get_bmrb_data/bmrb_nmrstar/bmse011574/bmse011574.str,no_1H_data_found,0,,,"2-(2,2-dimethylpyrrolidin-1-yl)ethanamine",,,
bmse011575,/Users/alfred/Documents/GitHub/DDLS_project/code/get_bmrb_data/bmrb_nmrstar/bmse011575/bmse011575.str,no_1H_data_found,0,,,"3-cyclopropyl-5-(piperidin-4-ylmethyl)-1,2,4-oxadiazole",,,
bmse011576,/Users/alfred/Documents/GitHub/DDLS_project/code/get_bmrb_data/bmrb_nmrstar/bmse011576/bmse011576.str,no_1H_data_found,0,,,2-cyclohexyl-N-methylethanamine,,,
bmse011577,/Users/alfred/Documents/GitHub/DDLS_project/code/get_bmrb_data/bmrb_nmrstar/bmse011577/bmse011577.str,no_1H_data_found,0,,,5-chloro-4-(1-methylpyrazol-4-yl)oxypyrimidine,,,
bmse011578,/Users/alfred/Documents/GitHub/DDLS_project/code/get_bmrb_data/bmrb_nmrstar/bmse011578/bmse011578.str,no_1H_data_found,0,,,"1-[(2R)-2-methyl-3,4-dihydro-2H-quinolin-1-yl]ethanone",,,
bmse011579,/Users/alfred/Documents/GitHub/DDLS_project/code/get_bmrb_data/bmrb_nmrstar/bmse011579/bmse011579.str,no_1H_data_found,0,,,1-(3-chlorophenyl)-N-methylmethanamine,,,
bmse011580,/Users/alfred/Documents/GitHub/DDLS_project/code/get_bmrb_data/bmrb_nmrstar/bmse011580/bmse011580.str,no_1H_data_found,0,,,N-(2-thiophen-2-ylethyl)cyclohexanecarboxamide,,,
bmse011581,/Users/alfred/Documents/GitHub/DDLS_project/code/get_bmrb_data/bmrb_nmrstar/bmse011581/bmse011581.str,no_1H_data_found,0,,,2-methoxy-N-[(4-methylphenyl)methyl]acetamide,,,
bmse011582,/Users/alfred/Documents/GitHub/DDLS_project/code/get_bmrb_data/bmrb_nmrstar/bmse011582/bmse011582.str,no_1H_data_found,0,,,2-methoxy-N-(phenylmethyl)acetamide,,,
bmse011583,/Users/alfred/Documents/GitHub/DDLS_project/code/get_bmrb_data/bmrb_nmrstar/bmse011583/bmse011583.str,no_1H_data_found,0,,,"3-(4-fluorophenyl)-N,5-dimethyl-1,2-oxazole-4-carboxamide",,,
bmse011584,/Users/alfred/Documents/GitHub/DDLS_project/code/get_bmrb_data/bmrb_nmrstar/bmse011584/bmse011584.str,no_1H_data_found,0,,,[2-(trifluoromethoxy)phenyl]methanamine,,,
bmse011585,/Users/alfred/Documents/GitHub/DDLS_project/code/get_bmrb_data/bmrb_nmrstar/bmse011585/bmse011585.str,no_1H_data_found,0,,,2-methoxy-N-phenylacetamide,,,
bmse011586,/Users/alfred/Documents/GitHub/DDLS_project/code/get_bmrb_data/bmrb_nmrstar/bmse011586/bmse011586.str,no_1H_data_found,0,,,N-propan-2-ylquinoline-2-carboxamide,,,
bmse011587,/Users/alfred/Documents/GitHub/DDLS_project/code/get_bmrb_data/bmrb_nmrstar/bmse011587/bmse011587.str,no_1H_data_found,0,,,N-[(4-fluorophenyl)methyl]-4-methoxyaniline,,,
bmse011588,/Users/alfred/Documents/GitHub/DDLS_project/code/get_bmrb_data/bmrb_nmrstar/bmse011588/bmse011588.str,no_1H_data_found,0,,,N-propan-2-yl-1H-benzimidazol-2-amine,,,
bmse011589,/Users/alfred/Documents/GitHub/DDLS_project/code/get_bmrb_data/bmrb_nmrstar/bmse011589/bmse011589.str,no_1H_data_found,0,,,"N-(1,3-thiazol-5-ylmethyl)acetamide",,,
bmse011590,/Users/alfred/Documents/GitHub/DDLS_project/code/get_bmrb_data/bmrb_nmrstar/bmse011590/bmse011590.str,no_1H_data_found,0,,,3-fluoro-N-(oxan-4-ylmethyl)pyridin-2-amine,,,
bmse011591,/Users/alfred/Documents/GitHub/DDLS_project/code/get_bmrb_data/bmrb_nmrstar/bmse011591/bmse011591.str,no_1H_data_found,0,,,N-propan-2-ylpyrimidin-2-amine,,,
bmse011592,/Users/alfred/Documents/GitHub/DDLS_project/code/get_bmrb_data/bmrb_nmrstar/bmse011592/bmse011592.str,no_1H_data_found,0,,,2-methyl-1-(oxan-4-ylamino)propan-2-ol,,,
bmse011593,/Users/alfred/Documents/GitHub/DDLS_project/code/get_bmrb_data/bmrb_nmrstar/bmse011593/bmse011593.str,no_1H_data_found,0,,,"N,N,2,3-tetramethylbenzamide",,,
bmse011594,/Users/alfred/Documents/GitHub/DDLS_project/code/get_bmrb_data/bmrb_nmrstar/bmse011594/bmse011594.str,no_1H_data_found,0,,,(2S)-2-(methoxymethyl)-4-pyridin-2-ylmorpholine,,,
bmse011595,/Users/alfred/Documents/GitHub/DDLS_project/code/get_bmrb_data/bmrb_nmrstar/bmse011595/bmse011595.str,no_1H_data_found,0,,,"N,N-diethyl-3-methyl-1,2-oxazole-5-carboxamide",,,
bmse011596,/Users/alfred/Documents/GitHub/DDLS_project/code/get_bmrb_data/bmrb_nmrstar/bmse011596/bmse011596.str,no_1H_data_found,0,,,(2S)-2-amino-3-methyl-1-morpholin-4-ylbutan-1-one,,,
bmse011597,/Users/alfred/Documents/GitHub/DDLS_project/code/get_bmrb_data/bmrb_nmrstar/bmse011597/bmse011597.str,no_1H_data_found,0,,,N-[(1R)-1-cyclopropylethyl]-6-methylpyridine-2-carboxamide,,,
bmse011598,/Users/alfred/Documents/GitHub/DDLS_project/code/get_bmrb_data/bmrb_nmrstar/bmse011598/bmse011598.str,no_1H_data_found,0,,,N-methyl-N-pyridin-3-ylacetamide,,,
bmse011599,/Users/alfred/Documents/GitHub/DDLS_project/code/get_bmrb_data/bmrb_nmrstar/bmse011599/bmse011599.str,no_1H_data_found,0,,,"1,5-dimethyl-N-propan-2-ylpyrazole-3-carboxamide",,,
bmse011600,/Users/alfred/Documents/GitHub/DDLS_project/code/get_bmrb_data/bmrb_nmrstar/bmse011600/bmse011600.str,no_1H_data_found,0,,,N-[[(3R)-oxolan-3-yl]methyl]cyclopropanamine,,,
bmse011601,/Users/alfred/Documents/GitHub/DDLS_project/code/get_bmrb_data/bmrb_nmrstar/bmse011601/bmse011601.str,no_1H_data_found,0,,,2-methyl-1-(4-propan-2-ylpiperazin-1-yl)propan-1-one,,,
bmse011602,/Users/alfred/Documents/GitHub/DDLS_project/code/get_bmrb_data/bmrb_nmrstar/bmse011602/bmse011602.str,no_1H_data_found,0,,,"1-(2-ethyl-1,3-thiazol-5-yl)-N-methylmethanamine",,,
bmse011603,/Users/alfred/Documents/GitHub/DDLS_project/code/get_bmrb_data/bmrb_nmrstar/bmse011603/bmse011603.str,no_1H_data_found,0,,,"2-(1,4-diazepan-1-yl)-N-propan-2-ylacetamide",,,
bmse011604,/Users/alfred/Documents/GitHub/DDLS_project/code/get_bmrb_data/bmrb_nmrstar/bmse011604/bmse011604.str,no_1H_data_found,0,,,2-methyl-N-(piperidin-3-ylmethyl)propanamide,,,
bmse011605,/Users/alfred/Documents/GitHub/DDLS_project/code/get_bmrb_data/bmrb_nmrstar/bmse011605/bmse011605.str,no_1H_data_found,0,,,N-ethyl-1-pyridin-4-ylpiperidin-4-amine,,,
bmse011606,/Users/alfred/Documents/GitHub/DDLS_project/code/get_bmrb_data/bmrb_nmrstar/bmse011606/bmse011606.str,no_1H_data_found,0,,,2-[(2S)-2-methylpiperidin-1-yl]ethanamine,,,
bmse011607,/Users/alfred/Documents/GitHub/DDLS_project/code/get_bmrb_data/bmrb_nmrstar/bmse011607/bmse011607.str,no_1H_data_found,0,,,N-[(1-methyltriazol-4-yl)methyl]ethanamine,,,
bmse011608,/Users/alfred/Documents/GitHub/DDLS_project/code/get_bmrb_data/bmrb_nmrstar/bmse011608/bmse011608.str,no_1H_data_found,0,,,"(5R)-N,N-dimethyl-2,9-dioxa-6-azaspiro[4.5]decane-6-carboxamide",,,
bmse011609,/Users/alfred/Documents/GitHub/DDLS_project/code/get_bmrb_data/bmrb_nmrstar/bmse011609/bmse011609.str,no_1H_data_found,0,,,2-methyl-1-pyrrolidin-1-ylpropan-2-amine,,,
bmse011610,/Users/alfred/Documents/GitHub/DDLS_project/code/get_bmrb_data/bmrb_nmrstar/bmse011610/bmse011610.str,no_1H_data_found,0,,,"1-(1,2-oxazol-3-ylmethyl)piperazine",,,
bmse011611,/Users/alfred/Documents/GitHub/DDLS_project/code/get_bmrb_data/bmrb_nmrstar/bmse011611/bmse011611.str,no_1H_data_found,0,,,"5-(1,4-diazepan-1-yl)-3-methyl-1,2,4-thiadiazole",,,
bmse011612,/Users/alfred/Documents/GitHub/DDLS_project/code/get_bmrb_data/bmrb_nmrstar/bmse011612/bmse011612.str,no_1H_data_found,0,,,"(3R,4S)-3-methyl-1-methylsulfonylpiperidin-4-amine",,,
bmse011613,/Users/alfred/Documents/GitHub/DDLS_project/code/get_bmrb_data/bmrb_nmrstar/bmse011613/bmse011613.str,no_1H_data_found,0,,,(2-methylpiperidin-1-yl)-pyrazin-2-ylmethanone,,,
bmse011614,/Users/alfred/Documents/GitHub/DDLS_project/code/get_bmrb_data/bmrb_nmrstar/bmse011614/bmse011614.str,no_1H_data_found,0,,,"5-fluoro-1-(1-methylcyclopropyl)sulfonyl-3,6-dihydro-2H-pyridine",,,
bmse011615,/Users/alfred/Documents/GitHub/DDLS_project/code/get_bmrb_data/bmrb_nmrstar/bmse011615/bmse011615.str,no_1H_data_found,0,,,1-(5-azaspiro[2.5]octan-5-yl)-2-(difluoromethoxy)ethanone,,,
bmse011616,/Users/alfred/Documents/GitHub/DDLS_project/code/get_bmrb_data/bmrb_nmrstar/bmse011616/bmse011616.str,no_1H_data_found,0,,,(2S)-2-[(3-fluoropyridin-2-yl)-methylamino]propan-1-ol,,,
bmse011617,/Users/alfred/Documents/GitHub/DDLS_project/code/get_bmrb_data/bmrb_nmrstar/bmse011617/bmse011617.str,no_1H_data_found,0,,,"2-[(5-fluoro-3,6-dihydro-2H-pyridin-1-yl)methyl]-5-methyl-1,3,4-thiadiazole",,,
bmse011618,/Users/alfred/Documents/GitHub/DDLS_project/code/get_bmrb_data/bmrb_nmrstar/bmse011618/bmse011618.str,no_1H_data_found,0,,,methyl 2-(cyclohexanecarbonylamino)acetate,,,
bmse011619,/Users/alfred/Documents/GitHub/DDLS_project/code/get_bmrb_data/bmrb_nmrstar/bmse011619/bmse011619.str,no_1H_data_found,0,,,1-[(2S)-2-(hydroxymethyl)morpholin-4-yl]ethanone,,,
bmse011620,/Users/alfred/Documents/GitHub/DDLS_project/code/get_bmrb_data/bmrb_nmrstar/bmse011620/bmse011620.str,no_1H_data_found,0,,,"(3R)-1-(3-fluoropyridin-2-yl)-4,4-dimethylpyrrolidin-3-ol",,,
bmse011621,/Users/alfred/Documents/GitHub/DDLS_project/code/get_bmrb_data/bmrb_nmrstar/bmse011621/bmse011621.str,no_1H_data_found,0,,,"5-fluoro-N-[(2-methyl-1,3-thiazol-5-yl)methyl]pyridin-3-amine",,,
bmse011622,/Users/alfred/Documents/GitHub/DDLS_project/code/get_bmrb_data/bmrb_nmrstar/bmse011622/bmse011622.str,no_1H_data_found,0,,,"(5-fluoro-3,6-dihydro-2H-pyridin-1-yl)-[(2R,5R)-5-methyloxolan-2-yl]methanone",,,
bmse011623,/Users/alfred/Documents/GitHub/DDLS_project/code/get_bmrb_data/bmrb_nmrstar/bmse011623/bmse011623.str,no_1H_data_found,0,,,"1-(1,3-dihydroxy-2-methylpropan-2-yl)-3-phenylurea",,,
bmse011624,/Users/alfred/Documents/GitHub/DDLS_project/code/get_bmrb_data/bmrb_nmrstar/bmse011624/bmse011624.str,no_1H_data_found,0,,,2-amino-N-(4-methoxyphenyl)acetamide,,,
bmse011625,/Users/alfred/Documents/GitHub/DDLS_project/code/get_bmrb_data/bmrb_nmrstar/bmse011625/bmse011625.str,no_1H_data_found,0,,,"4-(3,4-dihydro-1H-isoquinolin-2-ylmethyl)phenol",,,
bmse011626,/Users/alfred/Documents/GitHub/DDLS_project/code/get_bmrb_data/bmrb_nmrstar/bmse011626/bmse011626.str,no_1H_data_found,0,,,N-[(1-ethylpyrazol-4-yl)methyl]pyridine-3-carboxamide,,,
bmse011627,/Users/alfred/Documents/GitHub/DDLS_project/code/get_bmrb_data/bmrb_nmrstar/bmse011627/bmse011627.str,no_1H_data_found,0,,,5-ethyl-N-[(1-methylpyrazol-4-yl)methyl]thiophene-2-carboxamide,,,
bmse011628,/Users/alfred/Documents/GitHub/DDLS_project/code/get_bmrb_data/bmrb_nmrstar/bmse011628/bmse011628.str,no_1H_data_found,0,,,1-[(4-chlorophenyl)methyl]pyrrolidin-3-ol,,,
bmse011629,/Users/alfred/Documents/GitHub/DDLS_project/code/get_bmrb_data/bmrb_nmrstar/bmse011629/bmse011629.str,no_1H_data_found,0,,,N-(2-phenylethyl)-1H-benzimidazol-2-amine,,,
bmse011630,/Users/alfred/Documents/GitHub/DDLS_project/code/get_bmrb_data/bmrb_nmrstar/bmse011630/bmse011630.str,no_1H_data_found,0,,,"2-imidazol-1-ylethyl N,N-dimethylcarbamate",,,
bmse011631,/Users/alfred/Documents/GitHub/DDLS_project/code/get_bmrb_data/bmrb_nmrstar/bmse011631/bmse011631.str,no_1H_data_found,0,,,1-[4-(1H-indol-3-yl)piperidin-1-yl]ethanone,,,
bmse011632,/Users/alfred/Documents/GitHub/DDLS_project/code/get_bmrb_data/bmrb_nmrstar/bmse011632/bmse011632.str,no_1H_data_found,0,,,ethyl N-(phenylmethyl)carbamate,,,
bmse011633,/Users/alfred/Documents/GitHub/DDLS_project/code/get_bmrb_data/bmrb_nmrstar/bmse011633/bmse011633.str,no_1H_data_found,0,,,"1-(2,4-difluorophenyl)-3-(1,2,4-triazol-4-yl)urea",,,
bmse011634,/Users/alfred/Documents/GitHub/DDLS_project/code/get_bmrb_data/bmrb_nmrstar/bmse011634/bmse011634.str,no_1H_data_found,0,,,"1-(cyclopropylmethyl)-3-(2,3-dihydro-1-benzofuran-5-yl)urea",,,
bmse011635,/Users/alfred/Documents/GitHub/DDLS_project/code/get_bmrb_data/bmrb_nmrstar/bmse011635/bmse011635.str,no_1H_data_found,0,,,(3S)-1-acetyl-3-hydroxypiperidine-3-carboxylic acid,,,
bmse011636,/Users/alfred/Documents/GitHub/DDLS_project/code/get_bmrb_data/bmrb_nmrstar/bmse011636/bmse011636.str,no_1H_data_found,0,,,N-(oxolan-2-ylmethyl)morpholine-4-carboxamide,,,
bmse011637,/Users/alfred/Documents/GitHub/DDLS_project/code/get_bmrb_data/bmrb_nmrstar/bmse011637/bmse011637.str,no_1H_data_found,0,,,"3-(1,2-oxazole-5-carbonylamino)benzoic acid",,,
bmse011638,/Users/alfred/Documents/GitHub/DDLS_project/code/get_bmrb_data/bmrb_nmrstar/bmse011638/bmse011638.str,no_1H_data_found,0,,,N-(2-amino-2-oxoethyl)-4-methoxybenzamide,,,
bmse011639,/Users/alfred/Documents/GitHub/DDLS_project/code/get_bmrb_data/bmrb_nmrstar/bmse011639/bmse011639.str,no_1H_data_found,0,,,"5-(cyclohexylamino)-1H-pyrimidine-2,4-dione",,,
bmse011640,/Users/alfred/Documents/GitHub/DDLS_project/code/get_bmrb_data/bmrb_nmrstar/bmse011640/bmse011640.str,no_1H_data_found,0,,,"4-(furan-2-ylmethyl)-1,4-thiazinane 1,1-dioxide",,,
bmse011641,/Users/alfred/Documents/GitHub/DDLS_project/code/get_bmrb_data/bmrb_nmrstar/bmse011641/bmse011641.str,no_1H_data_found,0,,,4-ethyl-N-[[(2R)-oxolan-2-yl]methyl]cyclohexan-1-amine,,,
bmse011642,/Users/alfred/Documents/GitHub/DDLS_project/code/get_bmrb_data/bmrb_nmrstar/bmse011642/bmse011642.str,no_1H_data_found,0,,,ethyl furan-3-carboxylate,,,
bmse011643,/Users/alfred/Documents/GitHub/DDLS_project/code/get_bmrb_data/bmrb_nmrstar/bmse011643/bmse011643.str,no_1H_data_found,0,,,"5-methyl-3-phenyl-1,2,4-oxadiazole",,,
bmse011644,/Users/alfred/Documents/GitHub/DDLS_project/code/get_bmrb_data/bmrb_nmrstar/bmse011644/bmse011644.str,no_1H_data_found,0,,,"ethyl 2,4-difluorobenzoate",,,
bmse011645,/Users/alfred/Documents/GitHub/DDLS_project/code/get_bmrb_data/bmrb_nmrstar/bmse011645/bmse011645.str,no_1H_data_found,0,,,ethyl N-(3-chlorophenyl)carbamate,,,
bmse011646,/Users/alfred/Documents/GitHub/DDLS_project/code/get_bmrb_data/bmrb_nmrstar/bmse011646/bmse011646.str,no_1H_data_found,0,,,"3-piperidin-1-yl-5-thiophen-2-yl-1,2,4-oxadiazole",,,
bmse011647,/Users/alfred/Documents/GitHub/DDLS_project/code/get_bmrb_data/bmrb_nmrstar/bmse011647/bmse011647.str,no_1H_data_found,0,,,4-(2-phenylsulfanylethyl)morpholine,,,
bmse011648,/Users/alfred/Documents/GitHub/DDLS_project/code/get_bmrb_data/bmrb_nmrstar/bmse011648/bmse011648.str,no_1H_data_found,0,,,1-[4-(2-methoxyethylamino)piperidin-1-yl]ethanone,,,
bmse011649,/Users/alfred/Documents/GitHub/DDLS_project/code/get_bmrb_data/bmrb_nmrstar/bmse011649/bmse011649.str,no_1H_data_found,0,,,"methyl 2-[(5-methyl1,2-oxazole-3-carbonyl)amino]acetate",,,
bmse011650,/Users/alfred/Documents/GitHub/DDLS_project/code/get_bmrb_data/bmrb_nmrstar/bmse011650/bmse011650.str,no_1H_data_found,0,,,"N-[[3-(4-methylphenyl)-1,2,4-oxadiazol-5-yl]methyl]propan-2-amine",,,
bmse011651,/Users/alfred/Documents/GitHub/DDLS_project/code/get_bmrb_data/bmrb_nmrstar/bmse011651/bmse011651.str,no_1H_data_found,0,,,N-(3-chloro-2-methylphenyl)oxolane-2-carboxamide,,,
bmse011652,/Users/alfred/Documents/GitHub/DDLS_project/code/get_bmrb_data/bmrb_nmrstar/bmse011652/bmse011652.str,no_1H_data_found,0,,,2-(4-ethylphenoxy)-1-piperidin-1-ylethanone,,,
bmse011653,/Users/alfred/Documents/GitHub/DDLS_project/code/get_bmrb_data/bmrb_nmrstar/bmse011653/bmse011653.str,no_1H_data_found,0,,,4-[[(4-fluorophenyl)methylamino]methyl]benzonitrile,,,
bmse011654,/Users/alfred/Documents/GitHub/DDLS_project/code/get_bmrb_data/bmrb_nmrstar/bmse011654/bmse011654.str,no_1H_data_found,0,,,(4-tert-butylpiperidin-1-yl)-phenylmethanone,,,
bmse011655,/Users/alfred/Documents/GitHub/DDLS_project/code/get_bmrb_data/bmrb_nmrstar/bmse011655/bmse011655.str,no_1H_data_found,0,,,N-(2-phenylethyl)methanesulfonamide,,,
bmse011656,/Users/alfred/Documents/GitHub/DDLS_project/code/get_bmrb_data/bmrb_nmrstar/bmse011656/bmse011656.str,no_1H_data_found,0,,,cyclopropyl-[4-(4-fluorophenyl)piperazin-1-yl]methanone,,,
bmse011657,/Users/alfred/Documents/GitHub/DDLS_project/code/get_bmrb_data/bmrb_nmrstar/bmse011657/bmse011657.str,no_1H_data_found,0,,,1-[4-(2-phenylethylamino)piperidin-1-yl]ethanone,,,
bmse011658,/Users/alfred/Documents/GitHub/DDLS_project/code/get_bmrb_data/bmrb_nmrstar/bmse011658/bmse011658.str,no_1H_data_found,0,,,2-(4-methylphenoxy)-1-(4-methylpiperazin-1-yl)ethanone,,,
bmse011659,/Users/alfred/Documents/GitHub/DDLS_project/code/get_bmrb_data/bmrb_nmrstar/bmse011659/bmse011659.str,no_1H_data_found,0,,,"2-(4-methoxyphenyl)-N-(1,3,4-thiadiazol-2-yl)acetamide",,,
bmse011660,/Users/alfred/Documents/GitHub/DDLS_project/code/get_bmrb_data/bmrb_nmrstar/bmse011660/bmse011660.str,no_1H_data_found,0,,,2-methyl-1-[4-(phenylmethyl)piperidin-1-yl]propan-1-one,,,
bmse011661,/Users/alfred/Documents/GitHub/DDLS_project/code/get_bmrb_data/bmrb_nmrstar/bmse011661/bmse011661.str,no_1H_data_found,0,,,1-acetylpiperidine-4-carbonitrile,,,
bmse011662,/Users/alfred/Documents/GitHub/DDLS_project/code/get_bmrb_data/bmrb_nmrstar/bmse011662/bmse011662.str,no_1H_data_found,0,,,"(3,4-difluorophenyl)-(4-methylpiperazin-1-yl)methanone",,,
bmse011663,/Users/alfred/Documents/GitHub/DDLS_project/code/get_bmrb_data/bmrb_nmrstar/bmse011663/bmse011663.str,no_1H_data_found,0,,,1-[4-(3-phenylpropyl)piperazin-1-yl]ethanone,,,
bmse011664,/Users/alfred/Documents/GitHub/DDLS_project/code/get_bmrb_data/bmrb_nmrstar/bmse011664/bmse011664.str,no_1H_data_found,0,,,1-(4-methylpiperidin-1-yl)-4-phenylbutan-1-one,,,
bmse011665,/Users/alfred/Documents/GitHub/DDLS_project/code/get_bmrb_data/bmrb_nmrstar/bmse011665/bmse011665.str,no_1H_data_found,0,,,N-(2-chloropyridin-3-yl)butanamide,,,
bmse011666,/Users/alfred/Documents/GitHub/DDLS_project/code/get_bmrb_data/bmrb_nmrstar/bmse011666/bmse011666.str,no_1H_data_found,0,,,(1-pyrimidin-2-ylpiperidin-4-yl)methanol,,,
bmse011667,/Users/alfred/Documents/GitHub/DDLS_project/code/get_bmrb_data/bmrb_nmrstar/bmse011667/bmse011667.str,no_1H_data_found,0,,,N-methyl-N-(2-pyridin-2-ylethyl)benzamide,,,
bmse011668,/Users/alfred/Documents/GitHub/DDLS_project/code/get_bmrb_data/bmrb_nmrstar/bmse011668/bmse011668.str,no_1H_data_found,0,,,[4-(2-methylpropoxy)phenyl]-pyrrolidin-1-ylmethanone,,,
bmse011669,/Users/alfred/Documents/GitHub/DDLS_project/code/get_bmrb_data/bmrb_nmrstar/bmse011669/bmse011669.str,no_1H_data_found,0,,,N-[2-(4-hydroxyphenyl)ethyl]pyridine-2-carboxamide,,,
bmse011670,/Users/alfred/Documents/GitHub/DDLS_project/code/get_bmrb_data/bmrb_nmrstar/bmse011670/bmse011670.str,no_1H_data_found,0,,,"N-(1,3-benzodioxol-5-ylmethyl)ethanesulfonamide",,,
bmse011671,/Users/alfred/Documents/GitHub/DDLS_project/code/get_bmrb_data/bmrb_nmrstar/bmse011671/bmse011671.str,no_1H_data_found,0,,,N-cyclohexyl-4-ethylpiperazine-1-carboxamide,,,
bmse011672,/Users/alfred/Documents/GitHub/DDLS_project/code/get_bmrb_data/bmrb_nmrstar/bmse011672/bmse011672.str,no_1H_data_found,0,,,1-ethyl-N-(2-fluorophenyl)piperidin-4-amine,,,
bmse011673,/Users/alfred/Documents/GitHub/DDLS_project/code/get_bmrb_data/bmrb_nmrstar/bmse011673/bmse011673.str,no_1H_data_found,0,,,"N,2-bis(4-fluorophenyl)acetamide",,,
bmse011674,/Users/alfred/Documents/GitHub/DDLS_project/code/get_bmrb_data/bmrb_nmrstar/bmse011674/bmse011674.str,no_1H_data_found,0,,,1-cyclohexyl-3-(furan-2-ylmethyl)urea,,,
bmse011675,/Users/alfred/Documents/GitHub/DDLS_project/code/get_bmrb_data/bmrb_nmrstar/bmse011675/bmse011675.str,no_1H_data_found,0,,,"2-phenyl-N-(1,3-thiazol-2-yl)cyclopropane-1-carboxamide",,,
bmse011676,/Users/alfred/Documents/GitHub/DDLS_project/code/get_bmrb_data/bmrb_nmrstar/bmse011676/bmse011676.str,no_1H_data_found,0,,,"2-cyano-N-(1,3,5-trimethylpyrazol-4-yl)acetamide",,,
bmse011677,/Users/alfred/Documents/GitHub/DDLS_project/code/get_bmrb_data/bmrb_nmrstar/bmse011677/bmse011677.str,no_1H_data_found,0,,,N-(3-fluorophenyl)-2-(phenoxy)acetamide,,,
bmse011678,/Users/alfred/Documents/GitHub/DDLS_project/code/get_bmrb_data/bmrb_nmrstar/bmse011678/bmse011678.str,no_1H_data_found,0,,,"4-[(3,4-dimethoxyphenyl)methyl]morpholine",,,
bmse011679,/Users/alfred/Documents/GitHub/DDLS_project/code/get_bmrb_data/bmrb_nmrstar/bmse011679/bmse011679.str,no_1H_data_found,0,,,"methyl N-(4-methyl-1,3-benzothiazol-2-yl)carbamate",,,
bmse011680,/Users/alfred/Documents/GitHub/DDLS_project/code/get_bmrb_data/bmrb_nmrstar/bmse011680/bmse011680.str,no_1H_data_found,0,,,N-(1H-benzimidazol-2-yl)cyclohexanecarboxamide,,,
bmse011681,/Users/alfred/Documents/GitHub/DDLS_project/code/get_bmrb_data/bmrb_nmrstar/bmse011681/bmse011681.str,no_1H_data_found,0,,,methyl 4-(4-fluorophenyl)piperazine-1-carboxylate,,,
bmse011682,/Users/alfred/Documents/GitHub/DDLS_project/code/get_bmrb_data/bmrb_nmrstar/bmse011682/bmse011682.str,no_1H_data_found,0,,,"N-tert-butylpiperidine-1,4-dicarboxamide",,,
bmse011683,/Users/alfred/Documents/GitHub/DDLS_project/code/get_bmrb_data/bmrb_nmrstar/bmse011683/bmse011683.str,no_1H_data_found,0,,,2-methyl-N-(thiophen-2-ylmethyl)pyrazole-3-carboxamide,,,
bmse011684,/Users/alfred/Documents/GitHub/DDLS_project/code/get_bmrb_data/bmrb_nmrstar/bmse011684/bmse011684.str,no_1H_data_found,0,,,N-[3-(carbamoylamino)phenyl]acetamide,,,
bmse011685,/Users/alfred/Documents/GitHub/DDLS_project/code/get_bmrb_data/bmrb_nmrstar/bmse011685/bmse011685.str,no_1H_data_found,0,,,"N-(5-tert-butyl-1,2-oxazol-3-yl)-2-methylfuran-3-carboxamide",,,
bmse011686,/Users/alfred/Documents/GitHub/DDLS_project/code/get_bmrb_data/bmrb_nmrstar/bmse011686/bmse011686.str,no_1H_data_found,0,,,4-chloro-N-cyclopentyl-1-methylpyrazole-3-carboxamide,,,
bmse011687,/Users/alfred/Documents/GitHub/DDLS_project/code/get_bmrb_data/bmrb_nmrstar/bmse011687/bmse011687.str,no_1H_data_found,0,,,N-(4-phenylphenyl)methanesulfonamide,,,
bmse011688,/Users/alfred/Documents/GitHub/DDLS_project/code/get_bmrb_data/bmrb_nmrstar/bmse011688/bmse011688.str,no_1H_data_found,0,,,"N-(2,2-dimethylpropyl)-5-propan-2-yl-1,3,4-thiadiazol-2-amine",,,
bmse011689,/Users/alfred/Documents/GitHub/DDLS_project/code/get_bmrb_data/bmrb_nmrstar/bmse011689/bmse011689.str,no_1H_data_found,0,,,1-(3-fluorophenyl)-N-(furan-2-ylmethyl)methanamine,,,
bmse011690,/Users/alfred/Documents/GitHub/DDLS_project/code/get_bmrb_data/bmrb_nmrstar/bmse011690/bmse011690.str,no_1H_data_found,0,,,4-(furan-2-carbonyl)piperazine-1-carboxamide,,,
bmse011691,/Users/alfred/Documents/GitHub/DDLS_project/code/get_bmrb_data/bmrb_nmrstar/bmse011691/bmse011691.str,no_1H_data_found,0,,,3-oxo-3-[4-(phenylmethyl)piperidin-1-yl]propanenitrile,,,
bmse011692,/Users/alfred/Documents/GitHub/DDLS_project/code/get_bmrb_data/bmrb_nmrstar/bmse011692/bmse011692.str,no_1H_data_found,0,,,"3-(4-chlorophenyl)-5-ethyl-1,2,4-oxadiazole",,,
bmse011693,/Users/alfred/Documents/GitHub/DDLS_project/code/get_bmrb_data/bmrb_nmrstar/bmse011693/bmse011693.str,no_1H_data_found,0,,,4-(4-fluorophenyl)piperazine-1-carboxamide,,,
bmse011694,/Users/alfred/Documents/GitHub/DDLS_project/code/get_bmrb_data/bmrb_nmrstar/bmse011694/bmse011694.str,no_1H_data_found,0,,,"N-(2,1,3-benzoxadiazol-7-yl)acetamide",,,
bmse011695,/Users/alfred/Documents/GitHub/DDLS_project/code/get_bmrb_data/bmrb_nmrstar/bmse011695/bmse011695.str,no_1H_data_found,0,,,3-methyl-N-[(4-methylphenyl)methyl]thiophene-2-carboxamide,,,
bmse011696,/Users/alfred/Documents/GitHub/DDLS_project/code/get_bmrb_data/bmrb_nmrstar/bmse011696/bmse011696.str,no_1H_data_found,0,,,N-cyclohexyl-2-phenylsulfanylacetamide,,,
bmse011697,/Users/alfred/Documents/GitHub/DDLS_project/code/get_bmrb_data/bmrb_nmrstar/bmse011697/bmse011697.str,no_1H_data_found,0,,,N-(2-methyltetrazol-5-yl)-1-benzofuran-2-carboxamide,,,
bmse011698,/Users/alfred/Documents/GitHub/DDLS_project/code/get_bmrb_data/bmrb_nmrstar/bmse011698/bmse011698.str,no_1H_data_found,0,,,"N-(2-oxo-1,3-dihydrobenzimidazol-5-yl)furan-2-carboxamide",,,
bmse011699,/Users/alfred/Documents/GitHub/DDLS_project/code/get_bmrb_data/bmrb_nmrstar/bmse011699/bmse011699.str,no_1H_data_found,0,,,1-ethyl-N-[(4-fluorophenyl)methyl]pyrazole-4-carboxamide,,,
bmse011700,/Users/alfred/Documents/GitHub/DDLS_project/code/get_bmrb_data/bmrb_nmrstar/bmse011700/bmse011700.str,no_1H_data_found,0,,,2-methyl-2-[(3-methylthiophen-2-yl)methylamino]propan-1-ol,,,
bmse011701,/Users/alfred/Documents/GitHub/DDLS_project/code/get_bmrb_data/bmrb_nmrstar/bmse011701/bmse011701.str,no_1H_data_found,0,,,2-(phenoxy)-1-pyrrolidin-1-ylethanone,,,
bmse011702,/Users/alfred/Documents/GitHub/DDLS_project/code/get_bmrb_data/bmrb_nmrstar/bmse011702/bmse011702.str,no_1H_data_found,0,,,(4-propan-2-ylpiperazin-1-yl)-thiophen-2-ylmethanone,,,
bmse011703,/Users/alfred/Documents/GitHub/DDLS_project/code/get_bmrb_data/bmrb_nmrstar/bmse011703/bmse011703.str,no_1H_data_found,0,,,"N-(1,3-benzodioxol-5-ylmethyl)-3-methylbutanamide",,,
bmse011704,/Users/alfred/Documents/GitHub/DDLS_project/code/get_bmrb_data/bmrb_nmrstar/bmse011704/bmse011704.str,no_1H_data_found,0,,,"N,N,4-trimethylpiperazine-1-sulfonamide",,,
bmse011705,/Users/alfred/Documents/GitHub/DDLS_project/code/get_bmrb_data/bmrb_nmrstar/bmse011705/bmse011705.str,no_1H_data_found,0,,,"2-[(5-methyl-1H-imidazol-4-yl)methyl]-3,4-dihydro-1H-isoquinoline",,,
bmse011706,/Users/alfred/Documents/GitHub/DDLS_project/code/get_bmrb_data/bmrb_nmrstar/bmse011706/bmse011706.str,no_1H_data_found,0,,,methyl N-(5-methyl-1-phenylpyrazol-3-yl)carbamate,,,
bmse011707,/Users/alfred/Documents/GitHub/DDLS_project/code/get_bmrb_data/bmrb_nmrstar/bmse011707/bmse011707.str,no_1H_data_found,0,,,3-(thiomorpholin-4-ylmethyl)phenol,,,
bmse011708,/Users/alfred/Documents/GitHub/DDLS_project/code/get_bmrb_data/bmrb_nmrstar/bmse011708/bmse011708.str,no_1H_data_found,0,,,"ethyl 4-methyl-2-pyrazin-2-yl-1,3-thiazole-5-carboxylate",,,
bmse011709,/Users/alfred/Documents/GitHub/DDLS_project/code/get_bmrb_data/bmrb_nmrstar/bmse011709/bmse011709.str,no_1H_data_found,0,,,"2-(3,4-dihydro-1H-isoquinolin-2-ylmethyl)phenol",,,
bmse011710,/Users/alfred/Documents/GitHub/DDLS_project/code/get_bmrb_data/bmrb_nmrstar/bmse011710/bmse011710.str,no_1H_data_found,0,,,methyl 3-(methanesulfonamido)benzoate,,,
bmse011711,/Users/alfred/Documents/GitHub/DDLS_project/code/get_bmrb_data/bmrb_nmrstar/bmse011711/bmse011711.str,no_1H_data_found,0,,,1-(6-methoxypyridin-3-yl)-3-thiophen-2-ylurea,,,
bmse011712,/Users/alfred/Documents/GitHub/DDLS_project/code/get_bmrb_data/bmrb_nmrstar/bmse011712/bmse011712.str,no_1H_data_found,0,,,"3-ethyl-5-methyl-N-(5-methyl-1,2-oxazol-3-yl)-1,2-oxazole-4-carboxamide",,,
bmse011713,/Users/alfred/Documents/GitHub/DDLS_project/code/get_bmrb_data/bmrb_nmrstar/bmse011713/bmse011713.str,no_1H_data_found,0,,,1-(4-methoxyphenyl)-3-pyridin-4-ylurea,,,
bmse011714,/Users/alfred/Documents/GitHub/DDLS_project/code/get_bmrb_data/bmrb_nmrstar/bmse011714/bmse011714.str,no_1H_data_found,0,,,"2-chloro-N-(1H-1,2,4-triazol-5-yl)pyridine-3-carboxamide",,,
bmse011715,/Users/alfred/Documents/GitHub/DDLS_project/code/get_bmrb_data/bmrb_nmrstar/bmse011715/bmse011715.str,no_1H_data_found,0,,,N-[(4-methoxyphenyl)methyl]cyclopentanamine,,,
bmse011716,/Users/alfred/Documents/GitHub/DDLS_project/code/get_bmrb_data/bmrb_nmrstar/bmse011716/bmse011716.str,no_1H_data_found,0,,,"1-(4-chlorophenyl)-3-(1,2,4-triazol-4-yl)urea",,,
bmse011717,/Users/alfred/Documents/GitHub/DDLS_project/code/get_bmrb_data/bmrb_nmrstar/bmse011717/bmse011717.str,no_1H_data_found,0,,,"3-cyclohexyl-N-(5-methyl-1,2-oxazol-3-yl)propanamide",,,
bmse011718,/Users/alfred/Documents/GitHub/DDLS_project/code/get_bmrb_data/bmrb_nmrstar/bmse011718/bmse011718.str,no_1H_data_found,0,,,4-ethoxy-N-phenylbenzamide,,,
bmse011719,/Users/alfred/Documents/GitHub/DDLS_project/code/get_bmrb_data/bmrb_nmrstar/bmse011719/bmse011719.str,no_1H_data_found,0,,,"3-chloro-N-(1,2-oxazol-3-yl)benzamide",,,
bmse011720,/Users/alfred/Documents/GitHub/DDLS_project/code/get_bmrb_data/bmrb_nmrstar/bmse011720/bmse011720.str,no_1H_data_found,0,,,3-[(4-methylpiperidin-1-yl)methyl]-1H-indole,,,
bmse011721,/Users/alfred/Documents/GitHub/DDLS_project/code/get_bmrb_data/bmrb_nmrstar/bmse011721/bmse011721.str,no_1H_data_found,0,,,"3-cyclopropyl-5-[(3S)-pyrrolidin-3-yl]-1,2,4-oxadiazole",,,
bmse011722,/Users/alfred/Documents/GitHub/DDLS_project/code/get_bmrb_data/bmrb_nmrstar/bmse011722/bmse011722.str,no_1H_data_found,0,,,"3-cyclopentyl-N-(5-methyl-1,3-thiazol-2-yl)propanamide",,,
bmse011723,/Users/alfred/Documents/GitHub/DDLS_project/code/get_bmrb_data/bmrb_nmrstar/bmse011723/bmse011723.str,no_1H_data_found,0,,,3-ethoxy-N-(2-methyltetrazol-5-yl)benzamide,,,
bmse011724,/Users/alfred/Documents/GitHub/DDLS_project/code/get_bmrb_data/bmrb_nmrstar/bmse011724/bmse011724.str,no_1H_data_found,0,,,N-[(1-methylpyrazol-4-yl)methyl]furan-2-carboxamide,,,
bmse011725,/Users/alfred/Documents/GitHub/DDLS_project/code/get_bmrb_data/bmrb_nmrstar/bmse011725/bmse011725.str,no_1H_data_found,0,,,"N-(1H-indol-5-yl)-5-methyl-1,2-oxazole-3-carboxamide",,,
bmse011726,/Users/alfred/Documents/GitHub/DDLS_project/code/get_bmrb_data/bmrb_nmrstar/bmse011726/bmse011726.str,no_1H_data_found,0,,,(4-chloro-2-methylpyrazol-3-yl)-piperidin-1-ylmethanone,,,
bmse011727,/Users/alfred/Documents/GitHub/DDLS_project/code/get_bmrb_data/bmrb_nmrstar/bmse011727/bmse011727.str,no_1H_data_found,0,,,N-(furan-2-ylmethyl)-1H-benzimidazol-2-amine,,,
bmse011728,/Users/alfred/Documents/GitHub/DDLS_project/code/get_bmrb_data/bmrb_nmrstar/bmse011728/bmse011728.str,no_1H_data_found,0,,,2-ethyl-N-(2-hydroxyphenyl)butanamide,,,
bmse011729,/Users/alfred/Documents/GitHub/DDLS_project/code/get_bmrb_data/bmrb_nmrstar/bmse011729/bmse011729.str,no_1H_data_found,0,,,N-ethyl-4-methanesulfonamidobenzamide,,,
bmse011730,/Users/alfred/Documents/GitHub/DDLS_project/code/get_bmrb_data/bmrb_nmrstar/bmse011730/bmse011730.str,no_1H_data_found,0,,,ethyl N-(3-carbamoylthiophen-2-yl)carbamate,,,
bmse011731,/Users/alfred/Documents/GitHub/DDLS_project/code/get_bmrb_data/bmrb_nmrstar/bmse011731/bmse011731.str,no_1H_data_found,0,,,"1-(2-methoxy-5-methylphenyl)-3-(1,2,4-triazol-4-yl)urea",,,
bmse011732,/Users/alfred/Documents/GitHub/DDLS_project/code/get_bmrb_data/bmrb_nmrstar/bmse011732/bmse011732.str,no_1H_data_found,0,,,4-fluoro-N-(2-methyltetrazol-5-yl)benzamide,,,
bmse011733,/Users/alfred/Documents/GitHub/DDLS_project/code/get_bmrb_data/bmrb_nmrstar/bmse011733/bmse011733.str,no_1H_data_found,0,,,"N-[(4-dimethylaminophenyl)methyl]-1,2,4-triazol-4-amine",,,
bmse011734,/Users/alfred/Documents/GitHub/DDLS_project/code/get_bmrb_data/bmrb_nmrstar/bmse011734/bmse011734.str,no_1H_data_found,0,,,N-(4-morpholin-4-ylphenyl)cyclopropanecarboxamide,,,
bmse011735,/Users/alfred/Documents/GitHub/DDLS_project/code/get_bmrb_data/bmrb_nmrstar/bmse011735/bmse011735.str,no_1H_data_found,0,,,N-methyl-1-pyridin-4-ylmethanamine,,,
bmse011736,/Users/alfred/Documents/GitHub/DDLS_project/code/get_bmrb_data/bmrb_nmrstar/bmse011736/bmse011736.str,no_1H_data_found,0,,,[(2S)-4-(phenylmethyl)morpholin-2-yl]methanol,,,
bmse011737,/Users/alfred/Documents/GitHub/DDLS_project/code/get_bmrb_data/bmrb_nmrstar/bmse011737/bmse011737.str,no_1H_data_found,0,,,N-[(2-fluorophenyl)methyl]oxan-4-amine,,,
bmse011738,/Users/alfred/Documents/GitHub/DDLS_project/code/get_bmrb_data/bmrb_nmrstar/bmse011738/bmse011738.str,no_1H_data_found,0,,,3-morpholin-4-ylpropanenitrile,,,
bmse011739,/Users/alfred/Documents/GitHub/DDLS_project/code/get_bmrb_data/bmrb_nmrstar/bmse011739/bmse011739.str,no_1H_data_found,0,,,2-methyl-N-(2-methyltetrazol-5-yl)propanamide,,,
bmse011740,/Users/alfred/Documents/GitHub/DDLS_project/code/get_bmrb_data/bmrb_nmrstar/bmse011740/bmse011740.str,no_1H_data_found,0,,,N-(1-ethylbenzimidazol-2-yl)acetamide,,,
bmse011741,/Users/alfred/Documents/GitHub/DDLS_project/code/get_bmrb_data/bmrb_nmrstar/bmse011741/bmse011741.str,no_1H_data_found,0,,,4-chloro-N-(2-methyltetrazol-5-yl)benzamide,,,
bmse011742,/Users/alfred/Documents/GitHub/DDLS_project/code/get_bmrb_data/bmrb_nmrstar/bmse011742/bmse011742.str,no_1H_data_found,0,,,1-methyl-N-(oxolan-2-ylmethyl)pyrazole-3-carboxamide,,,
bmse011743,/Users/alfred/Documents/GitHub/DDLS_project/code/get_bmrb_data/bmrb_nmrstar/bmse011743/bmse011743.str,no_1H_data_found,0,,,N-[(4-fluorophenyl)methyl]-1-[(2R)-oxolan-2-yl]methanamine,,,
bmse011744,/Users/alfred/Documents/GitHub/DDLS_project/code/get_bmrb_data/bmrb_nmrstar/bmse011744/bmse011744.str,no_1H_data_found,0,,,4-(4-chlorophenyl)pyrimidin-2-amine,,,
bmse011745,/Users/alfred/Documents/GitHub/DDLS_project/code/get_bmrb_data/bmrb_nmrstar/bmse011745/bmse011745.str,no_1H_data_found,0,,,3-acetamido-4-fluorobenzoic acid,,,
bmse011746,/Users/alfred/Documents/GitHub/DDLS_project/code/get_bmrb_data/bmrb_nmrstar/bmse011746/bmse011746.str,no_1H_data_found,0,,,3-[(1-methylpyrazole-3-carbonyl)amino]benzoic acid,,,
bmse011747,/Users/alfred/Documents/GitHub/DDLS_project/code/get_bmrb_data/bmrb_nmrstar/bmse011747/bmse011747.str,no_1H_data_found,0,,,3-chloro-N-methyl-5-(trifluoromethyl)pyridin-2-amine,,,
bmse011748,/Users/alfred/Documents/GitHub/DDLS_project/code/get_bmrb_data/bmrb_nmrstar/bmse011748/bmse011748.str,no_1H_data_found,0,,,1-(6-methoxypyridin-2-yl)-N-methylmethanamine,,,
bmse011749,/Users/alfred/Documents/GitHub/DDLS_project/code/get_bmrb_data/bmrb_nmrstar/bmse011749/bmse011749.str,no_1H_data_found,0,,,"5-(methoxymethyl)-1,3,4-thiadiazol-2-amine",,,
bmse011750,/Users/alfred/Documents/GitHub/DDLS_project/code/get_bmrb_data/bmrb_nmrstar/bmse011750/bmse011750.str,no_1H_data_found,0,,,[(3R)-1-methylpiperidin-3-yl] furan-2-carboxylate,,,
bmse011751,/Users/alfred/Documents/GitHub/DDLS_project/code/get_bmrb_data/bmrb_nmrstar/bmse011751/bmse011751.str,no_1H_data_found,0,,,(4-methoxyphenyl)-phenylmethanamine;hydrochloride,,,
bmse011752,/Users/alfred/Documents/GitHub/DDLS_project/code/get_bmrb_data/bmrb_nmrstar/bmse011752/bmse011752.str,no_1H_data_found,0,,,"[(2S,4S)-4-fluoro-1-[(2-methyl-1,3-thiazol-4-yl)methyl]pyrrolidin-2-yl]methanamine",,,
bmse011753,/Users/alfred/Documents/GitHub/DDLS_project/code/get_bmrb_data/bmrb_nmrstar/bmse011753/bmse011753.str,no_1H_data_found,0,,,1-(4-fluorophenyl)-N-(phenylmethyl)methanamine,,,
bmse011754,/Users/alfred/Documents/GitHub/DDLS_project/code/get_bmrb_data/bmrb_nmrstar/bmse011754/bmse011754.str,no_1H_data_found,0,,,1-methylindazole-3-carboxamide,,,
bmse011755,/Users/alfred/Documents/GitHub/DDLS_project/code/get_bmrb_data/bmrb_nmrstar/bmse011755/bmse011755.str,no_1H_data_found,0,,,[4-(trifluoromethoxy)phenyl]thiourea,,,
bmse011756,/Users/alfred/Documents/GitHub/DDLS_project/code/get_bmrb_data/bmrb_nmrstar/bmse011756/bmse011756.str,no_1H_data_found,0,,,(4-methylpiperazin-1-yl)-(oxolan-2-yl)methanone,,,
bmse011757,/Users/alfred/Documents/GitHub/DDLS_project/code/get_bmrb_data/bmrb_nmrstar/bmse011757/bmse011757.str,no_1H_data_found,0,,,"(1S)-1-(2,4-dimethyl-1,3-thiazol-5-yl)-N-methylethanamine",,,
bmse011758,/Users/alfred/Documents/GitHub/DDLS_project/code/get_bmrb_data/bmrb_nmrstar/bmse011758/bmse011758.str,no_1H_data_found,0,,,2-(trifluoromethoxy)benzoic acid,,,
bmse011759,/Users/alfred/Documents/GitHub/DDLS_project/code/get_bmrb_data/bmrb_nmrstar/bmse011759/bmse011759.str,no_1H_data_found,0,,,4-(2-propylpyrazol-3-yl)pyridine,,,
bmse011760,/Users/alfred/Documents/GitHub/DDLS_project/code/get_bmrb_data/bmrb_nmrstar/bmse011760/bmse011760.str,no_1H_data_found,0,,,3-chloro-4-(4-methylpiperidin-1-yl)aniline;hydrochloride,,,
bmse011761,/Users/alfred/Documents/GitHub/DDLS_project/code/get_bmrb_data/bmrb_nmrstar/bmse011761/bmse011761.str,no_1H_data_found,0,,,1-pyridin-4-yl-N-(thiophen-2-ylmethyl)methanamine,,,
bmse011762,/Users/alfred/Documents/GitHub/DDLS_project/code/get_bmrb_data/bmrb_nmrstar/bmse011762/bmse011762.str,no_1H_data_found,0,,,"2-(3-phenyl-1,2,4-oxadiazol-5-yl)phenol",,,
bmse011763,/Users/alfred/Documents/GitHub/DDLS_project/code/get_bmrb_data/bmrb_nmrstar/bmse011763/bmse011763.str,no_1H_data_found,0,,,1-(2-fluorophenyl)-3-(methylamino)pyrrolidin-2-one;hydrochloride,,,
bmse011764,/Users/alfred/Documents/GitHub/DDLS_project/code/get_bmrb_data/bmrb_nmrstar/bmse011764/bmse011764.str,no_1H_data_found,0,,,5-methyl-N-(pyridin-4-ylmethyl)pyridin-3-amine,,,
bmse011765,/Users/alfred/Documents/GitHub/DDLS_project/code/get_bmrb_data/bmrb_nmrstar/bmse011765/bmse011765.str,no_1H_data_found,0,,,2-(phenylmethoxy)acetic acid,,,
bmse011766,/Users/alfred/Documents/GitHub/DDLS_project/code/get_bmrb_data/bmrb_nmrstar/bmse011766/bmse011766.str,no_1H_data_found,0,,,1-(4-methoxyphenyl)-5-oxopyrrolidine-3-carboxamide,,,
bmse011767,/Users/alfred/Documents/GitHub/DDLS_project/code/get_bmrb_data/bmrb_nmrstar/bmse011767/bmse011767.str,no_1H_data_found,0,,,"4-(phenylmethyl)piperazine-2,6-dione",,,
bmse011768,/Users/alfred/Documents/GitHub/DDLS_project/code/get_bmrb_data/bmrb_nmrstar/bmse011768/bmse011768.str,no_1H_data_found,0,,,"1-[(3R)-3-aminopiperidin-1-yl]-4,4,4-trifluorobutan-1-one;hydrochloride",,,
bmse011769,/Users/alfred/Documents/GitHub/DDLS_project/code/get_bmrb_data/bmrb_nmrstar/bmse011769/bmse011769.str,no_1H_data_found,0,,,2-[(2R)-oxolan-2-yl]-1H-benzimidazole,,,
bmse011770,/Users/alfred/Documents/GitHub/DDLS_project/code/get_bmrb_data/bmrb_nmrstar/bmse011770/bmse011770.str,no_1H_data_found,0,,,"1H-thieno[3,2-d]pyrimidine-2,4-dione",,,
bmse011771,/Users/alfred/Documents/GitHub/DDLS_project/code/get_bmrb_data/bmrb_nmrstar/bmse011771/bmse011771.str,no_1H_data_found,0,,,"N-[(1R)-1-(1H-benzimidazol-2-yl)ethyl]-2,2-dimethylpropanamide",,,
bmse011772,/Users/alfred/Documents/GitHub/DDLS_project/code/get_bmrb_data/bmrb_nmrstar/bmse011772/bmse011772.str,no_1H_data_found,0,,,"[(3R,4R)-4-thiophen-3-ylpyrrolidin-3-yl]methanol",,,
bmse011773,/Users/alfred/Documents/GitHub/DDLS_project/code/get_bmrb_data/bmrb_nmrstar/bmse011773/bmse011773.str,no_1H_data_found,0,,,N-methyl-1-(2-methylprop-2-enyl)piperidine-4-carboxamide,,,
bmse011774,/Users/alfred/Documents/GitHub/DDLS_project/code/get_bmrb_data/bmrb_nmrstar/bmse011774/bmse011774.str,no_1H_data_found,0,,,1-methyl-1-[(1-methylpyrazol-4-yl)methyl]-3-phenylurea,,,
bmse011775,/Users/alfred/Documents/GitHub/DDLS_project/code/get_bmrb_data/bmrb_nmrstar/bmse011775/bmse011775.str,no_1H_data_found,0,,,(2R)-N-(4-fluoro-2-methoxyphenyl)oxolane-2-carboxamide,,,
bmse011776,/Users/alfred/Documents/GitHub/DDLS_project/code/get_bmrb_data/bmrb_nmrstar/bmse011776/bmse011776.str,no_1H_data_found,0,,,"3-chloro-N-(1,3-thiazol-2-yl)benzenesulfonamide",,,
bmse011777,/Users/alfred/Documents/GitHub/DDLS_project/code/get_bmrb_data/bmrb_nmrstar/bmse011777/bmse011777.str,no_1H_data_found,0,,,N-[(2R)-1-aminopropan-2-yl]-4-bromo-N-methylbenzamide,,,
bmse011778,/Users/alfred/Documents/GitHub/DDLS_project/code/get_bmrb_data/bmrb_nmrstar/bmse011778/bmse011778.str,no_1H_data_found,0,,,2-(4-fluorophenyl)sulfanylacetamide,,,
bmse011779,/Users/alfred/Documents/GitHub/DDLS_project/code/get_bmrb_data/bmrb_nmrstar/bmse011779/bmse011779.str,no_1H_data_found,0,,,N-(2-hydroxyethyl)pyridine-3-carboxamide,,,
bmse011780,/Users/alfred/Documents/GitHub/DDLS_project/code/get_bmrb_data/bmrb_nmrstar/bmse011780/bmse011780.str,no_1H_data_found,0,,,N-(5-phenyl-1H-pyrazol-4-yl)propanamide,,,
bmse011781,/Users/alfred/Documents/GitHub/DDLS_project/code/get_bmrb_data/bmrb_nmrstar/bmse011781/bmse011781.str,no_1H_data_found,0,,,2-methylsulfanyl-N-phenylacetamide,,,
bmse011782,/Users/alfred/Documents/GitHub/DDLS_project/code/get_bmrb_data/bmrb_nmrstar/bmse011782/bmse011782.str,no_1H_data_found,0,,,"(1R,2S)-2-methyl-N-(2-methylpropyl)cyclopropane-1-carboxamide",,,
bmse011783,/Users/alfred/Documents/GitHub/DDLS_project/code/get_bmrb_data/bmrb_nmrstar/bmse011783/bmse011783.str,no_1H_data_found,0,,,"(2S)-N-methyl-2,3-dihydro-1-benzofuran-2-carboxamide",,,
bmse011784,/Users/alfred/Documents/GitHub/DDLS_project/code/get_bmrb_data/bmrb_nmrstar/bmse011784/bmse011784.str,no_1H_data_found,0,,,7-amino-1H-quinolin-4-one,,,
bmse011785,/Users/alfred/Documents/GitHub/DDLS_project/code/get_bmrb_data/bmrb_nmrstar/bmse011785/bmse011785.str,no_1H_data_found,0,,,(S)-(4-methoxyphenyl)-(1-methylimidazol-2-yl)methanamine,,,
bmse011786,/Users/alfred/Documents/GitHub/DDLS_project/code/get_bmrb_data/bmrb_nmrstar/bmse011786/bmse011786.str,no_1H_data_found,0,,,thiadiazole-5-carboxamide,,,
bmse011787,/Users/alfred/Documents/GitHub/DDLS_project/code/get_bmrb_data/bmrb_nmrstar/bmse011787/bmse011787.str,no_1H_data_found,0,,,2-(1H-indazol-6-yl)ethanamine,,,
bmse011788,/Users/alfred/Documents/GitHub/DDLS_project/code/get_bmrb_data/bmrb_nmrstar/bmse011788/bmse011788.str,no_1H_data_found,0,,,N-cyclopentyl-5-ethyl-1H-pyrazole-3-carboxamide,,,
bmse011789,/Users/alfred/Documents/GitHub/DDLS_project/code/get_bmrb_data/bmrb_nmrstar/bmse011789/bmse011789.str,no_1H_data_found,0,,,N-[(2-chlorophenyl)methyl]pyrazine-2-carboxamide,,,
bmse011790,/Users/alfred/Documents/GitHub/DDLS_project/code/get_bmrb_data/bmrb_nmrstar/bmse011790/bmse011790.str,no_1H_data_found,0,,,"N-[2-(3,5-dichlorophenyl)ethyl]acetamide",,,
bmse011791,/Users/alfred/Documents/GitHub/DDLS_project/code/get_bmrb_data/bmrb_nmrstar/bmse011791/bmse011791.str,no_1H_data_found,0,,,1-pyridin-2-yl-3-(thiophen-2-ylmethyl)urea,,,
bmse011792,/Users/alfred/Documents/GitHub/DDLS_project/code/get_bmrb_data/bmrb_nmrstar/bmse011792/bmse011792.str,no_1H_data_found,0,,,"N-benzyl-3,5-dimethyl-1,2-oxazole-4-sulfonamide",,,
bmse011793,/Users/alfred/Documents/GitHub/DDLS_project/code/get_bmrb_data/bmrb_nmrstar/bmse011793/bmse011793.str,no_1H_data_found,0,,,1-(2-bromophenyl)-3-propylurea,,,
bmse011794,/Users/alfred/Documents/GitHub/DDLS_project/code/get_bmrb_data/bmrb_nmrstar/bmse011794/bmse011794.str,no_1H_data_found,0,,,"N-[(4R)-1,1-dioxo-3,4-dihydro-2H-thiochromen-4-yl]-2,2-dimethylpropanamide",,,
bmse011795,/Users/alfred/Documents/GitHub/DDLS_project/code/get_bmrb_data/bmrb_nmrstar/bmse011795/bmse011795.str,no_1H_data_found,0,,,"1-ethyl-3-[(3R)-8-methoxy-3,4-dihydro-2H-chromen-3-yl]urea",,,
bmse011796,/Users/alfred/Documents/GitHub/DDLS_project/code/get_bmrb_data/bmrb_nmrstar/bmse011796/bmse011796.str,no_1H_data_found,0,,,(2R)-2-methoxy-2-phenylethanamine,,,
bmse011797,/Users/alfred/Documents/GitHub/DDLS_project/code/get_bmrb_data/bmrb_nmrstar/bmse011797/bmse011797.str,no_1H_data_found,0,,,N-[2-(cyclohexen-1-yl)ethyl]acetamide,,,
bmse011798,/Users/alfred/Documents/GitHub/DDLS_project/code/get_bmrb_data/bmrb_nmrstar/bmse011798/bmse011798.str,no_1H_data_found,0,,,2-phenoxyacetamide,,,
bmse011799,/Users/alfred/Documents/GitHub/DDLS_project/code/get_bmrb_data/bmrb_nmrstar/bmse011799/bmse011799.str,no_1H_data_found,0,,,N-[5-(dimethylamino)pyridin-2-yl]acetamide,,,
bmse011800,/Users/alfred/Documents/GitHub/DDLS_project/code/get_bmrb_data/bmrb_nmrstar/bmse011800/bmse011800.str,no_1H_data_found,0,,,"2,4-dioxo-1H-pyrimidine-6-carboxamide",,,
bmse011801,/Users/alfred/Documents/GitHub/DDLS_project/code/get_bmrb_data/bmrb_nmrstar/bmse011801/bmse011801.str,no_1H_data_found,0,,,"N-[(1S,2R)-2-phenylcyclopropyl]acetamide",,,
bmse011802,/Users/alfred/Documents/GitHub/DDLS_project/code/get_bmrb_data/bmrb_nmrstar/bmse011802/bmse011802.str,no_1H_data_found,0,,,2-chloro-N-(2-hydroxy-2-methylpropyl)benzamide,,,
bmse011803,/Users/alfred/Documents/GitHub/DDLS_project/code/get_bmrb_data/bmrb_nmrstar/bmse011803/bmse011803.str,no_1H_data_found,0,,,N-(2-aminoethyl)-2-fluorobenzamide,,,
bmse011804,/Users/alfred/Documents/GitHub/DDLS_project/code/get_bmrb_data/bmrb_nmrstar/bmse011804/bmse011804.str,no_1H_data_found,0,,,N-(5-bromo-2-oxo-1H-pyridin-3-yl)acetamide,,,
bmse011805,/Users/alfred/Documents/GitHub/DDLS_project/code/get_bmrb_data/bmrb_nmrstar/bmse011805/bmse011805.str,no_1H_data_found,0,,,3-cyano-N-(5-methyl-1H-pyrazol-3-yl)benzamide,,,
bmse011806,/Users/alfred/Documents/GitHub/DDLS_project/code/get_bmrb_data/bmrb_nmrstar/bmse011806/bmse011806.str,no_1H_data_found,0,,,"N-[(4R)-2,6,6-trimethyl-5,7-dihydro-4H-1-benzofuran-4-yl]acetamide",,,
bmse011807,/Users/alfred/Documents/GitHub/DDLS_project/code/get_bmrb_data/bmrb_nmrstar/bmse011807/bmse011807.str,no_1H_data_found,0,,,1-acetyl-N-(2-ethylphenyl)piperidine-4-carboxamide,,,
bmse011808,/Users/alfred/Documents/GitHub/DDLS_project/code/get_bmrb_data/bmrb_nmrstar/bmse011808/bmse011808.str,no_1H_data_found,0,,,(2S)-N-(4-chlorophenyl)-2-methylsulfonylpropanamide,,,
bmse011809,/Users/alfred/Documents/GitHub/DDLS_project/code/get_bmrb_data/bmrb_nmrstar/bmse011809/bmse011809.str,no_1H_data_found,0,,,EU-OPENSCREEN Compound 102509,,,
bmse011810,/Users/alfred/Documents/GitHub/DDLS_project/code/get_bmrb_data/bmrb_nmrstar/bmse011810/bmse011810.str,no_1H_data_found,0,,,N-cyclopentyl-2-methoxybenzenesulfonamide,,,
bmse011811,/Users/alfred/Documents/GitHub/DDLS_project/code/get_bmrb_data/bmrb_nmrstar/bmse011811/bmse011811.str,no_1H_data_found,0,,,N-[(1S)-1-cyclopropylethyl]pyridine-4-carboxamide,,,
bmse011812,/Users/alfred/Documents/GitHub/DDLS_project/code/get_bmrb_data/bmrb_nmrstar/bmse011812/bmse011812.str,no_1H_data_found,0,,,N-(4-fluorophenyl)propanamide,,,
bmse011813,/Users/alfred/Documents/GitHub/DDLS_project/code/get_bmrb_data/bmrb_nmrstar/bmse011813/bmse011813.str,no_1H_data_found,0,,,(2R)-1-amino-2-phenylpropan-2-ol,,,
bmse011814,/Users/alfred/Documents/GitHub/DDLS_project/code/get_bmrb_data/bmrb_nmrstar/bmse011814/bmse011814.str,no_1H_data_found,0,,,4-methoxy-N-(2-methoxyphenyl)piperidine-1-carboxamide,,,
bmse011815,/Users/alfred/Documents/GitHub/DDLS_project/code/get_bmrb_data/bmrb_nmrstar/bmse011815/bmse011815.str,no_1H_data_found,0,,,"N-(4-methyl-1,3-thiazol-2-yl)-2-pyrrolidin-1-ylacetamide",,,
bmse011816,/Users/alfred/Documents/GitHub/DDLS_project/code/get_bmrb_data/bmrb_nmrstar/bmse011816/bmse011816.str,no_1H_data_found,0,,,"(1S,2R)-2-amino-N-methylcyclohexane-1-carboxamide",,,
bmse011817,/Users/alfred/Documents/GitHub/DDLS_project/code/get_bmrb_data/bmrb_nmrstar/bmse011817/bmse011817.str,no_1H_data_found,0,,,"2-fluoro-N-(1,3,4-thiadiazol-2-yl)benzamide",,,
bmse011818,/Users/alfred/Documents/GitHub/DDLS_project/code/get_bmrb_data/bmrb_nmrstar/bmse011818/bmse011818.str,no_1H_data_found,0,,,(2R)-N-cyclopropyl-2-hydroxypropanamide,,,
bmse011819,/Users/alfred/Documents/GitHub/DDLS_project/code/get_bmrb_data/bmrb_nmrstar/bmse011819/bmse011819.str,no_1H_data_found,0,,,(2S)-1-(4-fluorophenyl)-N-methylpropan-2-amine,,,
bmse011820,/Users/alfred/Documents/GitHub/DDLS_project/code/get_bmrb_data/bmrb_nmrstar/bmse011820/bmse011820.str,no_1H_data_found,0,,,3-methoxythiophene-2-carboxamide,,,
bmse011821,/Users/alfred/Documents/GitHub/DDLS_project/code/get_bmrb_data/bmrb_nmrstar/bmse011821/bmse011821.str,no_1H_data_found,0,,,N-(cyclopentylcarbamoyl)-2-methylsulfanylacetamide,,,
bmse011822,/Users/alfred/Documents/GitHub/DDLS_project/code/get_bmrb_data/bmrb_nmrstar/bmse011822/bmse011822.str,no_1H_data_found,0,,,"2,5-dimethyl-N-(1-methylpyrazol-3-yl)thiophene-3-carboxamide",,,
bmse011823,/Users/alfred/Documents/GitHub/DDLS_project/code/get_bmrb_data/bmrb_nmrstar/bmse011823/bmse011823.str,no_1H_data_found,0,,,N-(3-acetamidophenyl)cyclopropanecarboxamide,,,
bmse011824,/Users/alfred/Documents/GitHub/DDLS_project/code/get_bmrb_data/bmrb_nmrstar/bmse011824/bmse011824.str,no_1H_data_found,0,,,N-cyclopentyl-6-methylpyridine-3-carboxamide,,,
bmse011825,/Users/alfred/Documents/GitHub/DDLS_project/code/get_bmrb_data/bmrb_nmrstar/bmse011825/bmse011825.str,no_1H_data_found,0,,,2-methoxy-N-quinolin-8-ylacetamide,,,
bmse011826,/Users/alfred/Documents/GitHub/DDLS_project/code/get_bmrb_data/bmrb_nmrstar/bmse011826/bmse011826.str,no_1H_data_found,0,,,N-[(3S)-pyrrolidin-3-yl]methanesulfonamide,,,
bmse011827,/Users/alfred/Documents/GitHub/DDLS_project/code/get_bmrb_data/bmrb_nmrstar/bmse011827/bmse011827.str,no_1H_data_found,0,,,N-methyl-1-phenylmethanamine,,,
bmse011828,/Users/alfred/Documents/GitHub/DDLS_project/code/get_bmrb_data/bmrb_nmrstar/bmse011828/bmse011828.str,no_1H_data_found,0,,,"spiro[1,2-dihydroindole-3,1'-cyclobutane]",,,
bmse011829,/Users/alfred/Documents/GitHub/DDLS_project/code/get_bmrb_data/bmrb_nmrstar/bmse011829/bmse011829.str,no_1H_data_found,0,,,N-propylpyridine-3-carboxamide,,,
bmse011830,/Users/alfred/Documents/GitHub/DDLS_project/code/get_bmrb_data/bmrb_nmrstar/bmse011830/bmse011830.str,no_1H_data_found,0,,,(5-bromopyridin-3-yl)methanamine,,,
bmse011831,/Users/alfred/Documents/GitHub/DDLS_project/code/get_bmrb_data/bmrb_nmrstar/bmse011831/bmse011831.str,no_1H_data_found,0,,,1-[(3S)-piperidin-3-yl]imidazolidin-2-one,,,
bmse011832,/Users/alfred/Documents/GitHub/DDLS_project/code/get_bmrb_data/bmrb_nmrstar/bmse011832/bmse011832.str,no_1H_data_found,0,,,N-[(2-fluorophenyl)methyl]-1H-pyrazol-4-amine,,,
bmse011833,/Users/alfred/Documents/GitHub/DDLS_project/code/get_bmrb_data/bmrb_nmrstar/bmse011833/bmse011833.str,no_1H_data_found,0,,,"(3aR,7aS)-3a-amino-3,4,5,6,7,7a-hexahydro-1H-indol-2-one",,,
bmse011834,/Users/alfred/Documents/GitHub/DDLS_project/code/get_bmrb_data/bmrb_nmrstar/bmse011834/bmse011834.str,no_1H_data_found,0,,,2-thiophen-2-ylaniline,,,
bmse011835,/Users/alfred/Documents/GitHub/DDLS_project/code/get_bmrb_data/bmrb_nmrstar/bmse011835/bmse011835.str,no_1H_data_found,0,,,2-[[(3R)-thian-3-yl]amino]ethanol,,,
bmse011836,/Users/alfred/Documents/GitHub/DDLS_project/code/get_bmrb_data/bmrb_nmrstar/bmse011836/bmse011836.str,no_1H_data_found,0,,,"(4S)-2,2-dimethyl-3,4-dihydrochromen-4-amine",,,
bmse011837,/Users/alfred/Documents/GitHub/DDLS_project/code/get_bmrb_data/bmrb_nmrstar/bmse011837/bmse011837.str,no_1H_data_found,0,,,(1R)-1-phenyl-2-azaspiro[3.4]octan-3-one,,,
bmse011838,/Users/alfred/Documents/GitHub/DDLS_project/code/get_bmrb_data/bmrb_nmrstar/bmse011838/bmse011838.str,no_1H_data_found,0,,,"(2S)-2-methyl-3,4-dihydro-2H-1,4-benzothiazine",,,
bmse011839,/Users/alfred/Documents/GitHub/DDLS_project/code/get_bmrb_data/bmrb_nmrstar/bmse011839/bmse011839.str,no_1H_data_found,0,,,N-(2-hydroxyphenyl)-4-methoxybenzamide,,,
bmse011840,/Users/alfred/Documents/GitHub/DDLS_project/code/get_bmrb_data/bmrb_nmrstar/bmse011840/bmse011840.str,no_1H_data_found,0,,,(3S)-oxane-3-sulfonamide,,,
bmse011841,/Users/alfred/Documents/GitHub/DDLS_project/code/get_bmrb_data/bmrb_nmrstar/bmse011841/bmse011841.str,no_1H_data_found,0,,,(1-methylsulfonylcyclopentyl)methanamine,,,
bmse011842,/Users/alfred/Documents/GitHub/DDLS_project/code/get_bmrb_data/bmrb_nmrstar/bmse011842/bmse011842.str,no_1H_data_found,0,,,3-benzamidobenzamide,,,
bmse011843,/Users/alfred/Documents/GitHub/DDLS_project/code/get_bmrb_data/bmrb_nmrstar/bmse011843/bmse011843.str,no_1H_data_found,0,,,6-ethoxypyridine-3-carboxamide,,,
bmse011844,/Users/alfred/Documents/GitHub/DDLS_project/code/get_bmrb_data/bmrb_nmrstar/bmse011844/bmse011844.str,no_1H_data_found,0,,,[3-amino-1-(hydroxymethyl)cyclobutyl]methanol,,,
bmse011845,/Users/alfred/Documents/GitHub/DDLS_project/code/get_bmrb_data/bmrb_nmrstar/bmse011845/bmse011845.str,no_1H_data_found,0,,,2-(5-methylthiophen-2-yl)ethanamine,,,
bmse011846,/Users/alfred/Documents/GitHub/DDLS_project/code/get_bmrb_data/bmrb_nmrstar/bmse011846/bmse011846.str,no_1H_data_found,0,,,2-[cyclopentyl(methyl)amino]acetamide,,,
bmse011847,/Users/alfred/Documents/GitHub/DDLS_project/code/get_bmrb_data/bmrb_nmrstar/bmse011847/bmse011847.str,no_1H_data_found,0,,,"6-hydroxy-1,3,4,5-tetrahydro-1-benzazepin-2-one",,,
bmse011848,/Users/alfred/Documents/GitHub/DDLS_project/code/get_bmrb_data/bmrb_nmrstar/bmse011848/bmse011848.str,no_1H_data_found,0,,,"3,4-dihydro-2H-1,5-benzodioxepin-6-amine",,,
bmse011849,/Users/alfred/Documents/GitHub/DDLS_project/code/get_bmrb_data/bmrb_nmrstar/bmse011849/bmse011849.str,no_1H_data_found,0,,,"(4aS,8aS)-3,4,4a,5,6,7,8,8a-octahydro-1H-quinoxalin-2-one",,,
bmse011850,/Users/alfred/Documents/GitHub/DDLS_project/code/get_bmrb_data/bmrb_nmrstar/bmse011850/bmse011850.str,no_1H_data_found,0,,,"3-phenyl-1,2,4-thiadiazol-5-amine",,,
bmse011851,/Users/alfred/Documents/GitHub/DDLS_project/code/get_bmrb_data/bmrb_nmrstar/bmse011851/bmse011851.str,no_1H_data_found,0,,,"3-[2-(methylamino)ethyl]-1,3-benzoxazol-2-one",,,
bmse011852,/Users/alfred/Documents/GitHub/DDLS_project/code/get_bmrb_data/bmrb_nmrstar/bmse011852/bmse011852.str,no_1H_data_found,0,,,(2S)-2-amino-3-(2-fluorophenyl)-2-methylpropan-1-ol,,,
bmse011853,/Users/alfred/Documents/GitHub/DDLS_project/code/get_bmrb_data/bmrb_nmrstar/bmse011853/bmse011853.str,no_1H_data_found,0,,,4-(aminomethyl)-2-cyclopropyl-1H-pyrimidin-6-one,,,
bmse011854,/Users/alfred/Documents/GitHub/DDLS_project/code/get_bmrb_data/bmrb_nmrstar/bmse011854/bmse011854.str,no_1H_data_found,0,,,"N,1-dimethylcyclohexane-1-carboxamide",,,
bmse011855,/Users/alfred/Documents/GitHub/DDLS_project/code/get_bmrb_data/bmrb_nmrstar/bmse011855/bmse011855.str,no_1H_data_found,0,,,(1R)-1-(4-methoxyphenyl)propan-1-amine,,,
bmse011856,/Users/alfred/Documents/GitHub/DDLS_project/code/get_bmrb_data/bmrb_nmrstar/bmse011856/bmse011856.str,no_1H_data_found,0,,,"1-acetyl-N-propan-2-yl-2,3-dihydroindole-5-sulfonamide",,,
bmse011857,/Users/alfred/Documents/GitHub/DDLS_project/code/get_bmrb_data/bmrb_nmrstar/bmse011857/bmse011857.str,no_1H_data_found,0,,,"(1S)-1-(aminomethyl)-2,2-dimethylcyclopentan-1-ol",,,
bmse011858,/Users/alfred/Documents/GitHub/DDLS_project/code/get_bmrb_data/bmrb_nmrstar/bmse011858/bmse011858.str,no_1H_data_found,0,,,"1,1-dioxo-2,3-dihydro-1lambda6,2,3-benzothiadiazin-4-one",,,
bmse011859,/Users/alfred/Documents/GitHub/DDLS_project/code/get_bmrb_data/bmrb_nmrstar/bmse011859/bmse011859.str,no_1H_data_found,0,,,EU-OPENSCREEN Compound 102561,,,
bmse011860,/Users/alfred/Documents/GitHub/DDLS_project/code/get_bmrb_data/bmrb_nmrstar/bmse011860/bmse011860.str,no_1H_data_found,0,,,4-cyclopentylsulfonylaniline,,,
bmse011861,/Users/alfred/Documents/GitHub/DDLS_project/code/get_bmrb_data/bmrb_nmrstar/bmse011861/bmse011861.str,no_1H_data_found,0,,,3-amino-5-methyl-1H-pyrazole-4-carbonitrile,,,
bmse011862,/Users/alfred/Documents/GitHub/DDLS_project/code/get_bmrb_data/bmrb_nmrstar/bmse011862/bmse011862.str,no_1H_data_found,0,,,1-hydroxycyclohexane-1-carboxamide,,,
bmse011863,/Users/alfred/Documents/GitHub/DDLS_project/code/get_bmrb_data/bmrb_nmrstar/bmse011863/bmse011863.str,no_1H_data_found,0,,,"(5S,6S)-5-amino-6-methylpiperidin-2-one",,,
bmse011864,/Users/alfred/Documents/GitHub/DDLS_project/code/get_bmrb_data/bmrb_nmrstar/bmse011864/bmse011864.str,no_1H_data_found,0,,,1-[(dimethylsulfamoylamino)methyl]-2-methylbenzene,,,
bmse011865,/Users/alfred/Documents/GitHub/DDLS_project/code/get_bmrb_data/bmrb_nmrstar/bmse011865/bmse011865.str,no_1H_data_found,0,,,N-propyl-1H-indole-2-carboxamide,,,
bmse011866,/Users/alfred/Documents/GitHub/DDLS_project/code/get_bmrb_data/bmrb_nmrstar/bmse011866/bmse011866.str,no_1H_data_found,0,,,N-(3-fluorophenyl)pyridine-2-carboxamide,,,
bmse011867,/Users/alfred/Documents/GitHub/DDLS_project/code/get_bmrb_data/bmrb_nmrstar/bmse011867/bmse011867.str,no_1H_data_found,0,,,"N-methyl-4,5,6,7-tetrahydro-1-benzothiophene-2-carboxamide",,,
bmse011868,/Users/alfred/Documents/GitHub/DDLS_project/code/get_bmrb_data/bmrb_nmrstar/bmse011868/bmse011868.str,no_1H_data_found,0,,,"N-(2-methyl-1,3-benzoxazol-5-yl)butanamide",,,
bmse011869,/Users/alfred/Documents/GitHub/DDLS_project/code/get_bmrb_data/bmrb_nmrstar/bmse011869/bmse011869.str,no_1H_data_found,0,,,4-[(3S)-3-aminobutyl]phenol,,,
bmse011870,/Users/alfred/Documents/GitHub/DDLS_project/code/get_bmrb_data/bmrb_nmrstar/bmse011870/bmse011870.str,no_1H_data_found,0,,,"2-methyl-N-[(6S)-5,6,7,8-tetrahydroimidazo[1,2-a]pyridin-6-yl]-1,3-thiazole-4-carboxamide",,,
bmse011871,/Users/alfred/Documents/GitHub/DDLS_project/code/get_bmrb_data/bmrb_nmrstar/bmse011871/bmse011871.str,no_1H_data_found,0,,,1-[(2-methoxyphenyl)methyl]piperazine,,,
bmse011872,/Users/alfred/Documents/GitHub/DDLS_project/code/get_bmrb_data/bmrb_nmrstar/bmse011872/bmse011872.str,no_1H_data_found,0,,,"(6-chloro-3,4-dihydro-2H-1,5-benzodioxepin-8-yl)methanamine",,,
bmse011873,/Users/alfred/Documents/GitHub/DDLS_project/code/get_bmrb_data/bmrb_nmrstar/bmse011873/bmse011873.str,no_1H_data_found,0,,,2-phenylbenzamide,,,
bmse011874,/Users/alfred/Documents/GitHub/DDLS_project/code/get_bmrb_data/bmrb_nmrstar/bmse011874/bmse011874.str,no_1H_data_found,0,,,1H-indole,,,
bmse011875,/Users/alfred/Documents/GitHub/DDLS_project/code/get_bmrb_data/bmrb_nmrstar/bmse011875/bmse011875.str,no_1H_data_found,0,,,2-amino-4-tert-butylphenol,,,
bmse011876,/Users/alfred/Documents/GitHub/DDLS_project/code/get_bmrb_data/bmrb_nmrstar/bmse011876/bmse011876.str,no_1H_data_found,0,,,2-(methoxymethyl)pyrimidin-4-amine,,,
bmse011877,/Users/alfred/Documents/GitHub/DDLS_project/code/get_bmrb_data/bmrb_nmrstar/bmse011877/bmse011877.str,no_1H_data_found,0,,,"3-methyl-1,2-oxazole-4-carboxamide",,,
bmse011878,/Users/alfred/Documents/GitHub/DDLS_project/code/get_bmrb_data/bmrb_nmrstar/bmse011878/bmse011878.str,no_1H_data_found,0,,,1-(4-chloro-1H-pyrrol-2-yl)-N-methylmethanamine,,,
bmse011879,/Users/alfred/Documents/GitHub/DDLS_project/code/get_bmrb_data/bmrb_nmrstar/bmse011879/bmse011879.str,no_1H_data_found,0,,,"5-[(2-methylphenyl)methylsulfanyl]-1,3,4-thiadiazol-2-amine",,,
bmse011880,/Users/alfred/Documents/GitHub/DDLS_project/code/get_bmrb_data/bmrb_nmrstar/bmse011880/bmse011880.str,no_1H_data_found,0,,,"3-[(4-fluorophenyl)methyl]-5,5-dimethylimidazolidine-2,4-dione",,,
bmse011881,/Users/alfred/Documents/GitHub/DDLS_project/code/get_bmrb_data/bmrb_nmrstar/bmse011881/bmse011881.str,no_1H_data_found,0,,,"1-ethyl-2,5-dimethyl-N-propan-2-ylpyrrole-3-carboxamide",,,
bmse011882,/Users/alfred/Documents/GitHub/DDLS_project/code/get_bmrb_data/bmrb_nmrstar/bmse011882/bmse011882.str,no_1H_data_found,0,,,"N-[(2S)-5-ethoxy-2-methyl-2,3-dihydro-1-benzofuran-6-yl]acetamide",,,
bmse011883,/Users/alfred/Documents/GitHub/DDLS_project/code/get_bmrb_data/bmrb_nmrstar/bmse011883/bmse011883.str,no_1H_data_found,0,,,"N'-methyl-N'-phenylethane-1,2-diamine",,,
bmse011884,/Users/alfred/Documents/GitHub/DDLS_project/code/get_bmrb_data/bmrb_nmrstar/bmse011884/bmse011884.str,no_1H_data_found,0,,,"1,3-benzodioxole-5-carboxamide",,,
bmse011885,/Users/alfred/Documents/GitHub/DDLS_project/code/get_bmrb_data/bmrb_nmrstar/bmse011885/bmse011885.str,no_1H_data_found,0,,,"N-[(4R)-3,4-dihydro-2H-thiochromen-4-yl]acetamide",,,
bmse011886,/Users/alfred/Documents/GitHub/DDLS_project/code/get_bmrb_data/bmrb_nmrstar/bmse011886/bmse011886.str,no_1H_data_found,0,,,"N-(5-chloro-2,4-dimethoxyphenyl)acetamide",,,
bmse011887,/Users/alfred/Documents/GitHub/DDLS_project/code/get_bmrb_data/bmrb_nmrstar/bmse011887/bmse011887.str,no_1H_data_found,0,,,2-(3-aminopyrazol-1-yl)acetamide,,,
bmse011888,/Users/alfred/Documents/GitHub/DDLS_project/code/get_bmrb_data/bmrb_nmrstar/bmse011888/bmse011888.str,no_1H_data_found,0,,,"N,5-dimethyl-1,3,4-thiadiazol-2-amine",,,
bmse011889,/Users/alfred/Documents/GitHub/DDLS_project/code/get_bmrb_data/bmrb_nmrstar/bmse011889/bmse011889.str,no_1H_data_found,0,,,"N'-phenylethane-1,2-diamine",,,
bmse011890,/Users/alfred/Documents/GitHub/DDLS_project/code/get_bmrb_data/bmrb_nmrstar/bmse011890/bmse011890.str,no_1H_data_found,0,,,furan-2-ylmethylurea,,,
bmse011891,/Users/alfred/Documents/GitHub/DDLS_project/code/get_bmrb_data/bmrb_nmrstar/bmse011891/bmse011891.str,no_1H_data_found,0,,,N-ethyl-3-methylpyrazin-2-amine,,,
bmse011892,/Users/alfred/Documents/GitHub/DDLS_project/code/get_bmrb_data/bmrb_nmrstar/bmse011892/bmse011892.str,no_1H_data_found,0,,,(2R)-2-hydroxy-N-(pyridin-2-ylmethyl)propanamide,,,
bmse011893,/Users/alfred/Documents/GitHub/DDLS_project/code/get_bmrb_data/bmrb_nmrstar/bmse011893/bmse011893.str,no_1H_data_found,0,,,"N-[(4-fluorophenyl)methyl]-2,2-dimethylpropanamide",,,
bmse011894,/Users/alfred/Documents/GitHub/DDLS_project/code/get_bmrb_data/bmrb_nmrstar/bmse011894/bmse011894.str,no_1H_data_found,0,,,N-(2-ethoxypyridin-3-yl)pyrrolidine-1-carboxamide,,,
bmse011895,/Users/alfred/Documents/GitHub/DDLS_project/code/get_bmrb_data/bmrb_nmrstar/bmse011895/bmse011895.str,no_1H_data_found,0,,,"N-(1,3-dimethylpyrazolo[3,4-b]pyridin-5-yl)butanamide",,,
bmse011896,/Users/alfred/Documents/GitHub/DDLS_project/code/get_bmrb_data/bmrb_nmrstar/bmse011896/bmse011896.str,no_1H_data_found,0,,,N-ethyl-6-methoxy-1H-indole-2-carboxamide,,,
bmse011897,/Users/alfred/Documents/GitHub/DDLS_project/code/get_bmrb_data/bmrb_nmrstar/bmse011897/bmse011897.str,no_1H_data_found,0,,,N-methyl-1H-pyrazole-4-sulfonamide,,,
bmse011898,/Users/alfred/Documents/GitHub/DDLS_project/code/get_bmrb_data/bmrb_nmrstar/bmse011898/bmse011898.str,no_1H_data_found,0,,,(S)-cyclobutyl-(4-fluorophenyl)methanamine,,,
bmse011899,/Users/alfred/Documents/GitHub/DDLS_project/code/get_bmrb_data/bmrb_nmrstar/bmse011899/bmse011899.str,no_1H_data_found,0,,,2-azaspiro[4.4]nonan-3-one,,,
bmse011900,/Users/alfred/Documents/GitHub/DDLS_project/code/get_bmrb_data/bmrb_nmrstar/bmse011900/bmse011900.str,no_1H_data_found,0,,,"(5R)-5-(furan-2-yl)-5-methylimidazolidine-2,4-dione",,,
bmse011901,/Users/alfred/Documents/GitHub/DDLS_project/code/get_bmrb_data/bmrb_nmrstar/bmse011901/bmse011901.str,no_1H_data_found,0,,,"[(2S)-5-ethoxy-2-methyl-2,3-dihydro-1-benzofuran-6-yl]methanamine",,,
bmse011902,/Users/alfred/Documents/GitHub/DDLS_project/code/get_bmrb_data/bmrb_nmrstar/bmse011902/bmse011902.str,no_1H_data_found,0,,,(3R)-N-phenylpyrrolidin-3-amine,,,
bmse011903,/Users/alfred/Documents/GitHub/DDLS_project/code/get_bmrb_data/bmrb_nmrstar/bmse011903/bmse011903.str,no_1H_data_found,0,,,N-methyl-1-(5-methylthiophen-2-yl)methanamine,,,
bmse011904,/Users/alfred/Documents/GitHub/DDLS_project/code/get_bmrb_data/bmrb_nmrstar/bmse011904/bmse011904.str,no_1H_data_found,0,,,"N'-(3,5-dichloropyridin-2-yl)ethane-1,2-diamine",,,
bmse011905,/Users/alfred/Documents/GitHub/DDLS_project/code/get_bmrb_data/bmrb_nmrstar/bmse011905/bmse011905.str,no_1H_data_found,0,,,"[1-(2,2,2-trifluoroethyl)imidazol-2-yl]methanamine",,,
bmse011906,/Users/alfred/Documents/GitHub/DDLS_project/code/get_bmrb_data/bmrb_nmrstar/bmse011906/bmse011906.str,no_1H_data_found,0,,,"[(2S)-1-(2,3-dihydroindol-1-yl)-1-oxopropan-2-yl]urea",,,
bmse011907,/Users/alfred/Documents/GitHub/DDLS_project/code/get_bmrb_data/bmrb_nmrstar/bmse011907/bmse011907.str,no_1H_data_found,0,,,5-fluoro-N-methyl-1-benzothiophene-2-carboxamide,,,
bmse011908,/Users/alfred/Documents/GitHub/DDLS_project/code/get_bmrb_data/bmrb_nmrstar/bmse011908/bmse011908.str,no_1H_data_found,0,,,N-ethyl-2-(6-methyl-1-benzofuran-3-yl)acetamide,,,
bmse011909,/Users/alfred/Documents/GitHub/DDLS_project/code/get_bmrb_data/bmrb_nmrstar/bmse011909/bmse011909.str,no_1H_data_found,0,,,5-hydroxy-2-methyl-1H-pyridin-4-one,,,
bmse011910,/Users/alfred/Documents/GitHub/DDLS_project/code/get_bmrb_data/bmrb_nmrstar/bmse011910/bmse011910.str,no_1H_data_found,0,,,"5-(methoxymethyl)-1,3,4-thiadiazol-2-amine",,,
bmse011911,/Users/alfred/Documents/GitHub/DDLS_project/code/get_bmrb_data/bmrb_nmrstar/bmse011911/bmse011911.str,no_1H_data_found,0,,,1-methylpyrrole-2-carboxamide,,,
bmse011912,/Users/alfred/Documents/GitHub/DDLS_project/code/get_bmrb_data/bmrb_nmrstar/bmse011912/bmse011912.str,no_1H_data_found,0,,,5-amino-2-methylpyridazin-3-one,,,
bmse011913,/Users/alfred/Documents/GitHub/DDLS_project/code/get_bmrb_data/bmrb_nmrstar/bmse011913/bmse011913.str,no_1H_data_found,0,,,6-aminopyridine-2-carboxamide,,,
bmse011914,/Users/alfred/Documents/GitHub/DDLS_project/code/get_bmrb_data/bmrb_nmrstar/bmse011914/bmse011914.str,no_1H_data_found,0,,,"3-methyl-1H-pyrimidine-2,4-dione",,,
bmse011915,/Users/alfred/Documents/GitHub/DDLS_project/code/get_bmrb_data/bmrb_nmrstar/bmse011915/bmse011915.str,no_1H_data_found,0,,,"(1R,2S,3S,6S,7R)-4-azatricyclo[4.2.1.03,7]nonan-2-ol",,,
bmse011916,/Users/alfred/Documents/GitHub/DDLS_project/code/get_bmrb_data/bmrb_nmrstar/bmse011916/bmse011916.str,no_1H_data_found,0,,,"2-amino-N-(1,3-thiazol-2-yl)acetamide",,,
bmse011917,/Users/alfred/Documents/GitHub/DDLS_project/code/get_bmrb_data/bmrb_nmrstar/bmse011917/bmse011917.str,no_1H_data_found,0,,,2-(methylaminomethyl)-3H-quinazolin-4-one,,,
bmse011918,/Users/alfred/Documents/GitHub/DDLS_project/code/get_bmrb_data/bmrb_nmrstar/bmse011918/bmse011918.str,no_1H_data_found,0,,,2-amino-N-(furan-2-ylmethyl)acetamide,,,
bmse011919,/Users/alfred/Documents/GitHub/DDLS_project/code/get_bmrb_data/bmrb_nmrstar/bmse011919/bmse011919.str,no_1H_data_found,0,,,"2-(1H-1,2,4-triazol-5-ylsulfanyl)acetamide",,,
bmse011920,/Users/alfred/Documents/GitHub/DDLS_project/code/get_bmrb_data/bmrb_nmrstar/bmse011920/bmse011920.str,no_1H_data_found,0,,,1-(2-aminoethyl)-3-phenylurea,,,
bmse011921,/Users/alfred/Documents/GitHub/DDLS_project/code/get_bmrb_data/bmrb_nmrstar/bmse011921/bmse011921.str,no_1H_data_found,0,,,(sulfamoylamino)methylbenzene,,,
bmse011922,/Users/alfred/Documents/GitHub/DDLS_project/code/get_bmrb_data/bmrb_nmrstar/bmse011922/bmse011922.str,no_1H_data_found,0,,,"(2S)-N-methyl-2,3-dihydro-1H-indole-2-carboxamide",,,
bmse011923,/Users/alfred/Documents/GitHub/DDLS_project/code/get_bmrb_data/bmrb_nmrstar/bmse011923/bmse011923.str,no_1H_data_found,0,,,"4-phenyl-1,2,3,6-tetrahydropyridine",,,
bmse011924,/Users/alfred/Documents/GitHub/DDLS_project/code/get_bmrb_data/bmrb_nmrstar/bmse011924/bmse011924.str,no_1H_data_found,0,,,N-propyl-1H-benzimidazol-2-amine,,,
bmse011925,/Users/alfred/Documents/GitHub/DDLS_project/code/get_bmrb_data/bmrb_nmrstar/bmse011925/bmse011925.str,no_1H_data_found,0,,,N-pyridin-3-ylmethanesulfonamide,,,
bmse011926,/Users/alfred/Documents/GitHub/DDLS_project/code/get_bmrb_data/bmrb_nmrstar/bmse011926/bmse011926.str,no_1H_data_found,0,,,3-amino-N-cyclopropylbenzamide,,,
bmse011927,/Users/alfred/Documents/GitHub/DDLS_project/code/get_bmrb_data/bmrb_nmrstar/bmse011927/bmse011927.str,no_1H_data_found,0,,,N-[(2-chlorophenyl)methyl]ethanamine,,,
bmse011928,/Users/alfred/Documents/GitHub/DDLS_project/code/get_bmrb_data/bmrb_nmrstar/bmse011928/bmse011928.str,no_1H_data_found,0,,,1H-indole-2-carboxamide,,,
bmse011929,/Users/alfred/Documents/GitHub/DDLS_project/code/get_bmrb_data/bmrb_nmrstar/bmse011929/bmse011929.str,no_1H_data_found,0,,,N-cyclohexyl-3-methylbutanamide,,,
bmse011930,/Users/alfred/Documents/GitHub/DDLS_project/code/get_bmrb_data/bmrb_nmrstar/bmse011930/bmse011930.str,no_1H_data_found,0,,,N-(2-fluorophenyl)-2-methoxyacetamide,,,
bmse011931,/Users/alfred/Documents/GitHub/DDLS_project/code/get_bmrb_data/bmrb_nmrstar/bmse011931/bmse011931.str,no_1H_data_found,0,,,N-(2-methylbutan-2-yl)cyclopropanecarboxamide,,,
bmse011932,/Users/alfred/Documents/GitHub/DDLS_project/code/get_bmrb_data/bmrb_nmrstar/bmse011932/bmse011932.str,no_1H_data_found,0,,,5-chloro-2-hydroxybenzamide,,,
bmse011933,/Users/alfred/Documents/GitHub/DDLS_project/code/get_bmrb_data/bmrb_nmrstar/bmse011933/bmse011933.str,no_1H_data_found,0,,,"(1R,9R)-9,10-dimethyl-8-oxa-10,12-diazatricyclo[7.3.1.02,7]trideca-2,4,6-trien-11-one",,,
bmse011934,/Users/alfred/Documents/GitHub/DDLS_project/code/get_bmrb_data/bmrb_nmrstar/bmse011934/bmse011934.str,no_1H_data_found,0,,,"1-[(3R)-1,1-dioxothiolan-3-yl]-3-[(4-fluorophenyl)methyl]urea",,,
bmse011935,/Users/alfred/Documents/GitHub/DDLS_project/code/get_bmrb_data/bmrb_nmrstar/bmse011935/bmse011935.str,no_1H_data_found,0,,,"(5S,7S)-5,7-dimethyl-4,5,6,7-tetrahydropyrazolo[1,5-a]pyrimidine",,,
bmse011936,/Users/alfred/Documents/GitHub/DDLS_project/code/get_bmrb_data/bmrb_nmrstar/bmse011936/bmse011936.str,no_1H_data_found,0,,,"1-[(3,5-dimethyl-1,2-oxazol-4-yl)methyl]-3-ethyl-1-methylurea",,,
bmse011937,/Users/alfred/Documents/GitHub/DDLS_project/code/get_bmrb_data/bmrb_nmrstar/bmse011937/bmse011937.str,no_1H_data_found,0,,,(2R)-N-(methylcarbamoyl)-2-piperidin-1-ylpropanamide,,,
bmse011938,/Users/alfred/Documents/GitHub/DDLS_project/code/get_bmrb_data/bmrb_nmrstar/bmse011938/bmse011938.str,no_1H_data_found,0,,,"2-(furan-2-yl)-N-methyl-1,3-thiazole-5-carboxamide",,,
bmse011939,/Users/alfred/Documents/GitHub/DDLS_project/code/get_bmrb_data/bmrb_nmrstar/bmse011939/bmse011939.str,no_1H_data_found,0,,,"5-methyl-N-(1,3-thiazol-2-ylmethyl)-1H-pyrazole-3-carboxamide",,,
bmse011940,/Users/alfred/Documents/GitHub/DDLS_project/code/get_bmrb_data/bmrb_nmrstar/bmse011940/bmse011940.str,no_1H_data_found,0,,,"(2R)-N-phenyl-1,4-dioxane-2-carboxamide",,,
bmse011941,/Users/alfred/Documents/GitHub/DDLS_project/code/get_bmrb_data/bmrb_nmrstar/bmse011941/bmse011941.str,no_1H_data_found,0,,,[2-[(dimethylamino)methyl]phenyl]methanamine,,,
bmse011942,/Users/alfred/Documents/GitHub/DDLS_project/code/get_bmrb_data/bmrb_nmrstar/bmse011942/bmse011942.str,no_1H_data_found,0,,,N-[4-(aminomethyl)phenyl]furan-2-carboxamide,,,
bmse011943,/Users/alfred/Documents/GitHub/DDLS_project/code/get_bmrb_data/bmrb_nmrstar/bmse011943/bmse011943.str,no_1H_data_found,0,,,4-[2-(methylamino)ethyl]benzonitrile,,,
bmse011944,/Users/alfred/Documents/GitHub/DDLS_project/code/get_bmrb_data/bmrb_nmrstar/bmse011944/bmse011944.str,no_1H_data_found,0,,,N-ethyl-2-hydroxybenzamide,,,
bmse011945,/Users/alfred/Documents/GitHub/DDLS_project/code/get_bmrb_data/bmrb_nmrstar/bmse011945/bmse011945.str,no_1H_data_found,0,,,"(5S)-2-methyl-4,5,6,7-tetrahydro-3H-benzimidazol-5-amine",,,
bmse011946,/Users/alfred/Documents/GitHub/DDLS_project/code/get_bmrb_data/bmrb_nmrstar/bmse011946/bmse011946.str,no_1H_data_found,0,,,2-(methanesulfonamido)benzamide,,,
bmse011947,/Users/alfred/Documents/GitHub/DDLS_project/code/get_bmrb_data/bmrb_nmrstar/bmse011947/bmse011947.str,no_1H_data_found,0,,,N-[(2S)-butan-2-yl]thiophene-2-sulfonamide,,,
bmse011948,/Users/alfred/Documents/GitHub/DDLS_project/code/get_bmrb_data/bmrb_nmrstar/bmse011948/bmse011948.str,no_1H_data_found,0,,,5-methylfuran-2-carboxamide,,,
bmse011949,/Users/alfred/Documents/GitHub/DDLS_project/code/get_bmrb_data/bmrb_nmrstar/bmse011949/bmse011949.str,no_1H_data_found,0,,,3-phenylpropanoic acid,,,
bmse011950,/Users/alfred/Documents/GitHub/DDLS_project/code/get_bmrb_data/bmrb_nmrstar/bmse011950/bmse011950.str,no_1H_data_found,0,,,1H-indol-4-amine,,,
bmse011951,/Users/alfred/Documents/GitHub/DDLS_project/code/get_bmrb_data/bmrb_nmrstar/bmse011951/bmse011951.str,no_1H_data_found,0,,,"2,3-dihydroisoindol-1-one",,,
bmse011952,/Users/alfred/Documents/GitHub/DDLS_project/code/get_bmrb_data/bmrb_nmrstar/bmse011952/bmse011952.str,no_1H_data_found,0,,,"5-propan-2-yl-1H-1,2,4-triazol-3-amine",,,
bmse011953,/Users/alfred/Documents/GitHub/DDLS_project/code/get_bmrb_data/bmrb_nmrstar/bmse011953/bmse011953.str,no_1H_data_found,0,,,N-cyclohexylpyridin-2-amine,,,
bmse011954,/Users/alfred/Documents/GitHub/DDLS_project/code/get_bmrb_data/bmrb_nmrstar/bmse011954/bmse011954.str,no_1H_data_found,0,,,3-fluoro-N-(pyridin-3-ylmethyl)benzenesulfonamide,,,
bmse011955,/Users/alfred/Documents/GitHub/DDLS_project/code/get_bmrb_data/bmrb_nmrstar/bmse011955/bmse011955.str,no_1H_data_found,0,,,"N-[(4-fluorophenyl)methyl]-3,5-dimethyl-1,2-oxazole-4-carboxamide",,,
bmse011956,/Users/alfred/Documents/GitHub/DDLS_project/code/get_bmrb_data/bmrb_nmrstar/bmse011956/bmse011956.str,no_1H_data_found,0,,,N-(3-acetamidophenyl)-5-methylfuran-2-carboxamide,,,
bmse011957,/Users/alfred/Documents/GitHub/DDLS_project/code/get_bmrb_data/bmrb_nmrstar/bmse011957/bmse011957.str,no_1H_data_found,0,,,4-(aminomethyl)phenol,,,
bmse011958,/Users/alfred/Documents/GitHub/DDLS_project/code/get_bmrb_data/bmrb_nmrstar/bmse011958/bmse011958.str,no_1H_data_found,0,,,2-propoxyaniline,,,
bmse011959,/Users/alfred/Documents/GitHub/DDLS_project/code/get_bmrb_data/bmrb_nmrstar/bmse011959/bmse011959.str,no_1H_data_found,0,,,piperidine-4-carboxamide,,,
bmse011960,/Users/alfred/Documents/GitHub/DDLS_project/code/get_bmrb_data/bmrb_nmrstar/bmse011960/bmse011960.str,no_1H_data_found,0,,,cyclohexylurea,,,
bmse011961,/Users/alfred/Documents/GitHub/DDLS_project/code/get_bmrb_data/bmrb_nmrstar/bmse011961/bmse011961.str,no_1H_data_found,0,,,3-ethoxy-4-hydroxybenzonitrile,,,
bmse011962,/Users/alfred/Documents/GitHub/DDLS_project/code/get_bmrb_data/bmrb_nmrstar/bmse011962/bmse011962.str,no_1H_data_found,0,,,5-phenylpyrimidin-4-amine,,,
bmse011963,/Users/alfred/Documents/GitHub/DDLS_project/code/get_bmrb_data/bmrb_nmrstar/bmse011963/bmse011963.str,no_1H_data_found,0,,,"1-(2-hydroxyphenyl)pyrrolidine-2,5-dione",,,
bmse011964,/Users/alfred/Documents/GitHub/DDLS_project/code/get_bmrb_data/bmrb_nmrstar/bmse011964/bmse011964.str,no_1H_data_found,0,,,"2-methyl-6,7-dihydro-1H-[1,4]dioxino[2,3-f]benzimidazole",,,
bmse011965,/Users/alfred/Documents/GitHub/DDLS_project/code/get_bmrb_data/bmrb_nmrstar/bmse011965/bmse011965.str,no_1H_data_found,0,,,2-hydroxybenzonitrile,,,
bmse011966,/Users/alfred/Documents/GitHub/DDLS_project/code/get_bmrb_data/bmrb_nmrstar/bmse011966/bmse011966.str,no_1H_data_found,0,,,(1R)-1-phenylpropan-1-amine,,,
bmse011967,/Users/alfred/Documents/GitHub/DDLS_project/code/get_bmrb_data/bmrb_nmrstar/bmse011967/bmse011967.str,no_1H_data_found,0,,,"5,6,7,8-tetrahydro-2H-cinnolin-3-one",,,
bmse011968,/Users/alfred/Documents/GitHub/DDLS_project/code/get_bmrb_data/bmrb_nmrstar/bmse011968/bmse011968.str,no_1H_data_found,0,,,"(3S)-3-amino-3,4-dihydro-1H-quinolin-2-one",,,
bmse011969,/Users/alfred/Documents/GitHub/DDLS_project/code/get_bmrb_data/bmrb_nmrstar/bmse011969/bmse011969.str,no_1H_data_found,0,,,"N-methyl-2,3-dihydro-1H-inden-2-amine",,,
bmse011970,/Users/alfred/Documents/GitHub/DDLS_project/code/get_bmrb_data/bmrb_nmrstar/bmse011970/bmse011970.str,no_1H_data_found,0,,,2-(5-fluoro-1H-indol-3-yl)ethanamine,,,
bmse011971,/Users/alfred/Documents/GitHub/DDLS_project/code/get_bmrb_data/bmrb_nmrstar/bmse011971/bmse011971.str,no_1H_data_found,0,,,(3-methoxyphenyl)urea,,,
bmse011972,/Users/alfred/Documents/GitHub/DDLS_project/code/get_bmrb_data/bmrb_nmrstar/bmse011972/bmse011972.str,no_1H_data_found,0,,,"N,2-dihydroxybenzamide",,,
bmse011973,/Users/alfred/Documents/GitHub/DDLS_project/code/get_bmrb_data/bmrb_nmrstar/bmse011973/bmse011973.str,no_1H_data_found,0,,,"2,3-dihydro-1H-isoindole",,,
bmse011974,/Users/alfred/Documents/GitHub/DDLS_project/code/get_bmrb_data/bmrb_nmrstar/bmse011974/bmse011974.str,no_1H_data_found,0,,,"(3aS,7aS)-3a,4,5,6,7,7a-hexahydroisoindole-1,3-dione",,,
bmse011975,/Users/alfred/Documents/GitHub/DDLS_project/code/get_bmrb_data/bmrb_nmrstar/bmse011975/bmse011975.str,no_1H_data_found,0,,,3-(aminomethyl)aniline,,,
bmse011976,/Users/alfred/Documents/GitHub/DDLS_project/code/get_bmrb_data/bmrb_nmrstar/bmse011976/bmse011976.str,no_1H_data_found,0,,,2-amino-4-chlorophenol,,,
bmse011977,/Users/alfred/Documents/GitHub/DDLS_project/code/get_bmrb_data/bmrb_nmrstar/bmse011977/bmse011977.str,no_1H_data_found,0,,,N-(3-hydroxyphenyl)acetamide,,,
bmse011978,/Users/alfred/Documents/GitHub/DDLS_project/code/get_bmrb_data/bmrb_nmrstar/bmse011978/bmse011978.str,no_1H_data_found,0,,,"5-bromo-1,3-dihydroindol-2-one",,,
bmse011979,/Users/alfred/Documents/GitHub/DDLS_project/code/get_bmrb_data/bmrb_nmrstar/bmse011979/bmse011979.str,no_1H_data_found,0,,,benzohydrazide,,,
bmse011980,/Users/alfred/Documents/GitHub/DDLS_project/code/get_bmrb_data/bmrb_nmrstar/bmse011980/bmse011980.str,no_1H_data_found,0,,,2-anilinoethanol,,,
bmse011981,/Users/alfred/Documents/GitHub/DDLS_project/code/get_bmrb_data/bmrb_nmrstar/bmse011981/bmse011981.str,no_1H_data_found,0,,,1-(4-methoxyphenyl)-N-methylmethanamine,,,
bmse011982,/Users/alfred/Documents/GitHub/DDLS_project/code/get_bmrb_data/bmrb_nmrstar/bmse011982/bmse011982.str,no_1H_data_found,0,,,"N-methyl-3,4-dihydro-2H-1,5-benzodioxepine-7-carboxamide",,,
bmse011983,/Users/alfred/Documents/GitHub/DDLS_project/code/get_bmrb_data/bmrb_nmrstar/bmse011983/bmse011983.str,no_1H_data_found,0,,,1-piperazin-1-ylethanone,,,
bmse011984,/Users/alfred/Documents/GitHub/DDLS_project/code/get_bmrb_data/bmrb_nmrstar/bmse011984/bmse011984.str,no_1H_data_found,0,,,"N-methyl-2-oxo-1,3-dihydrobenzimidazole-5-sulfonamide",,,
bmse011985,/Users/alfred/Documents/GitHub/DDLS_project/code/get_bmrb_data/bmrb_nmrstar/bmse011985/bmse011985.str,no_1H_data_found,0,,,phenylurea,,,
bmse011986,/Users/alfred/Documents/GitHub/DDLS_project/code/get_bmrb_data/bmrb_nmrstar/bmse011986/bmse011986.str,no_1H_data_found,0,,,5-(trifluoromethyl)-1H-pyrazole,,,
bmse011987,/Users/alfred/Documents/GitHub/DDLS_project/code/get_bmrb_data/bmrb_nmrstar/bmse011987/bmse011987.str,no_1H_data_found,0,,,4-methoxy-N-methylbenzamide,,,
bmse011988,/Users/alfred/Documents/GitHub/DDLS_project/code/get_bmrb_data/bmrb_nmrstar/bmse011988/bmse011988.str,no_1H_data_found,0,,,N-phenylacetamide,,,
bmse011989,/Users/alfred/Documents/GitHub/DDLS_project/code/get_bmrb_data/bmrb_nmrstar/bmse011989/bmse011989.str,no_1H_data_found,0,,,N-(furan-2-ylmethyl)pyridin-2-amine,,,
bmse011990,/Users/alfred/Documents/GitHub/DDLS_project/code/get_bmrb_data/bmrb_nmrstar/bmse011990/bmse011990.str,no_1H_data_found,0,,,"4H-1,4-benzoxazin-3-one",,,
bmse011991,/Users/alfred/Documents/GitHub/DDLS_project/code/get_bmrb_data/bmrb_nmrstar/bmse011991/bmse011991.str,no_1H_data_found,0,,,N-(3-amino-4-methylphenyl)acetamide,,,
bmse011992,/Users/alfred/Documents/GitHub/DDLS_project/code/get_bmrb_data/bmrb_nmrstar/bmse011992/bmse011992.str,no_1H_data_found,0,,,benzenesulfonamide,,,
bmse011993,/Users/alfred/Documents/GitHub/DDLS_project/code/get_bmrb_data/bmrb_nmrstar/bmse011993/bmse011993.str,no_1H_data_found,0,,,pyridine-3-carboxamide,,,
bmse011994,/Users/alfred/Documents/GitHub/DDLS_project/code/get_bmrb_data/bmrb_nmrstar/bmse011994/bmse011994.str,no_1H_data_found,0,,,"4,6-dimethylpyrimidin-2-amine",,,
bmse011995,/Users/alfred/Documents/GitHub/DDLS_project/code/get_bmrb_data/bmrb_nmrstar/bmse011995/bmse011995.str,no_1H_data_found,0,,,5-bromopyridin-3-amine,,,
bmse011996,/Users/alfred/Documents/GitHub/DDLS_project/code/get_bmrb_data/bmrb_nmrstar/bmse011996/bmse011996.str,no_1H_data_found,0,,,"pyrrolo[3,4-b]pyridine-5,7-dione",,,
bmse011997,/Users/alfred/Documents/GitHub/DDLS_project/code/get_bmrb_data/bmrb_nmrstar/bmse011997/bmse011997.str,no_1H_data_found,0,,,"N-(1,3-thiazol-2-yl)acetamide",,,
bmse011998,/Users/alfred/Documents/GitHub/DDLS_project/code/get_bmrb_data/bmrb_nmrstar/bmse011998/bmse011998.str,no_1H_data_found,0,,,2-(benzenesulfonyl)acetamide,,,
bmse011999,/Users/alfred/Documents/GitHub/DDLS_project/code/get_bmrb_data/bmrb_nmrstar/bmse011999/bmse011999.str,no_1H_data_found,0,,,"6,7-dimethoxy-1,2,3,4-tetrahydroisoquinoline",,,
bmse012000,/Users/alfred/Documents/GitHub/DDLS_project/code/get_bmrb_data/bmrb_nmrstar/bmse012000/bmse012000.str,no_1H_data_found,0,,,"2,6-dimethylpyridin-4-amine",,,
bmse012001,/Users/alfred/Documents/GitHub/DDLS_project/code/get_bmrb_data/bmrb_nmrstar/bmse012001/bmse012001.str,no_1H_data_found,0,,,"5-aminoisoindole-1,3-dione",,,
bmse012002,/Users/alfred/Documents/GitHub/DDLS_project/code/get_bmrb_data/bmrb_nmrstar/bmse012002/bmse012002.str,no_1H_data_found,0,,,4-bromo-N-[(2R)-2-hydroxypropyl]benzenesulfonamide,,,
bmse012003,/Users/alfred/Documents/GitHub/DDLS_project/code/get_bmrb_data/bmrb_nmrstar/bmse012003/bmse012003.str,no_1H_data_found,0,,,N-(3-chloro-4-methylphenyl)acetamide,,,
bmse012004,/Users/alfred/Documents/GitHub/DDLS_project/code/get_bmrb_data/bmrb_nmrstar/bmse012004/bmse012004.str,no_1H_data_found,0,,,N-[(2-chloro-6-fluorophenyl)methyl]cyclopropanamine,,,
bmse012005,/Users/alfred/Documents/GitHub/DDLS_project/code/get_bmrb_data/bmrb_nmrstar/bmse012005/bmse012005.str,no_1H_data_found,0,,,N-(2-methylsulfanylphenyl)propanamide,,,
bmse012006,/Users/alfred/Documents/GitHub/DDLS_project/code/get_bmrb_data/bmrb_nmrstar/bmse012006/bmse012006.str,no_1H_data_found,0,,,"N-(1,3-benzodioxol-5-yl)butanamide",,,
bmse012007,/Users/alfred/Documents/GitHub/DDLS_project/code/get_bmrb_data/bmrb_nmrstar/bmse012007/bmse012007.str,no_1H_data_found,0,,,"2-(1,3-benzoxazol-2-ylsulfanyl)acetamide",,,
bmse012008,/Users/alfred/Documents/GitHub/DDLS_project/code/get_bmrb_data/bmrb_nmrstar/bmse012008/bmse012008.str,no_1H_data_found,0,,,N-(2-ethylphenyl)cyclopropanecarboxamide,,,
bmse012009,/Users/alfred/Documents/GitHub/DDLS_project/code/get_bmrb_data/bmrb_nmrstar/bmse012009/bmse012009.str,no_1H_data_found,0,,,"2-(1,3,4-oxadiazol-2-yl)phenol",,,
bmse012010,/Users/alfred/Documents/GitHub/DDLS_project/code/get_bmrb_data/bmrb_nmrstar/bmse012010/bmse012010.str,no_1H_data_found,0,,,4-ethoxy-N-methylbenzenesulfonamide,,,
bmse012011,/Users/alfred/Documents/GitHub/DDLS_project/code/get_bmrb_data/bmrb_nmrstar/bmse012011/bmse012011.str,no_1H_data_found,0,,,"N-(1,5-dimethyl-3-oxo-2-phenylpyrazol-4-yl)-3-methylbutanamide",,,
bmse012012,/Users/alfred/Documents/GitHub/DDLS_project/code/get_bmrb_data/bmrb_nmrstar/bmse012012/bmse012012.str,no_1H_data_found,0,,,"6-amino-1-benzyl-5-bromopyrimidine-2,4-dione",,,
bmse012013,/Users/alfred/Documents/GitHub/DDLS_project/code/get_bmrb_data/bmrb_nmrstar/bmse012013/bmse012013.str,no_1H_data_found,0,,,N-(2-cyanophenyl)benzamide,,,
bmse012014,/Users/alfred/Documents/GitHub/DDLS_project/code/get_bmrb_data/bmrb_nmrstar/bmse012014/bmse012014.str,no_1H_data_found,0,,,(2-aminophenyl)methanol,,,
bmse012015,/Users/alfred/Documents/GitHub/DDLS_project/code/get_bmrb_data/bmrb_nmrstar/bmse012015/bmse012015.str,no_1H_data_found,0,,,3-methoxynaphthalene-2-carboxamide,,,
bmse012016,/Users/alfred/Documents/GitHub/DDLS_project/code/get_bmrb_data/bmrb_nmrstar/bmse012016/bmse012016.str,no_1H_data_found,0,,,2-aminothiophene-3-carboxamide,,,
bmse012017,/Users/alfred/Documents/GitHub/DDLS_project/code/get_bmrb_data/bmrb_nmrstar/bmse012017/bmse012017.str,no_1H_data_found,0,,,N-(5-methylpyridin-2-yl)propanamide,,,
bmse012018,/Users/alfred/Documents/GitHub/DDLS_project/code/get_bmrb_data/bmrb_nmrstar/bmse012018/bmse012018.str,no_1H_data_found,0,,,5-(trifluoromethyl)-1H-pyrazol-3-amine,,,
bmse012019,/Users/alfred/Documents/GitHub/DDLS_project/code/get_bmrb_data/bmrb_nmrstar/bmse012019/bmse012019.str,no_1H_data_found,0,,,"1H-pyrazolo[3,4-b]pyridin-5-amine",,,
bmse012020,/Users/alfred/Documents/GitHub/DDLS_project/code/get_bmrb_data/bmrb_nmrstar/bmse012020/bmse012020.str,no_1H_data_found,0,,,3-amino-5-bromo-1-methylpyridin-4-one,,,
bmse012021,/Users/alfred/Documents/GitHub/DDLS_project/code/get_bmrb_data/bmrb_nmrstar/bmse012021/bmse012021.str,no_1H_data_found,0,,,EU-OPENSCREEN Compound 102738,,,
bmse012022,/Users/alfred/Documents/GitHub/DDLS_project/code/get_bmrb_data/bmrb_nmrstar/bmse012022/bmse012022.str,no_1H_data_found,0,,,"N-cyclopropyl-4-methyl-1,3-thiazol-2-amine",,,
bmse012023,/Users/alfred/Documents/GitHub/DDLS_project/code/get_bmrb_data/bmrb_nmrstar/bmse012023/bmse012023.str,no_1H_data_found,0,,,2-(4-methylphenyl)sulfanylethanamine,,,
bmse012024,/Users/alfred/Documents/GitHub/DDLS_project/code/get_bmrb_data/bmrb_nmrstar/bmse012024/bmse012024.str,no_1H_data_found,0,,,N-methyl-6-oxo-1H-pyridine-3-carboxamide,,,
bmse012025,/Users/alfred/Documents/GitHub/DDLS_project/code/get_bmrb_data/bmrb_nmrstar/bmse012025/bmse012025.str,no_1H_data_found,0,,,4-[(tert-butylamino)methyl]phenol,,,
bmse012026,/Users/alfred/Documents/GitHub/DDLS_project/code/get_bmrb_data/bmrb_nmrstar/bmse012026/bmse012026.str,no_1H_data_found,0,,,"2,2-dimethyl-1H-quinoline",,,
bmse012027,/Users/alfred/Documents/GitHub/DDLS_project/code/get_bmrb_data/bmrb_nmrstar/bmse012027/bmse012027.str,no_1H_data_found,0,,,"1,2,3,4-tetrahydroquinoline",,,
bmse012028,/Users/alfred/Documents/GitHub/DDLS_project/code/get_bmrb_data/bmrb_nmrstar/bmse012028/bmse012028.str,no_1H_data_found,0,,,2-(benzimidazol-1-yl)-N-methylacetamide,,,
bmse012029,/Users/alfred/Documents/GitHub/DDLS_project/code/get_bmrb_data/bmrb_nmrstar/bmse012029/bmse012029.str,no_1H_data_found,0,,,2-[2-(methylamino)ethyl]phenol,,,
bmse012030,/Users/alfred/Documents/GitHub/DDLS_project/code/get_bmrb_data/bmrb_nmrstar/bmse012030/bmse012030.str,no_1H_data_found,0,,,"(1R)-1-[4-(1,1-dioxo-1,2-thiazolidin-2-yl)phenyl]-N-methylethanamine",,,
bmse012031,/Users/alfred/Documents/GitHub/DDLS_project/code/get_bmrb_data/bmrb_nmrstar/bmse012031/bmse012031.str,no_1H_data_found,0,,,"(3R)-3-ethyl-3-(4-methylphenyl)pyrrolidine-2,5-dione",,,
bmse012032,/Users/alfred/Documents/GitHub/DDLS_project/code/get_bmrb_data/bmrb_nmrstar/bmse012032/bmse012032.str,no_1H_data_found,0,,,"(2,5-dimethyl-1H-imidazol-4-yl)methanamine",,,
bmse012033,/Users/alfred/Documents/GitHub/DDLS_project/code/get_bmrb_data/bmrb_nmrstar/bmse012033/bmse012033.str,no_1H_data_found,0,,,3-amino-1-pyrrolidin-1-ylpropan-1-one,,,
bmse012034,/Users/alfred/Documents/GitHub/DDLS_project/code/get_bmrb_data/bmrb_nmrstar/bmse012034/bmse012034.str,no_1H_data_found,0,,,N-(3-hydroxyphenyl)propane-1-sulfonamide,,,
bmse012035,/Users/alfred/Documents/GitHub/DDLS_project/code/get_bmrb_data/bmrb_nmrstar/bmse012035/bmse012035.str,no_1H_data_found,0,,,N-(4-hydroxyphenyl)furan-2-carboxamide,,,
bmse012036,/Users/alfred/Documents/GitHub/DDLS_project/code/get_bmrb_data/bmrb_nmrstar/bmse012036/bmse012036.str,no_1H_data_found,0,,,"2-[(2R)-3-oxo-4H-1,4-benzothiazin-2-yl]acetamide",,,
bmse012037,/Users/alfred/Documents/GitHub/DDLS_project/code/get_bmrb_data/bmrb_nmrstar/bmse012037/bmse012037.str,no_1H_data_found,0,,,N-[(1S)-1-(furan-2-yl)ethyl]cyclopropanamine,,,
bmse012038,/Users/alfred/Documents/GitHub/DDLS_project/code/get_bmrb_data/bmrb_nmrstar/bmse012038/bmse012038.str,no_1H_data_found,0,,,"(1R,2S)-1-amino-1-phenylpropan-2-ol",,,
bmse012039,/Users/alfred/Documents/GitHub/DDLS_project/code/get_bmrb_data/bmrb_nmrstar/bmse012039/bmse012039.str,no_1H_data_found,0,,,"(5S)-5-methyl-5-propylimidazolidine-2,4-dione",,,
bmse012040,/Users/alfred/Documents/GitHub/DDLS_project/code/get_bmrb_data/bmrb_nmrstar/bmse012040/bmse012040.str,no_1H_data_found,0,,,N-methyl-3-phenylpropanamide,,,
bmse012041,/Users/alfred/Documents/GitHub/DDLS_project/code/get_bmrb_data/bmrb_nmrstar/bmse012041/bmse012041.str,no_1H_data_found,0,,,N-methyl-1-(2-methyl-1-benzofuran-3-yl)methanamine,,,
bmse012042,/Users/alfred/Documents/GitHub/DDLS_project/code/get_bmrb_data/bmrb_nmrstar/bmse012042/bmse012042.str,no_1H_data_found,0,,,(3R)-3-amino-3-(4-fluorophenyl)propan-1-ol,,,
bmse012043,/Users/alfred/Documents/GitHub/DDLS_project/code/get_bmrb_data/bmrb_nmrstar/bmse012043/bmse012043.str,no_1H_data_found,0,,,4-(methylsulfonylmethyl)piperidine,,,
bmse012044,/Users/alfred/Documents/GitHub/DDLS_project/code/get_bmrb_data/bmrb_nmrstar/bmse012044/bmse012044.str,no_1H_data_found,0,,,N-(oxan-4-yl)azetidin-3-amine,,,
bmse012045,/Users/alfred/Documents/GitHub/DDLS_project/code/get_bmrb_data/bmrb_nmrstar/bmse012045/bmse012045.str,no_1H_data_found,0,,,"5-methyl-6,7-dihydro-4H-[1,3]thiazolo[5,4-c]pyridin-2-amine",,,
bmse012046,/Users/alfred/Documents/GitHub/DDLS_project/code/get_bmrb_data/bmrb_nmrstar/bmse012046/bmse012046.str,no_1H_data_found,0,,,2-hydroxy-N-(3-methylphenyl)acetamide,,,
bmse012047,/Users/alfred/Documents/GitHub/DDLS_project/code/get_bmrb_data/bmrb_nmrstar/bmse012047/bmse012047.str,no_1H_data_found,0,,,2-chloro-5-methylsulfanylbenzamide,,,
bmse012048,/Users/alfred/Documents/GitHub/DDLS_project/code/get_bmrb_data/bmrb_nmrstar/bmse012048/bmse012048.str,no_1H_data_found,0,,,(2S)-spiro[2.5]octan-2-amine,,,
bmse012049,/Users/alfred/Documents/GitHub/DDLS_project/code/get_bmrb_data/bmrb_nmrstar/bmse012049/bmse012049.str,no_1H_data_found,0,,,"3-thiophen-3-yl-1,2-oxazol-5-amine",,,
bmse012050,/Users/alfred/Documents/GitHub/DDLS_project/code/get_bmrb_data/bmrb_nmrstar/bmse012050/bmse012050.str,no_1H_data_found,0,,,N-[(3-methylthiophen-2-yl)methyl]propan-2-amine,,,
bmse012051,/Users/alfred/Documents/GitHub/DDLS_project/code/get_bmrb_data/bmrb_nmrstar/bmse012051/bmse012051.str,no_1H_data_found,0,,,"(2R,5S)-5-(aminomethyl)-N,N-dimethyloxolane-2-carboxamide",,,
bmse012052,/Users/alfred/Documents/GitHub/DDLS_project/code/get_bmrb_data/bmrb_nmrstar/bmse012052/bmse012052.str,no_1H_data_found,0,,,"(4R)-4-amino-1-(2,2,2-trifluoroethyl)pyrrolidin-2-one",,,
bmse012053,/Users/alfred/Documents/GitHub/DDLS_project/code/get_bmrb_data/bmrb_nmrstar/bmse012053/bmse012053.str,no_1H_data_found,0,,,3-chloropyridine-4-carboxamide,,,
bmse012054,/Users/alfred/Documents/GitHub/DDLS_project/code/get_bmrb_data/bmrb_nmrstar/bmse012054/bmse012054.str,no_1H_data_found,0,,,"(2R)-2-(5-methyl-1H-1,2,4-triazol-3-yl)piperidine",,,
bmse012055,/Users/alfred/Documents/GitHub/DDLS_project/code/get_bmrb_data/bmrb_nmrstar/bmse012055/bmse012055.str,no_1H_data_found,0,,,(5R)-5-phenylpyrrolidin-2-one,,,
bmse012056,/Users/alfred/Documents/GitHub/DDLS_project/code/get_bmrb_data/bmrb_nmrstar/bmse012056/bmse012056.str,no_1H_data_found,0,,,(2R)-2-amino-2-cyclohexylpropan-1-ol,,,
bmse012057,/Users/alfred/Documents/GitHub/DDLS_project/code/get_bmrb_data/bmrb_nmrstar/bmse012057/bmse012057.str,no_1H_data_found,0,,,"(3S)-3-amino-1-propan-2-ylpyrrolidine-2,5-dione",,,
bmse012058,/Users/alfred/Documents/GitHub/DDLS_project/code/get_bmrb_data/bmrb_nmrstar/bmse012058/bmse012058.str,no_1H_data_found,0,,,2-[(2S)-6-oxopiperidin-2-yl]acetamide,,,
bmse012059,/Users/alfred/Documents/GitHub/DDLS_project/code/get_bmrb_data/bmrb_nmrstar/bmse012059/bmse012059.str,no_1H_data_found,0,,,N-(1H-indol-3-ylmethyl)ethanamine,,,
bmse012060,/Users/alfred/Documents/GitHub/DDLS_project/code/get_bmrb_data/bmrb_nmrstar/bmse012060/bmse012060.str,no_1H_data_found,0,,,"(1S)-1-(4-chlorophenyl)ethane-1,2-diamine",,,
bmse012061,/Users/alfred/Documents/GitHub/DDLS_project/code/get_bmrb_data/bmrb_nmrstar/bmse012061/bmse012061.str,no_1H_data_found,0,,,3-methoxy-N-propan-2-ylaniline,,,
bmse012062,/Users/alfred/Documents/GitHub/DDLS_project/code/get_bmrb_data/bmrb_nmrstar/bmse012062/bmse012062.str,no_1H_data_found,0,,,N-(1H-imidazol-5-ylmethyl)aniline,,,
bmse012063,/Users/alfred/Documents/GitHub/DDLS_project/code/get_bmrb_data/bmrb_nmrstar/bmse012063/bmse012063.str,no_1H_data_found,0,,,4-phenyl-2H-triazole,,,
bmse012064,/Users/alfred/Documents/GitHub/DDLS_project/code/get_bmrb_data/bmrb_nmrstar/bmse012064/bmse012064.str,no_1H_data_found,0,,,N-[(5-sulfamoylthiophen-2-yl)methyl]acetamide,,,
bmse012065,/Users/alfred/Documents/GitHub/DDLS_project/code/get_bmrb_data/bmrb_nmrstar/bmse012065/bmse012065.str,no_1H_data_found,0,,,"(4R)-5,8-dimethoxy-1,2,3,4-tetrahydroisoquinolin-4-ol",,,
bmse012066,/Users/alfred/Documents/GitHub/DDLS_project/code/get_bmrb_data/bmrb_nmrstar/bmse012066/bmse012066.str,no_1H_data_found,0,,,"(3S)-3-(3,5-dimethyl-1-phenylpyrazol-4-yl)morpholine",,,
bmse012067,/Users/alfred/Documents/GitHub/DDLS_project/code/get_bmrb_data/bmrb_nmrstar/bmse012067/bmse012067.str,no_1H_data_found,0,,,3-(phenoxymethyl)aniline,,,
bmse012068,/Users/alfred/Documents/GitHub/DDLS_project/code/get_bmrb_data/bmrb_nmrstar/bmse012068/bmse012068.str,no_1H_data_found,0,,,"N,N-dimethyl-1,2,3,4-tetrahydroquinoline-6-carboxamide",,,
bmse012069,/Users/alfred/Documents/GitHub/DDLS_project/code/get_bmrb_data/bmrb_nmrstar/bmse012069/bmse012069.str,no_1H_data_found,0,,,2-amino-N-ethyl-N-phenylacetamide,,,
bmse012070,/Users/alfred/Documents/GitHub/DDLS_project/code/get_bmrb_data/bmrb_nmrstar/bmse012070/bmse012070.str,no_1H_data_found,0,,,"[(2S)-1,1-dioxothian-2-yl]methanamine",,,
bmse012071,/Users/alfred/Documents/GitHub/DDLS_project/code/get_bmrb_data/bmrb_nmrstar/bmse012071/bmse012071.str,no_1H_data_found,0,,,[4-[(S)-methylsulfinyl]phenyl]methanamine,,,
bmse012072,/Users/alfred/Documents/GitHub/DDLS_project/code/get_bmrb_data/bmrb_nmrstar/bmse012072/bmse012072.str,no_1H_data_found,0,,,"5-(methoxymethyl)-1,2-oxazole-3-carboxamide",,,
bmse012073,/Users/alfred/Documents/GitHub/DDLS_project/code/get_bmrb_data/bmrb_nmrstar/bmse012073/bmse012073.str,no_1H_data_found,0,,,"(2S)-1-(1,3-benzodioxol-5-ylmethylamino)propan-2-ol",,,
bmse012074,/Users/alfred/Documents/GitHub/DDLS_project/code/get_bmrb_data/bmrb_nmrstar/bmse012074/bmse012074.str,no_1H_data_found,0,,,(6S)-6-tert-butylpiperidin-2-one,,,
bmse012075,/Users/alfred/Documents/GitHub/DDLS_project/code/get_bmrb_data/bmrb_nmrstar/bmse012075/bmse012075.str,no_1H_data_found,0,,,"3-methyl-5-(propylamino)-1,2-thiazole-4-carbonitrile",,,
bmse012076,/Users/alfred/Documents/GitHub/DDLS_project/code/get_bmrb_data/bmrb_nmrstar/bmse012076/bmse012076.str,no_1H_data_found,0,,,"6-methyl-3,4-dihydro-1H-quinolin-2-one",,,
bmse012077,/Users/alfred/Documents/GitHub/DDLS_project/code/get_bmrb_data/bmrb_nmrstar/bmse012077/bmse012077.str,no_1H_data_found,0,,,"(2R,3R)-1-methyl-6-oxo-2-phenylpiperidine-3-carboxamide",,,
bmse012078,/Users/alfred/Documents/GitHub/DDLS_project/code/get_bmrb_data/bmrb_nmrstar/bmse012078/bmse012078.str,no_1H_data_found,0,,,N-[(1R)-1-pyridin-2-ylethyl]cyclopropanamine,,,
bmse012079,/Users/alfred/Documents/GitHub/DDLS_project/code/get_bmrb_data/bmrb_nmrstar/bmse012079/bmse012079.str,no_1H_data_found,0,,,(4S)-4-phenylimidazolidin-2-one,,,
bmse012080,/Users/alfred/Documents/GitHub/DDLS_project/code/get_bmrb_data/bmrb_nmrstar/bmse012080/bmse012080.str,no_1H_data_found,0,,,"(3S)-N-ethyl-2,3-dihydro-1,4-benzodioxine-3-carboxamide",,,
bmse012081,/Users/alfred/Documents/GitHub/DDLS_project/code/get_bmrb_data/bmrb_nmrstar/bmse012081/bmse012081.str,no_1H_data_found,0,,,"(5R)-3-propan-2-yl-1,3,7-triazaspiro[4.4]nonane-2,4-dione",,,
bmse012082,/Users/alfred/Documents/GitHub/DDLS_project/code/get_bmrb_data/bmrb_nmrstar/bmse012082/bmse012082.str,no_1H_data_found,0,,,1-benzofuran-2-yl(piperazin-1-yl)methanone,,,
bmse012083,/Users/alfred/Documents/GitHub/DDLS_project/code/get_bmrb_data/bmrb_nmrstar/bmse012083/bmse012083.str,no_1H_data_found,0,,,N-tert-butyl-4-(methylamino)benzamide,,,
bmse012084,/Users/alfred/Documents/GitHub/DDLS_project/code/get_bmrb_data/bmrb_nmrstar/bmse012084/bmse012084.str,no_1H_data_found,0,,,5-(4-fluorophenoxy)pyridin-2-amine,,,
bmse012085,/Users/alfred/Documents/GitHub/DDLS_project/code/get_bmrb_data/bmrb_nmrstar/bmse012085/bmse012085.str,no_1H_data_found,0,,,4-(4-bromophenyl)-1H-pyrazole,,,
bmse012086,/Users/alfred/Documents/GitHub/DDLS_project/code/get_bmrb_data/bmrb_nmrstar/bmse012086/bmse012086.str,no_1H_data_found,0,,,"(3aS,9aR)-5,8-difluoro-2,3,3a,9a-tetrahydro-1H-[1,4]benzodioxino[2,3-c]pyrrole",,,
bmse012087,/Users/alfred/Documents/GitHub/DDLS_project/code/get_bmrb_data/bmrb_nmrstar/bmse012087/bmse012087.str,no_1H_data_found,0,,,"(1S,3R)-3-ethoxy-7-azaspiro[3.5]nonan-1-ol",,,
bmse012088,/Users/alfred/Documents/GitHub/DDLS_project/code/get_bmrb_data/bmrb_nmrstar/bmse012088/bmse012088.str,no_1H_data_found,0,,,"6-chloro-1,3-benzodioxol-5-amine",,,
bmse012089,/Users/alfred/Documents/GitHub/DDLS_project/code/get_bmrb_data/bmrb_nmrstar/bmse012089/bmse012089.str,no_1H_data_found,0,,,"2,3-dihydro-1,2-benzothiazole 1,1-dioxide",,,
bmse012090,/Users/alfred/Documents/GitHub/DDLS_project/code/get_bmrb_data/bmrb_nmrstar/bmse012090/bmse012090.str,no_1H_data_found,0,,,"2-[(1R)-1-aminoethyl]-N,N-dimethylaniline",,,
bmse012091,/Users/alfred/Documents/GitHub/DDLS_project/code/get_bmrb_data/bmrb_nmrstar/bmse012091/bmse012091.str,no_1H_data_found,0,,,"(1R)-N-methyl-1,2,3,4-tetrahydronaphthalen-1-amine",,,
bmse012092,/Users/alfred/Documents/GitHub/DDLS_project/code/get_bmrb_data/bmrb_nmrstar/bmse012092/bmse012092.str,no_1H_data_found,0,,,"1H-thieno[2,3-b][1,4]thiazin-2-one",,,
bmse012093,/Users/alfred/Documents/GitHub/DDLS_project/code/get_bmrb_data/bmrb_nmrstar/bmse012093/bmse012093.str,no_1H_data_found,0,,,1-(2-methylbutan-2-yl)-3-phenylurea,,,
bmse012094,/Users/alfred/Documents/GitHub/DDLS_project/code/get_bmrb_data/bmrb_nmrstar/bmse012094/bmse012094.str,no_1H_data_found,0,,,N-(3-methoxyphenyl)piperidin-4-amine,,,
bmse012095,/Users/alfred/Documents/GitHub/DDLS_project/code/get_bmrb_data/bmrb_nmrstar/bmse012095/bmse012095.str,no_1H_data_found,0,,,"2-thieno[2,3-d]pyrimidin-4-yloxyacetamide",,,
bmse012096,/Users/alfred/Documents/GitHub/DDLS_project/code/get_bmrb_data/bmrb_nmrstar/bmse012096/bmse012096.str,no_1H_data_found,0,,,quinolin-3-ylmethanamine,,,
bmse012097,/Users/alfred/Documents/GitHub/DDLS_project/code/get_bmrb_data/bmrb_nmrstar/bmse012097/bmse012097.str,no_1H_data_found,0,,,"7,7-dimethyl-1,4-thiazepane",,,
bmse012098,/Users/alfred/Documents/GitHub/DDLS_project/code/get_bmrb_data/bmrb_nmrstar/bmse012098/bmse012098.str,no_1H_data_found,0,,,"5-morpholin-4-yl-1H-pyrimidine-2,4-dione",,,
bmse012099,/Users/alfred/Documents/GitHub/DDLS_project/code/get_bmrb_data/bmrb_nmrstar/bmse012099/bmse012099.str,no_1H_data_found,0,,,"N,4-dimethylaniline",,,
bmse012100,/Users/alfred/Documents/GitHub/DDLS_project/code/get_bmrb_data/bmrb_nmrstar/bmse012100/bmse012100.str,no_1H_data_found,0,,,2-oxo-1H-quinoline-4-carboxamide,,,
bmse012101,/Users/alfred/Documents/GitHub/DDLS_project/code/get_bmrb_data/bmrb_nmrstar/bmse012101/bmse012101.str,no_1H_data_found,0,,,(2S)-2-[5-(methoxymethyl)furan-2-yl]pyrrolidine-1-carboxamide,,,
bmse012102,/Users/alfred/Documents/GitHub/DDLS_project/code/get_bmrb_data/bmrb_nmrstar/bmse012102/bmse012102.str,no_1H_data_found,0,,,5-amino-4-(1H-benzimidazol-2-yl)-2H-pyrrol-3-ol,,,
bmse012103,/Users/alfred/Documents/GitHub/DDLS_project/code/get_bmrb_data/bmrb_nmrstar/bmse012103/bmse012103.str,no_1H_data_found,0,,,3-methyl-1-benzofuran-5-amine,,,
bmse012104,/Users/alfred/Documents/GitHub/DDLS_project/code/get_bmrb_data/bmrb_nmrstar/bmse012104/bmse012104.str,no_1H_data_found,0,,,4-[(2S)-piperazin-2-yl]phenol,,,
bmse012105,/Users/alfred/Documents/GitHub/DDLS_project/code/get_bmrb_data/bmrb_nmrstar/bmse012105/bmse012105.str,no_1H_data_found,0,,,"2,3,4,5-tetrahydro-1,4-benzoxazepin-7-ol",,,
bmse012106,/Users/alfred/Documents/GitHub/DDLS_project/code/get_bmrb_data/bmrb_nmrstar/bmse012106/bmse012106.str,no_1H_data_found,0,,,"[(3S)-1,3-dimethylpiperidin-3-yl]methanamine",,,
bmse012107,/Users/alfred/Documents/GitHub/DDLS_project/code/get_bmrb_data/bmrb_nmrstar/bmse012107/bmse012107.str,no_1H_data_found,0,,,"(4R)-4-methyl-5-[2-(methylamino)acetyl]-3,4-dihydro-1H-1,5-benzodiazepin-2-one",,,
bmse012108,/Users/alfred/Documents/GitHub/DDLS_project/code/get_bmrb_data/bmrb_nmrstar/bmse012108/bmse012108.str,no_1H_data_found,0,,,1-(azetidin-3-yl)triazole,,,
bmse012109,/Users/alfred/Documents/GitHub/DDLS_project/code/get_bmrb_data/bmrb_nmrstar/bmse012109/bmse012109.str,no_1H_data_found,0,,,"1'-propylspiro[1,5,6,7-tetrahydroimidazo[4,5-c]pyridine-4,4'-piperidine]",,,
bmse012110,/Users/alfred/Documents/GitHub/DDLS_project/code/get_bmrb_data/bmrb_nmrstar/bmse012110/bmse012110.str,no_1H_data_found,0,,,1-pyridin-2-ylpiperazine,,,
bmse012111,/Users/alfred/Documents/GitHub/DDLS_project/code/get_bmrb_data/bmrb_nmrstar/bmse012111/bmse012111.str,no_1H_data_found,0,,,3-amino-N-pyridin-2-ylpropanamide,,,
bmse012112,/Users/alfred/Documents/GitHub/DDLS_project/code/get_bmrb_data/bmrb_nmrstar/bmse012112/bmse012112.str,no_1H_data_found,0,,,4-piperidin-4-ylquinoline,,,
bmse012113,/Users/alfred/Documents/GitHub/DDLS_project/code/get_bmrb_data/bmrb_nmrstar/bmse012113/bmse012113.str,no_1H_data_found,0,,,"(5S)-5-amino-5,6,7,8-tetrahydro-1H-quinolin-2-one",,,
bmse012114,/Users/alfred/Documents/GitHub/DDLS_project/code/get_bmrb_data/bmrb_nmrstar/bmse012114/bmse012114.str,no_1H_data_found,0,,,"[(3R)-1,2,3,4-tetrahydroisoquinolin-3-yl]methanamine",,,
bmse012115,/Users/alfred/Documents/GitHub/DDLS_project/code/get_bmrb_data/bmrb_nmrstar/bmse012115/bmse012115.str,no_1H_data_found,0,,,"2-methyl-5,6,7,8-tetrahydropyrido[4,3-c]pyridazin-3-one",,,
bmse012116,/Users/alfred/Documents/GitHub/DDLS_project/code/get_bmrb_data/bmrb_nmrstar/bmse012116/bmse012116.str,no_1H_data_found,0,,,3-(aminomethyl)-1H-quinolin-2-one,,,
bmse012117,/Users/alfred/Documents/GitHub/DDLS_project/code/get_bmrb_data/bmrb_nmrstar/bmse012117/bmse012117.str,no_1H_data_found,0,,,"5-piperidin-4-yl-3H-1,3,4-oxadiazol-2-one",,,
bmse012118,/Users/alfred/Documents/GitHub/DDLS_project/code/get_bmrb_data/bmrb_nmrstar/bmse012118/bmse012118.str,no_1H_data_found,0,,,2-(azetidin-3-yl)-1H-imidazole,,,
bmse012119,/Users/alfred/Documents/GitHub/DDLS_project/code/get_bmrb_data/bmrb_nmrstar/bmse012119/bmse012119.str,no_1H_data_found,0,,,2-ethylphenol,,,
bmse012120,/Users/alfred/Documents/GitHub/DDLS_project/code/get_bmrb_data/bmrb_nmrstar/bmse012120/bmse012120.str,no_1H_data_found,0,,,"(3S)-3-methyl-3,4-dihydro-1H-1,4-benzodiazepine-2,5-dione",,,
bmse012121,/Users/alfred/Documents/GitHub/DDLS_project/code/get_bmrb_data/bmrb_nmrstar/bmse012121/bmse012121.str,no_1H_data_found,0,,,"[(4S)-1,2,3,4-tetrahydroisoquinolin-4-yl]methanamine",,,
bmse012122,/Users/alfred/Documents/GitHub/DDLS_project/code/get_bmrb_data/bmrb_nmrstar/bmse012122/bmse012122.str,no_1H_data_found,0,,,(2R)-2-(2-chlorophenyl)pyrrolidine,,,
bmse012123,/Users/alfred/Documents/GitHub/DDLS_project/code/get_bmrb_data/bmrb_nmrstar/bmse012123/bmse012123.str,no_1H_data_found,0,,,6-amino-5-methyl-1H-pyrimidin-2-one,,,
bmse012124,/Users/alfred/Documents/GitHub/DDLS_project/code/get_bmrb_data/bmrb_nmrstar/bmse012124/bmse012124.str,no_1H_data_found,0,,,2-propylaniline,,,
bmse012125,/Users/alfred/Documents/GitHub/DDLS_project/code/get_bmrb_data/bmrb_nmrstar/bmse012125/bmse012125.str,no_1H_data_found,0,,,"5,6,7,8-tetrahydronaphthalen-2-amine",,,
bmse012126,/Users/alfred/Documents/GitHub/DDLS_project/code/get_bmrb_data/bmrb_nmrstar/bmse012126/bmse012126.str,no_1H_data_found,0,,,"2-(3,6-dihydro-2H-pyran-4-yl)ethanamine",,,
bmse012127,/Users/alfred/Documents/GitHub/DDLS_project/code/get_bmrb_data/bmrb_nmrstar/bmse012127/bmse012127.str,no_1H_data_found,0,,,(2S)-2-hydroxy-3-phenylpropanamide,,,
bmse012128,/Users/alfred/Documents/GitHub/DDLS_project/code/get_bmrb_data/bmrb_nmrstar/bmse012128/bmse012128.str,no_1H_data_found,0,,,1-(aminomethyl)cyclohexan-1-amine,,,
bmse012129,/Users/alfred/Documents/GitHub/DDLS_project/code/get_bmrb_data/bmrb_nmrstar/bmse012129/bmse012129.str,no_1H_data_found,0,,,2-(aminomethyl)-1H-pyridin-4-one,,,
bmse012130,/Users/alfred/Documents/GitHub/DDLS_project/code/get_bmrb_data/bmrb_nmrstar/bmse012130/bmse012130.str,no_1H_data_found,0,,,3-(furan-3-ylmethyl)azetidine,,,
bmse012131,/Users/alfred/Documents/GitHub/DDLS_project/code/get_bmrb_data/bmrb_nmrstar/bmse012131/bmse012131.str,no_1H_data_found,0,,,3-[(pyridin-2-ylamino)methyl]phenol,,,
bmse012132,/Users/alfred/Documents/GitHub/DDLS_project/code/get_bmrb_data/bmrb_nmrstar/bmse012132/bmse012132.str,no_1H_data_found,0,,,"1-ethyl-3-[(5-methyl-1,3-oxazol-4-yl)methyl]urea",,,
bmse012133,/Users/alfred/Documents/GitHub/DDLS_project/code/get_bmrb_data/bmrb_nmrstar/bmse012133/bmse012133.str,no_1H_data_found,0,,,3-[(cyclopropylamino)methyl]phenol,,,
bmse012134,/Users/alfred/Documents/GitHub/DDLS_project/code/get_bmrb_data/bmrb_nmrstar/bmse012134/bmse012134.str,no_1H_data_found,0,,,N-hydroxythiophene-2-carboxamide,,,
bmse012135,/Users/alfred/Documents/GitHub/DDLS_project/code/get_bmrb_data/bmrb_nmrstar/bmse012135/bmse012135.str,no_1H_data_found,0,,,3H-benzimidazol-5-ol,,,
bmse012136,/Users/alfred/Documents/GitHub/DDLS_project/code/get_bmrb_data/bmrb_nmrstar/bmse012136/bmse012136.str,no_1H_data_found,0,,,(2S)-2-amino-2-(3-chlorophenyl)acetonitrile,,,
bmse012137,/Users/alfred/Documents/GitHub/DDLS_project/code/get_bmrb_data/bmrb_nmrstar/bmse012137/bmse012137.str,no_1H_data_found,0,,,"2,3-dihydro-1H-inden-5-ylmethanamine",,,
bmse012138,/Users/alfred/Documents/GitHub/DDLS_project/code/get_bmrb_data/bmrb_nmrstar/bmse012138/bmse012138.str,no_1H_data_found,0,,,(1S)-1-(1-ethylimidazol-2-yl)ethanamine,,,
bmse012139,/Users/alfred/Documents/GitHub/DDLS_project/code/get_bmrb_data/bmrb_nmrstar/bmse012139/bmse012139.str,no_1H_data_found,0,,,1-cyclopropyl-3-[(1S)-1-(3-fluorophenyl)ethyl]urea,,,
bmse012140,/Users/alfred/Documents/GitHub/DDLS_project/code/get_bmrb_data/bmrb_nmrstar/bmse012140/bmse012140.str,no_1H_data_found,0,,,"7-fluoro-N,2-dimethylquinoline-3-carboxamide",,,
bmse012141,/Users/alfred/Documents/GitHub/DDLS_project/code/get_bmrb_data/bmrb_nmrstar/bmse012141/bmse012141.str,no_1H_data_found,0,,,"N-[(1R)-1-(1,5-dimethylpyrazol-4-yl)ethyl]furan-2-carboxamide",,,
bmse012142,/Users/alfred/Documents/GitHub/DDLS_project/code/get_bmrb_data/bmrb_nmrstar/bmse012142/bmse012142.str,no_1H_data_found,0,,,N-(3-cyanophenyl)thiophene-3-carboxamide,,,
bmse012143,/Users/alfred/Documents/GitHub/DDLS_project/code/get_bmrb_data/bmrb_nmrstar/bmse012143/bmse012143.str,no_1H_data_found,0,,,N-(2-aminoethyl)thiophene-2-carboxamide,,,
bmse012144,/Users/alfred/Documents/GitHub/DDLS_project/code/get_bmrb_data/bmrb_nmrstar/bmse012144/bmse012144.str,no_1H_data_found,0,,,3-methyl-N-phenylazetidine-1-carboxamide,,,
bmse012145,/Users/alfred/Documents/GitHub/DDLS_project/code/get_bmrb_data/bmrb_nmrstar/bmse012145/bmse012145.str,no_1H_data_found,0,,,1-(2-fluorophenyl)cyclopentane-1-carboxamide,,,
bmse012146,/Users/alfred/Documents/GitHub/DDLS_project/code/get_bmrb_data/bmrb_nmrstar/bmse012146/bmse012146.str,no_1H_data_found,0,,,"(1R)-2,3-dihydro-1H-indene-1-carboxamide",,,
bmse012147,/Users/alfred/Documents/GitHub/DDLS_project/code/get_bmrb_data/bmrb_nmrstar/bmse012147/bmse012147.str,no_1H_data_found,0,,,5-(2-aminoethyl)pyridin-3-ol,,,
bmse012148,/Users/alfred/Documents/GitHub/DDLS_project/code/get_bmrb_data/bmrb_nmrstar/bmse012148/bmse012148.str,no_1H_data_found,0,,,"1,2-dihydropyrazolo[3,4-b]pyridin-3-one",,,
bmse012149,/Users/alfred/Documents/GitHub/DDLS_project/code/get_bmrb_data/bmrb_nmrstar/bmse012149/bmse012149.str,no_1H_data_found,0,,,(3R)-3-propan-2-ylpiperazin-2-one,,,
bmse012150,/Users/alfred/Documents/GitHub/DDLS_project/code/get_bmrb_data/bmrb_nmrstar/bmse012150/bmse012150.str,no_1H_data_found,0,,,"N-(2-hydroxy-2-methylpropyl)-2-methyl-1,3-thiazole-4-carboxamide",,,
bmse012151,/Users/alfred/Documents/GitHub/DDLS_project/code/get_bmrb_data/bmrb_nmrstar/bmse012151/bmse012151.str,no_1H_data_found,0,,,"3-(cyclopropanecarbonylamino)-N,N-dimethylbenzamide",,,
bmse012152,/Users/alfred/Documents/GitHub/DDLS_project/code/get_bmrb_data/bmrb_nmrstar/bmse012152/bmse012152.str,no_1H_data_found,0,,,5-(4-fluorophenyl)-N-methyl-1H-pyrazole-4-carboxamide,,,
bmse012153,/Users/alfred/Documents/GitHub/DDLS_project/code/get_bmrb_data/bmrb_nmrstar/bmse012153/bmse012153.str,no_1H_data_found,0,,,N-(5-fluoro-2-methylphenyl)furan-3-carboxamide,,,
bmse012154,/Users/alfred/Documents/GitHub/DDLS_project/code/get_bmrb_data/bmrb_nmrstar/bmse012154/bmse012154.str,no_1H_data_found,0,,,"N-propyl-2,3-dihydro-1H-indene-5-carboxamide",,,
bmse012155,/Users/alfred/Documents/GitHub/DDLS_project/code/get_bmrb_data/bmrb_nmrstar/bmse012155/bmse012155.str,no_1H_data_found,0,,,"4-ethoxy-5,6,7,8-tetrahydropyrido[4,3-d]pyrimidine",,,
bmse012156,/Users/alfred/Documents/GitHub/DDLS_project/code/get_bmrb_data/bmrb_nmrstar/bmse012156/bmse012156.str,no_1H_data_found,0,,,3-amino-N-cyclopentylpropanamide,,,
bmse012157,/Users/alfred/Documents/GitHub/DDLS_project/code/get_bmrb_data/bmrb_nmrstar/bmse012157/bmse012157.str,no_1H_data_found,0,,,thiophene-2-carboxamide,,,
bmse012158,/Users/alfred/Documents/GitHub/DDLS_project/code/get_bmrb_data/bmrb_nmrstar/bmse012158/bmse012158.str,no_1H_data_found,0,,,3-aminobenzonitrile,,,
bmse012159,/Users/alfred/Documents/GitHub/DDLS_project/code/get_bmrb_data/bmrb_nmrstar/bmse012159/bmse012159.str,no_1H_data_found,0,,,"3-[(3aS,7aS)-1,3-dioxo-3a,4,5,6,7,7a-hexahydroisoindol-2-yl]-N-methylpropanamide",,,
bmse012160,/Users/alfred/Documents/GitHub/DDLS_project/code/get_bmrb_data/bmrb_nmrstar/bmse012160/bmse012160.str,no_1H_data_found,0,,,"2-amino-N-[(4R)-3,4-dihydro-2H-chromen-4-yl]acetamide",,,
bmse012161,/Users/alfred/Documents/GitHub/DDLS_project/code/get_bmrb_data/bmrb_nmrstar/bmse012161/bmse012161.str,no_1H_data_found,0,,,4-chloro-3-[(dimethylamino)methyl]aniline,,,
bmse012162,/Users/alfred/Documents/GitHub/DDLS_project/code/get_bmrb_data/bmrb_nmrstar/bmse012162/bmse012162.str,no_1H_data_found,0,,,2-methyl-5-(trifluoromethyl)-1H-imidazole,,,
bmse012163,/Users/alfred/Documents/GitHub/DDLS_project/code/get_bmrb_data/bmrb_nmrstar/bmse012163/bmse012163.str,no_1H_data_found,0,,,"(3S,4R)-4-phenylpyrrolidine-3-carboxamide",,,
bmse012164,/Users/alfred/Documents/GitHub/DDLS_project/code/get_bmrb_data/bmrb_nmrstar/bmse012164/bmse012164.str,no_1H_data_found,0,,,2-(6-methoxy-1-benzofuran-3-yl)-N-methylacetamide,,,
bmse012165,/Users/alfred/Documents/GitHub/DDLS_project/code/get_bmrb_data/bmrb_nmrstar/bmse012165/bmse012165.str,no_1H_data_found,0,,,"2-(5-methyl-1,2,4-oxadiazol-3-yl)propan-2-amine",,,
bmse012166,/Users/alfred/Documents/GitHub/DDLS_project/code/get_bmrb_data/bmrb_nmrstar/bmse012166/bmse012166.str,no_1H_data_found,0,,,"(3S)-3-(cyclopropylamino)pyrrolidine-2,5-dione",,,
bmse012167,/Users/alfred/Documents/GitHub/DDLS_project/code/get_bmrb_data/bmrb_nmrstar/bmse012167/bmse012167.str,no_1H_data_found,0,,,(3S)-N-methylpyrrolidine-3-carboxamide,,,
bmse012168,/Users/alfred/Documents/GitHub/DDLS_project/code/get_bmrb_data/bmrb_nmrstar/bmse012168/bmse012168.str,no_1H_data_found,0,,,"4,5,6,7-tetrahydro-1H-indazole",,,
bmse012169,/Users/alfred/Documents/GitHub/DDLS_project/code/get_bmrb_data/bmrb_nmrstar/bmse012169/bmse012169.str,no_1H_data_found,0,,,N-ethyl-2-(4-oxo-3H-phthalazin-1-yl)acetamide,,,
bmse012170,/Users/alfred/Documents/GitHub/DDLS_project/code/get_bmrb_data/bmrb_nmrstar/bmse012170/bmse012170.str,no_1H_data_found,0,,,(2R)-2-acetamido-N-(4-methylphenyl)propanamide,,,
bmse012171,/Users/alfred/Documents/GitHub/DDLS_project/code/get_bmrb_data/bmrb_nmrstar/bmse012171/bmse012171.str,no_1H_data_found,0,,,2-methyl-N-(2-methylpropyl)-1H-indole-3-carboxamide,,,
bmse012172,/Users/alfred/Documents/GitHub/DDLS_project/code/get_bmrb_data/bmrb_nmrstar/bmse012172/bmse012172.str,no_1H_data_found,0,,,4-[(2-fluorophenyl)methyl]piperazin-2-one,,,
bmse012173,/Users/alfred/Documents/GitHub/DDLS_project/code/get_bmrb_data/bmrb_nmrstar/bmse012173/bmse012173.str,no_1H_data_found,0,,,N-(3-fluoro-4-methylphenyl)pyrrolidine-1-carboxamide,,,
bmse012174,/Users/alfred/Documents/GitHub/DDLS_project/code/get_bmrb_data/bmrb_nmrstar/bmse012174/bmse012174.str,no_1H_data_found,0,,,N-[1-[[(2R)-oxolan-2-yl]methyl]pyrazol-4-yl]acetamide,,,
bmse012175,/Users/alfred/Documents/GitHub/DDLS_project/code/get_bmrb_data/bmrb_nmrstar/bmse012175/bmse012175.str,no_1H_data_found,0,,,5-bromo-N-ethyl-1H-indazole-3-carboxamide,,,
bmse012176,/Users/alfred/Documents/GitHub/DDLS_project/code/get_bmrb_data/bmrb_nmrstar/bmse012176/bmse012176.str,no_1H_data_found,0,,,EU-OPENSCREEN Compound 102905,,,
bmse012177,/Users/alfred/Documents/GitHub/DDLS_project/code/get_bmrb_data/bmrb_nmrstar/bmse012177/bmse012177.str,no_1H_data_found,0,,,[4-(aminomethyl)oxan-4-yl]methanol,,,
bmse012178,/Users/alfred/Documents/GitHub/DDLS_project/code/get_bmrb_data/bmrb_nmrstar/bmse012178/bmse012178.str,no_1H_data_found,0,,,1-methylpyrazole-4-carboxamide,,,
bmse012179,/Users/alfred/Documents/GitHub/DDLS_project/code/get_bmrb_data/bmrb_nmrstar/bmse012179/bmse012179.str,no_1H_data_found,0,,,oxane-4-carboxamide,,,
bmse012180,/Users/alfred/Documents/GitHub/DDLS_project/code/get_bmrb_data/bmrb_nmrstar/bmse012180/bmse012180.str,no_1H_data_found,0,,,"5-amino-2-methyl-1,3-oxazole-4-carbonitrile",,,
bmse012181,/Users/alfred/Documents/GitHub/DDLS_project/code/get_bmrb_data/bmrb_nmrstar/bmse012181/bmse012181.str,no_1H_data_found,0,,,4-methyl-N-(thiophen-2-ylmethyl)benzamide,,,
bmse012182,/Users/alfred/Documents/GitHub/DDLS_project/code/get_bmrb_data/bmrb_nmrstar/bmse012182/bmse012182.str,no_1H_data_found,0,,,2-bromo-N-ethylbenzamide,,,
bmse012183,/Users/alfred/Documents/GitHub/DDLS_project/code/get_bmrb_data/bmrb_nmrstar/bmse012183/bmse012183.str,no_1H_data_found,0,,,(2S)-N-(4-cyanophenyl)-2-methylbutanamide,,,
bmse012184,/Users/alfred/Documents/GitHub/DDLS_project/code/get_bmrb_data/bmrb_nmrstar/bmse012184/bmse012184.str,no_1H_data_found,0,,,1-(3-fluoro-4-methylphenyl)-3-[(2S)-1-hydroxypropan-2-yl]urea,,,
bmse012185,/Users/alfred/Documents/GitHub/DDLS_project/code/get_bmrb_data/bmrb_nmrstar/bmse012185/bmse012185.str,no_1H_data_found,0,,,2-(2-oxoazepan-1-yl)-N-propan-2-ylacetamide,,,
bmse012186,/Users/alfred/Documents/GitHub/DDLS_project/code/get_bmrb_data/bmrb_nmrstar/bmse012186/bmse012186.str,no_1H_data_found,0,,,2-[(4-fluorophenyl)methylamino]pyridine-3-carbonitrile,,,
bmse012187,/Users/alfred/Documents/GitHub/DDLS_project/code/get_bmrb_data/bmrb_nmrstar/bmse012187/bmse012187.str,no_1H_data_found,0,,,[4-(3-fluorophenyl)oxan-4-yl]methanamine,,,
bmse012188,/Users/alfred/Documents/GitHub/DDLS_project/code/get_bmrb_data/bmrb_nmrstar/bmse012188/bmse012188.str,no_1H_data_found,0,,,"(3R,7aR)-7a-methyl-5-oxo-N-phenyl-2,3,6,7-tetrahydropyrrolo[2,1-b][1,3]thiazole-3-carboxamide",,,
bmse012189,/Users/alfred/Documents/GitHub/DDLS_project/code/get_bmrb_data/bmrb_nmrstar/bmse012189/bmse012189.str,no_1H_data_found,0,,,"(2S)-3,4-dihydro-2H-1,4-benzoxazine-2-carboxamide",,,
bmse012190,/Users/alfred/Documents/GitHub/DDLS_project/code/get_bmrb_data/bmrb_nmrstar/bmse012190/bmse012190.str,no_1H_data_found,0,,,N-cyclopentyl-4-methoxybenzamide,,,
bmse012191,/Users/alfred/Documents/GitHub/DDLS_project/code/get_bmrb_data/bmrb_nmrstar/bmse012191/bmse012191.str,no_1H_data_found,0,,,"3-ethylimidazolidine-2,4-dione",,,
bmse012192,/Users/alfred/Documents/GitHub/DDLS_project/code/get_bmrb_data/bmrb_nmrstar/bmse012192/bmse012192.str,no_1H_data_found,0,,,N-(1H-imidazol-2-ylmethyl)acetamide,,,
bmse012193,/Users/alfred/Documents/GitHub/DDLS_project/code/get_bmrb_data/bmrb_nmrstar/bmse012193/bmse012193.str,no_1H_data_found,0,,,"1'-methylspiro[1,3-dihydroquinazoline-2,4'-piperidine]-4-one",,,
bmse012194,/Users/alfred/Documents/GitHub/DDLS_project/code/get_bmrb_data/bmrb_nmrstar/bmse012194/bmse012194.str,no_1H_data_found,0,,,6-fluoro-1H-benzimidazole,,,
bmse012195,/Users/alfred/Documents/GitHub/DDLS_project/code/get_bmrb_data/bmrb_nmrstar/bmse012195/bmse012195.str,no_1H_data_found,0,,,EU-OPENSCREEN Compound 102925,,,
bmse012196,/Users/alfred/Documents/GitHub/DDLS_project/code/get_bmrb_data/bmrb_nmrstar/bmse012196/bmse012196.str,no_1H_data_found,0,,,(2R)-2-amino-2-(furan-2-yl)ethanol,,,
bmse012197,/Users/alfred/Documents/GitHub/DDLS_project/code/get_bmrb_data/bmrb_nmrstar/bmse012197/bmse012197.str,no_1H_data_found,0,,,"1-(2,5-dimethylpyrazol-3-yl)-3-[(2R)-2-hydroxypropyl]urea",,,
bmse012198,/Users/alfred/Documents/GitHub/DDLS_project/code/get_bmrb_data/bmrb_nmrstar/bmse012198/bmse012198.str,no_1H_data_found,0,,,"N-propan-2-ylpyrazolo[1,5-a]pyrimidine-3-carboxamide",,,
bmse012199,/Users/alfred/Documents/GitHub/DDLS_project/code/get_bmrb_data/bmrb_nmrstar/bmse012199/bmse012199.str,no_1H_data_found,0,,,2H-chromene-3-carboxamide,,,
bmse012200,/Users/alfred/Documents/GitHub/DDLS_project/code/get_bmrb_data/bmrb_nmrstar/bmse012200/bmse012200.str,no_1H_data_found,0,,,"(3aS,6aR)-5-methyl-2,3,3a,6a-tetrahydro-1H-pyrrolo[3,4-c]pyrrole-4,6-dione",,,
bmse012201,/Users/alfred/Documents/GitHub/DDLS_project/code/get_bmrb_data/bmrb_nmrstar/bmse012201/bmse012201.str,no_1H_data_found,0,,,"6,7-dihydro-5H-pyrrolo[2,3-d]pyrimidine",,,
bmse012202,/Users/alfred/Documents/GitHub/DDLS_project/code/get_bmrb_data/bmrb_nmrstar/bmse012202/bmse012202.str,no_1H_data_found,0,,,3-(1H-imidazol-2-yl)propan-1-amine,,,
bmse012203,/Users/alfred/Documents/GitHub/DDLS_project/code/get_bmrb_data/bmrb_nmrstar/bmse012203/bmse012203.str,no_1H_data_found,0,,,[3-(trifluoromethyl)pyridin-4-yl]methanamine,,,
bmse012204,/Users/alfred/Documents/GitHub/DDLS_project/code/get_bmrb_data/bmrb_nmrstar/bmse012204/bmse012204.str,no_1H_data_found,0,,,N-[3-(aminomethyl)phenyl]-2-methylpropanamide,,,
bmse012205,/Users/alfred/Documents/GitHub/DDLS_project/code/get_bmrb_data/bmrb_nmrstar/bmse012205/bmse012205.str,no_1H_data_found,0,,,2-amino-5-chloro-N-ethylbenzamide,,,
bmse012206,/Users/alfred/Documents/GitHub/DDLS_project/code/get_bmrb_data/bmrb_nmrstar/bmse012206/bmse012206.str,no_1H_data_found,0,,,3-phenoxyazetidine,,,
bmse012207,/Users/alfred/Documents/GitHub/DDLS_project/code/get_bmrb_data/bmrb_nmrstar/bmse012207/bmse012207.str,no_1H_data_found,0,,,(2S)-2-amino-3-(1H-imidazol-5-yl)-N-methylpropanamide,,,
bmse012208,/Users/alfred/Documents/GitHub/DDLS_project/code/get_bmrb_data/bmrb_nmrstar/bmse012208/bmse012208.str,no_1H_data_found,0,,,1-[(2S)-butan-2-yl]-1-methyl-3-phenylurea,,,
bmse012209,/Users/alfred/Documents/GitHub/DDLS_project/code/get_bmrb_data/bmrb_nmrstar/bmse012209/bmse012209.str,no_1H_data_found,0,,,1-(4-cyanophenyl)-N-methylmethanesulfonamide,,,
bmse012210,/Users/alfred/Documents/GitHub/DDLS_project/code/get_bmrb_data/bmrb_nmrstar/bmse012210/bmse012210.str,no_1H_data_found,0,,,"(1R,3S)-3-(1-methylpyrazol-4-yl)-1,4-thiazinane 1-oxide",,,
bmse012211,/Users/alfred/Documents/GitHub/DDLS_project/code/get_bmrb_data/bmrb_nmrstar/bmse012211/bmse012211.str,no_1H_data_found,0,,,"[(7R)-6,7-dihydro-5H-cyclopenta[b]pyridin-7-yl]methanamine",,,
bmse012212,/Users/alfred/Documents/GitHub/DDLS_project/code/get_bmrb_data/bmrb_nmrstar/bmse012212/bmse012212.str,no_1H_data_found,0,,,"[(3R)-4,4-difluoropiperidin-3-yl]methanol",,,
bmse012213,/Users/alfred/Documents/GitHub/DDLS_project/code/get_bmrb_data/bmrb_nmrstar/bmse012213/bmse012213.str,no_1H_data_found,0,,,"2,3-dihydro-1H-pyrido[2,3-b][1,4]thiazine",,,
bmse012214,/Users/alfred/Documents/GitHub/DDLS_project/code/get_bmrb_data/bmrb_nmrstar/bmse012214/bmse012214.str,no_1H_data_found,0,,,(2S)-3-amino-2-methyl-2-phenylpropan-1-ol,,,
bmse012215,/Users/alfred/Documents/GitHub/DDLS_project/code/get_bmrb_data/bmrb_nmrstar/bmse012215/bmse012215.str,no_1H_data_found,0,,,2-(3-chloropyridin-2-yl)oxyethanamine,,,
bmse012216,/Users/alfred/Documents/GitHub/DDLS_project/code/get_bmrb_data/bmrb_nmrstar/bmse012216/bmse012216.str,no_1H_data_found,0,,,4-hydroxy-N-[(2S)-2-hydroxypropyl]benzamide,,,
bmse012217,/Users/alfred/Documents/GitHub/DDLS_project/code/get_bmrb_data/bmrb_nmrstar/bmse012217/bmse012217.str,no_1H_data_found,0,,,(1S)-2-amino-1-(2-fluorophenyl)ethanol,,,
bmse012218,/Users/alfred/Documents/GitHub/DDLS_project/code/get_bmrb_data/bmrb_nmrstar/bmse012218/bmse012218.str,no_1H_data_found,0,,,N-[5-(aminomethyl)-2-methoxyphenyl]acetamide,,,
bmse012219,/Users/alfred/Documents/GitHub/DDLS_project/code/get_bmrb_data/bmrb_nmrstar/bmse012219/bmse012219.str,no_1H_data_found,0,,,EU-OPENSCREEN Compound 102952,,,
bmse012220,/Users/alfred/Documents/GitHub/DDLS_project/code/get_bmrb_data/bmrb_nmrstar/bmse012220/bmse012220.str,no_1H_data_found,0,,,4-[(cyclopropylamino)methyl]benzonitrile,,,
bmse012221,/Users/alfred/Documents/GitHub/DDLS_project/code/get_bmrb_data/bmrb_nmrstar/bmse012221/bmse012221.str,no_1H_data_found,0,,,"[(1R,3S)-1-amino-3-ethoxy-2,2-dimethylcyclobutyl]methanol",,,
bmse012222,/Users/alfred/Documents/GitHub/DDLS_project/code/get_bmrb_data/bmrb_nmrstar/bmse012222/bmse012222.str,no_1H_data_found,0,,,(1R)-1-(5-fluoro-2-methoxyphenyl)ethanamine,,,
bmse012223,/Users/alfred/Documents/GitHub/DDLS_project/code/get_bmrb_data/bmrb_nmrstar/bmse012223/bmse012223.str,no_1H_data_found,0,,,"(1R,9S)-7,11-diazatricyclo[7.3.1.02,7]trideca-2,4-dien-6-one",,,
bmse012224,/Users/alfred/Documents/GitHub/DDLS_project/code/get_bmrb_data/bmrb_nmrstar/bmse012224/bmse012224.str,no_1H_data_found,0,,,(2S)-1-[2-(trifluoromethyl)phenyl]propan-2-amine,,,
bmse012225,/Users/alfred/Documents/GitHub/DDLS_project/code/get_bmrb_data/bmrb_nmrstar/bmse012225/bmse012225.str,no_1H_data_found,0,,,(3S)-3-amino-1-[2-(trifluoromethyl)phenyl]pyrrolidin-2-one,,,
bmse012226,/Users/alfred/Documents/GitHub/DDLS_project/code/get_bmrb_data/bmrb_nmrstar/bmse012226/bmse012226.str,no_1H_data_found,0,,,(3S)-3-(4-methylsulfanylphenyl)oxolan-3-amine,,,
bmse012227,/Users/alfred/Documents/GitHub/DDLS_project/code/get_bmrb_data/bmrb_nmrstar/bmse012227/bmse012227.str,no_1H_data_found,0,,,"2-methyl-4,6-dihydrothieno[3,4-c]pyrazol-3-amine",,,
bmse012228,/Users/alfred/Documents/GitHub/DDLS_project/code/get_bmrb_data/bmrb_nmrstar/bmse012228/bmse012228.str,no_1H_data_found,0,,,N-(3-acetamidophenyl)-2-methoxyacetamide,,,
bmse012229,/Users/alfred/Documents/GitHub/DDLS_project/code/get_bmrb_data/bmrb_nmrstar/bmse012229/bmse012229.str,no_1H_data_found,0,,,5-bromo-2-methoxyphenol,,,
bmse012230,/Users/alfred/Documents/GitHub/DDLS_project/code/get_bmrb_data/bmrb_nmrstar/bmse012230/bmse012230.str,no_1H_data_found,0,,,2-(4-oxoquinazolin-3-yl)acetamide,,,
bmse012231,/Users/alfred/Documents/GitHub/DDLS_project/code/get_bmrb_data/bmrb_nmrstar/bmse012231/bmse012231.str,no_1H_data_found,0,,,2-(3-hydroxyphenyl)acetonitrile,,,
bmse012232,/Users/alfred/Documents/GitHub/DDLS_project/code/get_bmrb_data/bmrb_nmrstar/bmse012232/bmse012232.str,no_1H_data_found,0,,,"2,3-dihydro-1H-inden-4-ol",,,
bmse012233,/Users/alfred/Documents/GitHub/DDLS_project/code/get_bmrb_data/bmrb_nmrstar/bmse012233/bmse012233.str,no_1H_data_found,0,,,4-cyclopropylaniline,,,
bmse012234,/Users/alfred/Documents/GitHub/DDLS_project/code/get_bmrb_data/bmrb_nmrstar/bmse012234/bmse012234.str,no_1H_data_found,0,,,"2,3-dihydro-1-benzofuran-5-sulfonamide",,,
bmse012235,/Users/alfred/Documents/GitHub/DDLS_project/code/get_bmrb_data/bmrb_nmrstar/bmse012235/bmse012235.str,no_1H_data_found,0,,,"5-methyl-N-pyridin-3-yl-1,2-oxazole-3-carboxamide",,,
bmse012236,/Users/alfred/Documents/GitHub/DDLS_project/code/get_bmrb_data/bmrb_nmrstar/bmse012236/bmse012236.str,no_1H_data_found,0,,,"3H-1,3-benzoxazol-2-one",,,
bmse012237,/Users/alfred/Documents/GitHub/DDLS_project/code/get_bmrb_data/bmrb_nmrstar/bmse012237/bmse012237.str,no_1H_data_found,0,,,"3-benzyl-1,4-dihydro-1,2,4-triazol-5-one",,,
bmse012238,/Users/alfred/Documents/GitHub/DDLS_project/code/get_bmrb_data/bmrb_nmrstar/bmse012238/bmse012238.str,no_1H_data_found,0,,,"4-(2-fluorophenyl)-1,3-thiazol-2-amine",,,
bmse012239,/Users/alfred/Documents/GitHub/DDLS_project/code/get_bmrb_data/bmrb_nmrstar/bmse012239/bmse012239.str,no_1H_data_found,0,,,"(6aS)-6a,7,8,9-tetrahydro-5H-pyrrolo[2,1-c][1,4]benzodiazepine-6,11-dione",,,
bmse012240,/Users/alfred/Documents/GitHub/DDLS_project/code/get_bmrb_data/bmrb_nmrstar/bmse012240/bmse012240.str,no_1H_data_found,0,,,2-amino-N-phenylacetamide,,,
bmse012241,/Users/alfred/Documents/GitHub/DDLS_project/code/get_bmrb_data/bmrb_nmrstar/bmse012241/bmse012241.str,no_1H_data_found,0,,,5-chloro-2-methylsulfanylpyrimidine-4-carboxamide,,,
bmse012242,/Users/alfred/Documents/GitHub/DDLS_project/code/get_bmrb_data/bmrb_nmrstar/bmse012242/bmse012242.str,no_1H_data_found,0,,,"2-(2-methyl-1,3-thiazol-4-yl)acetamide",,,
bmse012243,/Users/alfred/Documents/GitHub/DDLS_project/code/get_bmrb_data/bmrb_nmrstar/bmse012243/bmse012243.str,no_1H_data_found,0,,,3-propan-2-yloxypyridin-2-amine,,,
bmse012244,/Users/alfred/Documents/GitHub/DDLS_project/code/get_bmrb_data/bmrb_nmrstar/bmse012244/bmse012244.str,no_1H_data_found,0,,,"4-hydroxy-N-(2,2,2-trifluoroethyl)benzamide",,,
bmse012245,/Users/alfred/Documents/GitHub/DDLS_project/code/get_bmrb_data/bmrb_nmrstar/bmse012245/bmse012245.str,no_1H_data_found,0,,,"(5R)-5-amino-5,6,7,8-tetrahydronaphthalen-1-ol",,,
bmse012246,/Users/alfred/Documents/GitHub/DDLS_project/code/get_bmrb_data/bmrb_nmrstar/bmse012246/bmse012246.str,no_1H_data_found,0,,,(2-fluorophenyl)methylurea,,,
bmse012247,/Users/alfred/Documents/GitHub/DDLS_project/code/get_bmrb_data/bmrb_nmrstar/bmse012247/bmse012247.str,no_1H_data_found,0,,,"(1S)-7-chloro-5-fluoro-1,2,3,4-tetrahydronaphthalen-1-amine",,,
bmse012248,/Users/alfred/Documents/GitHub/DDLS_project/code/get_bmrb_data/bmrb_nmrstar/bmse012248/bmse012248.str,no_1H_data_found,0,,,"(2R,5R)-5-phenylpyrrolidine-2-carboxamide",,,
bmse012249,/Users/alfred/Documents/GitHub/DDLS_project/code/get_bmrb_data/bmrb_nmrstar/bmse012249/bmse012249.str,no_1H_data_found,0,,,1-cyclopentyl-3-[[(2S)-oxolan-2-yl]methyl]urea,,,
bmse012250,/Users/alfred/Documents/GitHub/DDLS_project/code/get_bmrb_data/bmrb_nmrstar/bmse012250/bmse012250.str,no_1H_data_found,0,,,1-methyl-3-(1H-pyrazol-4-ylmethyl)urea,,,
bmse012251,/Users/alfred/Documents/GitHub/DDLS_project/code/get_bmrb_data/bmrb_nmrstar/bmse012251/bmse012251.str,no_1H_data_found,0,,,"1-methyl-3-(1,3-thiazol-2-ylmethyl)urea",,,
bmse012252,/Users/alfred/Documents/GitHub/DDLS_project/code/get_bmrb_data/bmrb_nmrstar/bmse012252/bmse012252.str,no_1H_data_found,0,,,6-cyclopropylpyridazin-3-amine,,,
bmse012253,/Users/alfred/Documents/GitHub/DDLS_project/code/get_bmrb_data/bmrb_nmrstar/bmse012253/bmse012253.str,no_1H_data_found,0,,,1-(2-fluorophenyl)-3-methylurea,,,
bmse012254,/Users/alfred/Documents/GitHub/DDLS_project/code/get_bmrb_data/bmrb_nmrstar/bmse012254/bmse012254.str,no_1H_data_found,0,,,3-fluoro-N-[2-(methylamino)-2-oxoethyl]benzamide,,,
bmse012255,/Users/alfred/Documents/GitHub/DDLS_project/code/get_bmrb_data/bmrb_nmrstar/bmse012255/bmse012255.str,no_1H_data_found,0,,,N-[3-(propan-2-ylcarbamoylamino)phenyl]acetamide,,,
bmse012256,/Users/alfred/Documents/GitHub/DDLS_project/code/get_bmrb_data/bmrb_nmrstar/bmse012256/bmse012256.str,no_1H_data_found,0,,,(1S)-1-(2-fluorophenyl)ethanamine,,,
bmse012257,/Users/alfred/Documents/GitHub/DDLS_project/code/get_bmrb_data/bmrb_nmrstar/bmse012257/bmse012257.str,no_1H_data_found,0,,,3-(ethylamino)phenol,,,
bmse012258,/Users/alfred/Documents/GitHub/DDLS_project/code/get_bmrb_data/bmrb_nmrstar/bmse012258/bmse012258.str,no_1H_data_found,0,,,3-(3-methylphenyl)cyclobutan-1-amine,,,
bmse012259,/Users/alfred/Documents/GitHub/DDLS_project/code/get_bmrb_data/bmrb_nmrstar/bmse012259/bmse012259.str,no_1H_data_found,0,,,(1S)-2-amino-1-cyclohexylethanol,,,
bmse012260,/Users/alfred/Documents/GitHub/DDLS_project/code/get_bmrb_data/bmrb_nmrstar/bmse012260/bmse012260.str,no_1H_data_found,0,,,"(4S)-1,3-thiazolidine-4-carboxamide",,,
bmse012261,/Users/alfred/Documents/GitHub/DDLS_project/code/get_bmrb_data/bmrb_nmrstar/bmse012261/bmse012261.str,no_1H_data_found,0,,,"[(2R)-2,3-dihydro-1H-indol-2-yl]methanol",,,
bmse012262,/Users/alfred/Documents/GitHub/DDLS_project/code/get_bmrb_data/bmrb_nmrstar/bmse012262/bmse012262.str,no_1H_data_found,0,,,(2S)-2-amino-3-phenylpropan-1-ol,,,
bmse012263,/Users/alfred/Documents/GitHub/DDLS_project/code/get_bmrb_data/bmrb_nmrstar/bmse012263/bmse012263.str,no_1H_data_found,0,,,"5-(3-aminopropyl)-1,2-oxazol-3-one",,,
bmse012264,/Users/alfred/Documents/GitHub/DDLS_project/code/get_bmrb_data/bmrb_nmrstar/bmse012264/bmse012264.str,no_1H_data_found,0,,,"4,5,6,7-tetrahydrothieno[3,2-c]pyridine",,,
bmse012265,/Users/alfred/Documents/GitHub/DDLS_project/code/get_bmrb_data/bmrb_nmrstar/bmse012265/bmse012265.str,no_1H_data_found,0,,,2-(6-fluoro-1-methylbenzimidazol-2-yl)ethanamine,,,
bmse012266,/Users/alfred/Documents/GitHub/DDLS_project/code/get_bmrb_data/bmrb_nmrstar/bmse012266/bmse012266.str,no_1H_data_found,0,,,N-methyl-2-quinolin-2-ylethanamine,,,
bmse012267,/Users/alfred/Documents/GitHub/DDLS_project/code/get_bmrb_data/bmrb_nmrstar/bmse012267/bmse012267.str,no_1H_data_found,0,,,1-(3-fluorophenyl)cyclopropan-1-amine,,,
bmse012268,/Users/alfred/Documents/GitHub/DDLS_project/code/get_bmrb_data/bmrb_nmrstar/bmse012268/bmse012268.str,no_1H_data_found,0,,,3-(2-fluorophenyl)cyclobutan-1-amine,,,
bmse012269,/Users/alfred/Documents/GitHub/DDLS_project/code/get_bmrb_data/bmrb_nmrstar/bmse012269/bmse012269.str,no_1H_data_found,0,,,5-[(3R)-oxan-3-yl]-1H-pyrazol-3-amine,,,
bmse012270,/Users/alfred/Documents/GitHub/DDLS_project/code/get_bmrb_data/bmrb_nmrstar/bmse012270/bmse012270.str,no_1H_data_found,0,,,"3-N-(4-methyl-1,3-thiazol-2-yl)benzene-1,3-diamine",,,
bmse012271,/Users/alfred/Documents/GitHub/DDLS_project/code/get_bmrb_data/bmrb_nmrstar/bmse012271/bmse012271.str,no_1H_data_found,0,,,2-hydroxy-5-methyl-N-[2-(methylamino)-2-oxoethyl]benzamide,,,
bmse012272,/Users/alfred/Documents/GitHub/DDLS_project/code/get_bmrb_data/bmrb_nmrstar/bmse012272/bmse012272.str,no_1H_data_found,0,,,1-(1-ethylpyrazol-4-yl)-3-propan-2-ylurea,,,
bmse012273,/Users/alfred/Documents/GitHub/DDLS_project/code/get_bmrb_data/bmrb_nmrstar/bmse012273/bmse012273.str,no_1H_data_found,0,,,4-(pyrrol-1-ylmethyl)benzamide,,,
bmse012274,/Users/alfred/Documents/GitHub/DDLS_project/code/get_bmrb_data/bmrb_nmrstar/bmse012274/bmse012274.str,no_1H_data_found,0,,,6-ethyl-N-methyl-2-pyridin-2-ylpyrimidin-4-amine,,,
bmse012275,/Users/alfred/Documents/GitHub/DDLS_project/code/get_bmrb_data/bmrb_nmrstar/bmse012275/bmse012275.str,no_1H_data_found,0,,,"2-(5-oxo-3-thiophen-2-yl-1,2,4-oxadiazol-4-yl)acetamide",,,
bmse012276,/Users/alfred/Documents/GitHub/DDLS_project/code/get_bmrb_data/bmrb_nmrstar/bmse012276/bmse012276.str,no_1H_data_found,0,,,"N-[(1R,2S)-2-(trifluoromethyl)cyclohexyl]propanamide",,,
bmse012277,/Users/alfred/Documents/GitHub/DDLS_project/code/get_bmrb_data/bmrb_nmrstar/bmse012277/bmse012277.str,no_1H_data_found,0,,,1-cyclopropyl-3-(2-methylpropyl)urea,,,
bmse012278,/Users/alfred/Documents/GitHub/DDLS_project/code/get_bmrb_data/bmrb_nmrstar/bmse012278/bmse012278.str,no_1H_data_found,0,,,EU-OPENSCREEN Compound 103019,,,
bmse012279,/Users/alfred/Documents/GitHub/DDLS_project/code/get_bmrb_data/bmrb_nmrstar/bmse012279/bmse012279.str,no_1H_data_found,0,,,(2S)-3-(4-bromophenyl)-2-methylpropanamide,,,
bmse012280,/Users/alfred/Documents/GitHub/DDLS_project/code/get_bmrb_data/bmrb_nmrstar/bmse012280/bmse012280.str,no_1H_data_found,0,,,"1-[(1S,2R)-2-hydroxycyclohexyl]-3-phenylurea",,,
bmse012281,/Users/alfred/Documents/GitHub/DDLS_project/code/get_bmrb_data/bmrb_nmrstar/bmse012281/bmse012281.str,no_1H_data_found,0,,,3-fluoro-N-[(3R)-thiolan-3-yl]benzamide,,,
bmse012282,/Users/alfred/Documents/GitHub/DDLS_project/code/get_bmrb_data/bmrb_nmrstar/bmse012282/bmse012282.str,no_1H_data_found,0,,,1-ethyl-3-(3-methylphenyl)urea,,,
bmse012283,/Users/alfred/Documents/GitHub/DDLS_project/code/get_bmrb_data/bmrb_nmrstar/bmse012283/bmse012283.str,no_1H_data_found,0,,,(4-methylpyridin-3-yl)methanol,,,
bmse012284,/Users/alfred/Documents/GitHub/DDLS_project/code/get_bmrb_data/bmrb_nmrstar/bmse012284/bmse012284.str,no_1H_data_found,0,,,"2,6-dimethyl-1H-pyridin-4-one",,,
bmse012285,/Users/alfred/Documents/GitHub/DDLS_project/code/get_bmrb_data/bmrb_nmrstar/bmse012285/bmse012285.str,no_1H_data_found,0,,,4-(hydroxymethyl)phenol,,,
bmse012286,/Users/alfred/Documents/GitHub/DDLS_project/code/get_bmrb_data/bmrb_nmrstar/bmse012286/bmse012286.str,no_1H_data_found,0,,,4-phenoxypyrimidin-2-amine,,,
bmse012287,/Users/alfred/Documents/GitHub/DDLS_project/code/get_bmrb_data/bmrb_nmrstar/bmse012287/bmse012287.str,no_1H_data_found,0,,,3H-quinazolin-4-one,,,
bmse012288,/Users/alfred/Documents/GitHub/DDLS_project/code/get_bmrb_data/bmrb_nmrstar/bmse012288/bmse012288.str,no_1H_data_found,0,,,"1,3-dihydro-2-benzofuran-5-amine",,,
bmse012289,/Users/alfred/Documents/GitHub/DDLS_project/code/get_bmrb_data/bmrb_nmrstar/bmse012289/bmse012289.str,no_1H_data_found,0,,,2-methylsulfonyl-1H-imidazole,,,
bmse012290,/Users/alfred/Documents/GitHub/DDLS_project/code/get_bmrb_data/bmrb_nmrstar/bmse012290/bmse012290.str,no_1H_data_found,0,,,"1,2-oxazol-3-ylmethanesulfonamide",,,
bmse012291,/Users/alfred/Documents/GitHub/DDLS_project/code/get_bmrb_data/bmrb_nmrstar/bmse012291/bmse012291.str,no_1H_data_found,0,,,2-methylsulfanyl-1H-pyrimidin-6-one,,,
bmse012292,/Users/alfred/Documents/GitHub/DDLS_project/code/get_bmrb_data/bmrb_nmrstar/bmse012292/bmse012292.str,no_1H_data_found,0,,,5-bromopyridin-3-ol,,,
bmse012293,/Users/alfred/Documents/GitHub/DDLS_project/code/get_bmrb_data/bmrb_nmrstar/bmse012293/bmse012293.str,no_1H_data_found,0,,,"4-methyl-2,3-dihydro-1,4-benzoxazin-5-amine",,,
bmse012294,/Users/alfred/Documents/GitHub/DDLS_project/code/get_bmrb_data/bmrb_nmrstar/bmse012294/bmse012294.str,no_1H_data_found,0,,,1-methylsulfonylazetidin-3-ol,,,
bmse012295,/Users/alfred/Documents/GitHub/DDLS_project/code/get_bmrb_data/bmrb_nmrstar/bmse012295/bmse012295.str,no_1H_data_found,0,,,3-cyano-N-[(4-fluorophenyl)methyl]benzamide,,,
bmse012296,/Users/alfred/Documents/GitHub/DDLS_project/code/get_bmrb_data/bmrb_nmrstar/bmse012296/bmse012296.str,no_1H_data_found,0,,,2-(4-methylpyrazol-1-yl)ethanol,,,
bmse012297,/Users/alfred/Documents/GitHub/DDLS_project/code/get_bmrb_data/bmrb_nmrstar/bmse012297/bmse012297.str,no_1H_data_found,0,,,naphthalen-2-ol,,,
bmse012298,/Users/alfred/Documents/GitHub/DDLS_project/code/get_bmrb_data/bmrb_nmrstar/bmse012298/bmse012298.str,no_1H_data_found,0,,,(2-methylpyrimidin-5-yl)methanol,,,
bmse012299,/Users/alfred/Documents/GitHub/DDLS_project/code/get_bmrb_data/bmrb_nmrstar/bmse012299/bmse012299.str,no_1H_data_found,0,,,"2-N,2-N-dimethyl-1,3-benzoxazole-2,5-diamine",,,
bmse012300,/Users/alfred/Documents/GitHub/DDLS_project/code/get_bmrb_data/bmrb_nmrstar/bmse012300/bmse012300.str,no_1H_data_found,0,,,5-methoxy-1H-indole,,,
bmse012301,/Users/alfred/Documents/GitHub/DDLS_project/code/get_bmrb_data/bmrb_nmrstar/bmse012301/bmse012301.str,no_1H_data_found,0,,,4-methylsulfanylphenol,,,
bmse012302,/Users/alfred/Documents/GitHub/DDLS_project/code/get_bmrb_data/bmrb_nmrstar/bmse012302/bmse012302.str,no_1H_data_found,0,,,"thiazinane 1,1-dioxide",,,
bmse012303,/Users/alfred/Documents/GitHub/DDLS_project/code/get_bmrb_data/bmrb_nmrstar/bmse012303/bmse012303.str,no_1H_data_found,0,,,"5-cyclobutyl-1H-1,2,4-triazole",,,
bmse012304,/Users/alfred/Documents/GitHub/DDLS_project/code/get_bmrb_data/bmrb_nmrstar/bmse012304/bmse012304.str,no_1H_data_found,0,,,3-ethoxy-5-methyl-1H-pyrazole,,,
bmse012305,/Users/alfred/Documents/GitHub/DDLS_project/code/get_bmrb_data/bmrb_nmrstar/bmse012305/bmse012305.str,no_1H_data_found,0,,,"4-methoxy-1,3-benzothiazol-2-amine",,,
bmse012306,/Users/alfred/Documents/GitHub/DDLS_project/code/get_bmrb_data/bmrb_nmrstar/bmse012306/bmse012306.str,no_1H_data_found,0,,,1-benzothiophen-5-ol,,,
bmse012307,/Users/alfred/Documents/GitHub/DDLS_project/code/get_bmrb_data/bmrb_nmrstar/bmse012307/bmse012307.str,no_1H_data_found,0,,,"3-(methoxymethyl)-5-methyl-1H-1,2,4-triazole",,,
bmse012308,/Users/alfred/Documents/GitHub/DDLS_project/code/get_bmrb_data/bmrb_nmrstar/bmse012308/bmse012308.str,no_1H_data_found,0,,,5-hydroxy-2-methylpyran-4-one,,,
bmse012309,/Users/alfred/Documents/GitHub/DDLS_project/code/get_bmrb_data/bmrb_nmrstar/bmse012309/bmse012309.str,no_1H_data_found,0,,,N-cyclopropyl-2-hydroxy-N-methylacetamide,,,
bmse012310,/Users/alfred/Documents/GitHub/DDLS_project/code/get_bmrb_data/bmrb_nmrstar/bmse012310/bmse012310.str,no_1H_data_found,0,,,(6-methylpyridin-2-yl)methanol,,,
bmse012311,/Users/alfred/Documents/GitHub/DDLS_project/code/get_bmrb_data/bmrb_nmrstar/bmse012311/bmse012311.str,no_1H_data_found,0,,,"3,3-dimethyl-1H-indol-2-one",,,
bmse012312,/Users/alfred/Documents/GitHub/DDLS_project/code/get_bmrb_data/bmrb_nmrstar/bmse012312/bmse012312.str,no_1H_data_found,0,,,"5H-thieno[3,2-c]pyridin-4-one",,,
bmse012313,/Users/alfred/Documents/GitHub/DDLS_project/code/get_bmrb_data/bmrb_nmrstar/bmse012313/bmse012313.str,no_1H_data_found,0,,,2-propylpyrimidin-4-amine,,,
bmse012314,/Users/alfred/Documents/GitHub/DDLS_project/code/get_bmrb_data/bmrb_nmrstar/bmse012314/bmse012314.str,no_1H_data_found,0,,,"(3aR,6aS)-3,3a,4,5,6,6a-hexahydro-1H-thieno[3,4-c]pyrrole 2,2-dioxide",,,
bmse012315,/Users/alfred/Documents/GitHub/DDLS_project/code/get_bmrb_data/bmrb_nmrstar/bmse012315/bmse012315.str,no_1H_data_found,0,,,"(4R)-spiro[2,3-dihydrochromene-4,5'-imidazolidine]-2',4'-dione",,,
bmse012316,/Users/alfred/Documents/GitHub/DDLS_project/code/get_bmrb_data/bmrb_nmrstar/bmse012316/bmse012316.str,no_1H_data_found,0,,,2-methylsulfanyl-1H-benzimidazole,,,
bmse012317,/Users/alfred/Documents/GitHub/DDLS_project/code/get_bmrb_data/bmrb_nmrstar/bmse012317/bmse012317.str,no_1H_data_found,0,,,"1,3,5-trimethylpyrazol-4-amine",,,
bmse012318,/Users/alfred/Documents/GitHub/DDLS_project/code/get_bmrb_data/bmrb_nmrstar/bmse012318/bmse012318.str,no_1H_data_found,0,,,"1,3-dihydrobenzimidazol-2-one",,,
bmse012319,/Users/alfred/Documents/GitHub/DDLS_project/code/get_bmrb_data/bmrb_nmrstar/bmse012319/bmse012319.str,no_1H_data_found,0,,,1-(4-hydroxy-3-methylphenyl)ethanone,,,
bmse012320,/Users/alfred/Documents/GitHub/DDLS_project/code/get_bmrb_data/bmrb_nmrstar/bmse012320/bmse012320.str,no_1H_data_found,0,,,(3R)-3-(4-methylphenyl)butanoic acid,,,
bmse012321,/Users/alfred/Documents/GitHub/DDLS_project/code/get_bmrb_data/bmrb_nmrstar/bmse012321/bmse012321.str,no_1H_data_found,0,,,(4-fluorophenyl)-pyrrolidin-1-ylmethanone,,,
bmse012322,/Users/alfred/Documents/GitHub/DDLS_project/code/get_bmrb_data/bmrb_nmrstar/bmse012322/bmse012322.str,no_1H_data_found,0,,,1-cyclopentyl-3-(thiophen-2-ylmethyl)urea,,,
bmse012323,/Users/alfred/Documents/GitHub/DDLS_project/code/get_bmrb_data/bmrb_nmrstar/bmse012323/bmse012323.str,no_1H_data_found,0,,,2-(morpholin-4-ylmethyl)phenol,,,
bmse012324,/Users/alfred/Documents/GitHub/DDLS_project/code/get_bmrb_data/bmrb_nmrstar/bmse012324/bmse012324.str,no_1H_data_found,0,,,5-(methylsulfonylmethyl)-1H-pyrazole,,,
bmse012325,/Users/alfred/Documents/GitHub/DDLS_project/code/get_bmrb_data/bmrb_nmrstar/bmse012325/bmse012325.str,no_1H_data_found,0,,,"2-tert-butyl-4H-1,2,4-triazol-3-one",,,
bmse012326,/Users/alfred/Documents/GitHub/DDLS_project/code/get_bmrb_data/bmrb_nmrstar/bmse012326/bmse012326.str,no_1H_data_found,0,,,"4,6-dimethyl-1H-pyrimidin-2-one",,,
bmse012327,/Users/alfred/Documents/GitHub/DDLS_project/code/get_bmrb_data/bmrb_nmrstar/bmse012327/bmse012327.str,no_1H_data_found,0,,,4-ethyl-1H-pyrimidin-6-one,,,
bmse012328,/Users/alfred/Documents/GitHub/DDLS_project/code/get_bmrb_data/bmrb_nmrstar/bmse012328/bmse012328.str,no_1H_data_found,0,,,5-chloro-1H-pyrimidin-2-one,,,
bmse012329,/Users/alfred/Documents/GitHub/DDLS_project/code/get_bmrb_data/bmrb_nmrstar/bmse012329/bmse012329.str,no_1H_data_found,0,,,N-(4-hydroxyphenyl)-1-methylpyrazole-4-carboxamide,,,
bmse012330,/Users/alfred/Documents/GitHub/DDLS_project/code/get_bmrb_data/bmrb_nmrstar/bmse012330/bmse012330.str,no_1H_data_found,0,,,"(2S,3R)-4-ethyl-5-oxo-3-phenylmorpholine-2-carboxamide",,,
bmse012331,/Users/alfred/Documents/GitHub/DDLS_project/code/get_bmrb_data/bmrb_nmrstar/bmse012331/bmse012331.str,no_1H_data_found,0,,,(3R)-3-amino-1-(2-methylpyrazol-3-yl)piperidin-2-one,,,
bmse012332,/Users/alfred/Documents/GitHub/DDLS_project/code/get_bmrb_data/bmrb_nmrstar/bmse012332/bmse012332.str,no_1H_data_found,0,,,N-(5-amino-2-fluorophenyl)-2-phenylacetamide,,,
bmse012333,/Users/alfred/Documents/GitHub/DDLS_project/code/get_bmrb_data/bmrb_nmrstar/bmse012333/bmse012333.str,no_1H_data_found,0,,,4-[[(2R)-oxolan-2-yl]methoxy]piperidine,,,
bmse012334,/Users/alfred/Documents/GitHub/DDLS_project/code/get_bmrb_data/bmrb_nmrstar/bmse012334/bmse012334.str,no_1H_data_found,0,,,"(7R)-7-methyl-4,5,6,7-tetrahydro-1H-pyrazolo[4,3-c]pyridine",,,
bmse012335,/Users/alfred/Documents/GitHub/DDLS_project/code/get_bmrb_data/bmrb_nmrstar/bmse012335/bmse012335.str,no_1H_data_found,0,,,2-methoxyaniline,,,
bmse012336,/Users/alfred/Documents/GitHub/DDLS_project/code/get_bmrb_data/bmrb_nmrstar/bmse012336/bmse012336.str,no_1H_data_found,0,,,(1R)-1-cyclobutyl-N-ethylethanamine,,,
bmse012337,/Users/alfred/Documents/GitHub/DDLS_project/code/get_bmrb_data/bmrb_nmrstar/bmse012337/bmse012337.str,no_1H_data_found,0,,,"(1S,5R)-3-methyl-8-azabicyclo[3.2.1]octan-3-ol",,,
bmse012338,/Users/alfred/Documents/GitHub/DDLS_project/code/get_bmrb_data/bmrb_nmrstar/bmse012338/bmse012338.str,no_1H_data_found,0,,,N-benzylpyridine-4-carboxamide,,,
bmse012339,/Users/alfred/Documents/GitHub/DDLS_project/code/get_bmrb_data/bmrb_nmrstar/bmse012339/bmse012339.str,no_1H_data_found,0,,,pyridin-3-ylmethylurea,,,
bmse012340,/Users/alfred/Documents/GitHub/DDLS_project/code/get_bmrb_data/bmrb_nmrstar/bmse012340/bmse012340.str,no_1H_data_found,0,,,3-phenylazetidine,,,
bmse012341,/Users/alfred/Documents/GitHub/DDLS_project/code/get_bmrb_data/bmrb_nmrstar/bmse012341/bmse012341.str,no_1H_data_found,0,,,1-(4-methylphenyl)-3-[[(3S)-piperidin-3-yl]methyl]urea,,,
bmse012342,/Users/alfred/Documents/GitHub/DDLS_project/code/get_bmrb_data/bmrb_nmrstar/bmse012342/bmse012342.str,no_1H_data_found,0,,,"(3S)-3-ethyl-2,3-dihydro-1H-indole",,,
bmse012343,/Users/alfred/Documents/GitHub/DDLS_project/code/get_bmrb_data/bmrb_nmrstar/bmse012343/bmse012343.str,no_1H_data_found,0,,,"3,4-dihydro-1H-2,3-benzoxazine",,,
bmse012344,/Users/alfred/Documents/GitHub/DDLS_project/code/get_bmrb_data/bmrb_nmrstar/bmse012344/bmse012344.str,no_1H_data_found,0,,,N-methyl-1-(oxan-4-yl)methanamine,,,
bmse012345,/Users/alfred/Documents/GitHub/DDLS_project/code/get_bmrb_data/bmrb_nmrstar/bmse012345/bmse012345.str,no_1H_data_found,0,,,2-amino-5-bromopyridine-3-carboxamide,,,
bmse012346,/Users/alfred/Documents/GitHub/DDLS_project/code/get_bmrb_data/bmrb_nmrstar/bmse012346/bmse012346.str,no_1H_data_found,0,,,3-chloro-4-hydroxybenzenesulfonamide,,,
bmse012347,/Users/alfred/Documents/GitHub/DDLS_project/code/get_bmrb_data/bmrb_nmrstar/bmse012347/bmse012347.str,no_1H_data_found,0,,,"7,8-dihydro-5H-pyrano[4,3-b]pyridin-3-amine",,,
bmse012348,/Users/alfred/Documents/GitHub/DDLS_project/code/get_bmrb_data/bmrb_nmrstar/bmse012348/bmse012348.str,no_1H_data_found,0,,,4-[(2-methylpropan-2-yl)oxy]piperidine,,,
bmse012349,/Users/alfred/Documents/GitHub/DDLS_project/code/get_bmrb_data/bmrb_nmrstar/bmse012349/bmse012349.str,no_1H_data_found,0,,,"(3R)-3-pyrazol-1-yl-1,2,3,4-tetrahydroquinoline",,,
bmse012350,/Users/alfred/Documents/GitHub/DDLS_project/code/get_bmrb_data/bmrb_nmrstar/bmse012350/bmse012350.str,no_1H_data_found,0,,,"5-bromo-2,3-dihydro-1H-indole-6-sulfonamide",,,
bmse012351,/Users/alfred/Documents/GitHub/DDLS_project/code/get_bmrb_data/bmrb_nmrstar/bmse012351/bmse012351.str,no_1H_data_found,0,,,"4-fluoro-2-(2,2,2-trifluoroethoxy)aniline",,,
bmse012352,/Users/alfred/Documents/GitHub/DDLS_project/code/get_bmrb_data/bmrb_nmrstar/bmse012352/bmse012352.str,no_1H_data_found,0,,,"2-[(1S)-2,2-difluorocyclopentyl]ethanamine",,,
bmse012353,/Users/alfred/Documents/GitHub/DDLS_project/code/get_bmrb_data/bmrb_nmrstar/bmse012353/bmse012353.str,no_1H_data_found,0,,,2-propylpyrazol-3-amine,,,
bmse012354,/Users/alfred/Documents/GitHub/DDLS_project/code/get_bmrb_data/bmrb_nmrstar/bmse012354/bmse012354.str,no_1H_data_found,0,,,5-(aminomethyl)-1H-pyridin-2-one,,,
bmse012355,/Users/alfred/Documents/GitHub/DDLS_project/code/get_bmrb_data/bmrb_nmrstar/bmse012355/bmse012355.str,no_1H_data_found,0,,,(2S)-2-methylpyrrolidine-2-carboxamide,,,
bmse012356,/Users/alfred/Documents/GitHub/DDLS_project/code/get_bmrb_data/bmrb_nmrstar/bmse012356/bmse012356.str,no_1H_data_found,0,,,"2,3-dihydro-1H-indole-5-carboxamide",,,
bmse012357,/Users/alfred/Documents/GitHub/DDLS_project/code/get_bmrb_data/bmrb_nmrstar/bmse012357/bmse012357.str,no_1H_data_found,0,,,2-(4-aminopiperidin-1-yl)-N-phenylacetamide,,,
bmse012358,/Users/alfred/Documents/GitHub/DDLS_project/code/get_bmrb_data/bmrb_nmrstar/bmse012358/bmse012358.str,no_1H_data_found,0,,,2-phenoxyethanamine,,,
bmse012359,/Users/alfred/Documents/GitHub/DDLS_project/code/get_bmrb_data/bmrb_nmrstar/bmse012359/bmse012359.str,no_1H_data_found,0,,,1-(2-aminoethyl)pyridin-2-one,,,
bmse012360,/Users/alfred/Documents/GitHub/DDLS_project/code/get_bmrb_data/bmrb_nmrstar/bmse012360/bmse012360.str,no_1H_data_found,0,,,2-amino-N-[[(2S)-oxolan-2-yl]methyl]benzamide,,,
bmse012361,/Users/alfred/Documents/GitHub/DDLS_project/code/get_bmrb_data/bmrb_nmrstar/bmse012361/bmse012361.str,no_1H_data_found,0,,,[5-(4-fluorophenyl)-1H-imidazol-2-yl]methanamine,,,
bmse012362,/Users/alfred/Documents/GitHub/DDLS_project/code/get_bmrb_data/bmrb_nmrstar/bmse012362/bmse012362.str,no_1H_data_found,0,,,"2-phenylpropane-1,3-diamine",,,
bmse012363,/Users/alfred/Documents/GitHub/DDLS_project/code/get_bmrb_data/bmrb_nmrstar/bmse012363/bmse012363.str,no_1H_data_found,0,,,(4R)-4-(aminomethyl)-1-(4-chlorophenyl)pyrrolidin-2-one,,,
bmse012364,/Users/alfred/Documents/GitHub/DDLS_project/code/get_bmrb_data/bmrb_nmrstar/bmse012364/bmse012364.str,no_1H_data_found,0,,,"4-chloro-3,5-dimethyl-1H-pyrazole",,,
bmse012365,/Users/alfred/Documents/GitHub/DDLS_project/code/get_bmrb_data/bmrb_nmrstar/bmse012365/bmse012365.str,no_1H_data_found,0,,,"(1S)-1-[(1R,2S,4S)-2-bicyclo[2.2.1]heptanyl]ethanamine",,,
bmse012366,/Users/alfred/Documents/GitHub/DDLS_project/code/get_bmrb_data/bmrb_nmrstar/bmse012366/bmse012366.str,no_1H_data_found,0,,,2-(1-methylimidazol-2-yl)sulfanylethanamine,,,
bmse012367,/Users/alfred/Documents/GitHub/DDLS_project/code/get_bmrb_data/bmrb_nmrstar/bmse012367/bmse012367.str,no_1H_data_found,0,,,3-(4-methylanilino)propanenitrile,,,
bmse012368,/Users/alfred/Documents/GitHub/DDLS_project/code/get_bmrb_data/bmrb_nmrstar/bmse012368/bmse012368.str,no_1H_data_found,0,,,"7-bromo-3,4-dihydro-2H-1,4-benzoxazepin-5-one",,,
bmse012369,/Users/alfred/Documents/GitHub/DDLS_project/code/get_bmrb_data/bmrb_nmrstar/bmse012369/bmse012369.str,no_1H_data_found,0,,,2-(5-amino-3-phenylpyrazol-1-yl)ethanol,,,
bmse012370,/Users/alfred/Documents/GitHub/DDLS_project/code/get_bmrb_data/bmrb_nmrstar/bmse012370/bmse012370.str,no_1H_data_found,0,,,"4-methoxy-2,3-dihydro-1H-isoindole",,,
bmse012371,/Users/alfred/Documents/GitHub/DDLS_project/code/get_bmrb_data/bmrb_nmrstar/bmse012371/bmse012371.str,no_1H_data_found,0,,,N-ethylazetidine-3-carboxamide,,,
bmse012372,/Users/alfred/Documents/GitHub/DDLS_project/code/get_bmrb_data/bmrb_nmrstar/bmse012372/bmse012372.str,no_1H_data_found,0,,,"2-(1,3-benzoxazol-2-yl)ethanamine",,,
bmse012373,/Users/alfred/Documents/GitHub/DDLS_project/code/get_bmrb_data/bmrb_nmrstar/bmse012373/bmse012373.str,no_1H_data_found,0,,,2-(2H-triazol-4-yl)propan-2-amine,,,
bmse012374,/Users/alfred/Documents/GitHub/DDLS_project/code/get_bmrb_data/bmrb_nmrstar/bmse012374/bmse012374.str,no_1H_data_found,0,,,"(2,6-dimethylpyridin-4-yl)methanamine",,,
bmse012375,/Users/alfred/Documents/GitHub/DDLS_project/code/get_bmrb_data/bmrb_nmrstar/bmse012375/bmse012375.str,no_1H_data_found,0,,,"1,2,3,4-tetrahydro-1,4-benzodiazepin-5-one",,,
bmse012376,/Users/alfred/Documents/GitHub/DDLS_project/code/get_bmrb_data/bmrb_nmrstar/bmse012376/bmse012376.str,no_1H_data_found,0,,,"(3S)-5-chloro-N-methyl-1,1-dioxo-2,3-dihydro-1-benzothiophen-3-amine",,,
bmse012377,/Users/alfred/Documents/GitHub/DDLS_project/code/get_bmrb_data/bmrb_nmrstar/bmse012377/bmse012377.str,no_1H_data_found,0,,,N-[(1R)-1-(2-fluorophenyl)ethyl]cyclopropanamine,,,
bmse012378,/Users/alfred/Documents/GitHub/DDLS_project/code/get_bmrb_data/bmrb_nmrstar/bmse012378/bmse012378.str,no_1H_data_found,0,,,N-(5-chloro-2-hydroxyphenyl)piperidine-4-carboxamide,,,
bmse012379,/Users/alfred/Documents/GitHub/DDLS_project/code/get_bmrb_data/bmrb_nmrstar/bmse012379/bmse012379.str,no_1H_data_found,0,,,"[(3S)-3-amino-2,4-dihydrochromen-3-yl]methanol",,,
bmse012380,/Users/alfred/Documents/GitHub/DDLS_project/code/get_bmrb_data/bmrb_nmrstar/bmse012380/bmse012380.str,no_1H_data_found,0,,,2-pyrimidin-2-ylpropan-2-amine,,,
bmse012381,/Users/alfred/Documents/GitHub/DDLS_project/code/get_bmrb_data/bmrb_nmrstar/bmse012381/bmse012381.str,no_1H_data_found,0,,,EU-OPENSCREEN Compound 103130,,,
bmse012382,/Users/alfred/Documents/GitHub/DDLS_project/code/get_bmrb_data/bmrb_nmrstar/bmse012382/bmse012382.str,no_1H_data_found,0,,,"(5R)-5-(4-aminophenyl)-3,5-dimethylimidazolidine-2,4-dione",,,
bmse012383,/Users/alfred/Documents/GitHub/DDLS_project/code/get_bmrb_data/bmrb_nmrstar/bmse012383/bmse012383.str,no_1H_data_found,0,,,"N-(2,3-dihydro-1H-inden-2-yl)acetamide",,,
bmse012384,/Users/alfred/Documents/GitHub/DDLS_project/code/get_bmrb_data/bmrb_nmrstar/bmse012384/bmse012384.str,no_1H_data_found,0,,,(1-ethylpyrrol-3-yl)methanamine,,,
bmse012385,/Users/alfred/Documents/GitHub/DDLS_project/code/get_bmrb_data/bmrb_nmrstar/bmse012385/bmse012385.str,no_1H_data_found,0,,,[3-(aminomethyl)phenyl]methanol,,,
bmse012386,/Users/alfred/Documents/GitHub/DDLS_project/code/get_bmrb_data/bmrb_nmrstar/bmse012386/bmse012386.str,no_1H_data_found,0,,,"4,5,6,7-tetrahydro-1,3-benzothiazol-2-amine",,,
bmse012387,/Users/alfred/Documents/GitHub/DDLS_project/code/get_bmrb_data/bmrb_nmrstar/bmse012387/bmse012387.str,no_1H_data_found,0,,,"[2-(4-methoxyphenyl)-1,3-thiazol-4-yl]methanamine",,,
bmse012388,/Users/alfred/Documents/GitHub/DDLS_project/code/get_bmrb_data/bmrb_nmrstar/bmse012388/bmse012388.str,no_1H_data_found,0,,,1-benzofuran-3-carboxamide,,,
bmse012389,/Users/alfred/Documents/GitHub/DDLS_project/code/get_bmrb_data/bmrb_nmrstar/bmse012389/bmse012389.str,no_1H_data_found,0,,,"[(2S,4S)-4-fluoro-1-[(3-methyl-1,2-oxazol-5-yl)methyl]pyrrolidin-2-yl]methanamine",,,
bmse012390,/Users/alfred/Documents/GitHub/DDLS_project/code/get_bmrb_data/bmrb_nmrstar/bmse012390/bmse012390.str,no_1H_data_found,0,,,(1R)-2-(1H-imidazol-2-yl)-1-phenylethanamine,,,
bmse012391,/Users/alfred/Documents/GitHub/DDLS_project/code/get_bmrb_data/bmrb_nmrstar/bmse012391/bmse012391.str,no_1H_data_found,0,,,"(4S,5R)-4-amino-5-(4-fluorophenyl)-1-methylpyrrolidin-2-one",,,
bmse012392,/Users/alfred/Documents/GitHub/DDLS_project/code/get_bmrb_data/bmrb_nmrstar/bmse012392/bmse012392.str,no_1H_data_found,0,,,"N-[(1R,2S)-2-hydroxy-2,3-dihydro-1H-inden-1-yl]acetamide",,,
bmse012393,/Users/alfred/Documents/GitHub/DDLS_project/code/get_bmrb_data/bmrb_nmrstar/bmse012393/bmse012393.str,no_1H_data_found,0,,,"(2,5-dichlorothiophen-3-yl)methanamine",,,
bmse012394,/Users/alfred/Documents/GitHub/DDLS_project/code/get_bmrb_data/bmrb_nmrstar/bmse012394/bmse012394.str,no_1H_data_found,0,,,4-bromo-3-(trifluoromethyl)benzamide,,,
bmse012395,/Users/alfred/Documents/GitHub/DDLS_project/code/get_bmrb_data/bmrb_nmrstar/bmse012395/bmse012395.str,no_1H_data_found,0,,,"4-(3-aminopropyl)-1,4-benzoxazin-3-one",,,
bmse012396,/Users/alfred/Documents/GitHub/DDLS_project/code/get_bmrb_data/bmrb_nmrstar/bmse012396/bmse012396.str,no_1H_data_found,0,,,6-(aminomethyl)pyridin-2-amine,,,
bmse012397,/Users/alfred/Documents/GitHub/DDLS_project/code/get_bmrb_data/bmrb_nmrstar/bmse012397/bmse012397.str,no_1H_data_found,0,,,"(1S,2R,4S,5R)-tricyclo[3.2.1.02,4]octan-3-amine",,,
bmse012398,/Users/alfred/Documents/GitHub/DDLS_project/code/get_bmrb_data/bmrb_nmrstar/bmse012398/bmse012398.str,no_1H_data_found,0,,,1-(1H-benzimidazol-2-yl)-N-methylmethanamine,,,
bmse012399,/Users/alfred/Documents/GitHub/DDLS_project/code/get_bmrb_data/bmrb_nmrstar/bmse012399/bmse012399.str,no_1H_data_found,0,,,"N-(1,3-benzothiazol-2-ylmethyl)propanamide",,,
bmse012400,/Users/alfred/Documents/GitHub/DDLS_project/code/get_bmrb_data/bmrb_nmrstar/bmse012400/bmse012400.str,no_1H_data_found,0,,,4-(hydroxymethyl)benzamide,,,
bmse012401,/Users/alfred/Documents/GitHub/DDLS_project/code/get_bmrb_data/bmrb_nmrstar/bmse012401/bmse012401.str,no_1H_data_found,0,,,"(3R)-1,2,3,4-tetrahydroquinolin-3-ol",,,
bmse012402,/Users/alfred/Documents/GitHub/DDLS_project/code/get_bmrb_data/bmrb_nmrstar/bmse012402/bmse012402.str,no_1H_data_found,0,,,2-phenylprop-2-en-1-amine,,,
bmse012403,/Users/alfred/Documents/GitHub/DDLS_project/code/get_bmrb_data/bmrb_nmrstar/bmse012403/bmse012403.str,no_1H_data_found,0,,,N-(2-aminoethyl)-4-hydroxybenzamide,,,
bmse012404,/Users/alfred/Documents/GitHub/DDLS_project/code/get_bmrb_data/bmrb_nmrstar/bmse012404/bmse012404.str,no_1H_data_found,0,,,cyclopentylmethanesulfonamide,,,
bmse012405,/Users/alfred/Documents/GitHub/DDLS_project/code/get_bmrb_data/bmrb_nmrstar/bmse012405/bmse012405.str,no_1H_data_found,0,,,N-methyl-2-[(2R)-oxolan-2-yl]ethanamine,,,
bmse012406,/Users/alfred/Documents/GitHub/DDLS_project/code/get_bmrb_data/bmrb_nmrstar/bmse012406/bmse012406.str,no_1H_data_found,0,,,6-methylsulfanylpyridin-3-amine,,,
bmse012407,/Users/alfred/Documents/GitHub/DDLS_project/code/get_bmrb_data/bmrb_nmrstar/bmse012407/bmse012407.str,no_1H_data_found,0,,,"3,3-dimethyl-1,2-dihydroindole",,,
bmse012408,/Users/alfred/Documents/GitHub/DDLS_project/code/get_bmrb_data/bmrb_nmrstar/bmse012408/bmse012408.str,no_1H_data_found,0,,,"N-(2,2-dimethylpropyl)pyridin-2-amine",,,
bmse012409,/Users/alfred/Documents/GitHub/DDLS_project/code/get_bmrb_data/bmrb_nmrstar/bmse012409/bmse012409.str,no_1H_data_found,0,,,"2-amino-1,3-dihydroindene-2-carboxamide",,,
bmse012410,/Users/alfred/Documents/GitHub/DDLS_project/code/get_bmrb_data/bmrb_nmrstar/bmse012410/bmse012410.str,no_1H_data_found,0,,,1-methyl-4-phenylpiperidin-4-ol,,,
bmse012411,/Users/alfred/Documents/GitHub/DDLS_project/code/get_bmrb_data/bmrb_nmrstar/bmse012411/bmse012411.str,no_1H_data_found,0,,,2-cyclopentylacetamide,,,
bmse012412,/Users/alfred/Documents/GitHub/DDLS_project/code/get_bmrb_data/bmrb_nmrstar/bmse012412/bmse012412.str,no_1H_data_found,0,,,2-[(1H-benzimidazol-2-ylamino)methyl]phenol,,,
bmse012413,/Users/alfred/Documents/GitHub/DDLS_project/code/get_bmrb_data/bmrb_nmrstar/bmse012413/bmse012413.str,no_1H_data_found,0,,,"1,3-benzoxazol-6-amine",,,
bmse012414,/Users/alfred/Documents/GitHub/DDLS_project/code/get_bmrb_data/bmrb_nmrstar/bmse012414/bmse012414.str,no_1H_data_found,0,,,"(3S)-3-amino-2,2-dimethyl-3-thiophen-2-ylpropan-1-ol",,,
bmse012415,/Users/alfred/Documents/GitHub/DDLS_project/code/get_bmrb_data/bmrb_nmrstar/bmse012415/bmse012415.str,no_1H_data_found,0,,,(3S)-3-amino-1-phenylazetidin-2-one,,,
bmse012416,/Users/alfred/Documents/GitHub/DDLS_project/code/get_bmrb_data/bmrb_nmrstar/bmse012416/bmse012416.str,no_1H_data_found,0,,,4-(1H-pyrazol-5-yl)phenol,,,
bmse012417,/Users/alfred/Documents/GitHub/DDLS_project/code/get_bmrb_data/bmrb_nmrstar/bmse012417/bmse012417.str,no_1H_data_found,0,,,"1-methyl-3-[(3-phenyl-1,2-oxazol-5-yl)methyl]urea",,,
bmse012418,/Users/alfred/Documents/GitHub/DDLS_project/code/get_bmrb_data/bmrb_nmrstar/bmse012418/bmse012418.str,no_1H_data_found,0,,,1-[(2R)-2-hydroxypropyl]-3-phenylurea,,,
bmse012419,/Users/alfred/Documents/GitHub/DDLS_project/code/get_bmrb_data/bmrb_nmrstar/bmse012419/bmse012419.str,no_1H_data_found,0,,,3-indol-1-ylpropan-1-amine,,,
bmse012420,/Users/alfred/Documents/GitHub/DDLS_project/code/get_bmrb_data/bmrb_nmrstar/bmse012420/bmse012420.str,no_1H_data_found,0,,,"N-(4-methoxyphenyl)-3,5-dimethyl-1,2-oxazole-4-carboxamide",,,
bmse012421,/Users/alfred/Documents/GitHub/DDLS_project/code/get_bmrb_data/bmrb_nmrstar/bmse012421/bmse012421.str,no_1H_data_found,0,,,"2-[(4S)-3,4-dihydro-2H-chromen-4-yl]-N-methylacetamide",,,
bmse012422,/Users/alfred/Documents/GitHub/DDLS_project/code/get_bmrb_data/bmrb_nmrstar/bmse012422/bmse012422.str,no_1H_data_found,0,,,2-methylsulfanyl-3-phenylimidazole-4-carboxamide,,,
bmse012423,/Users/alfred/Documents/GitHub/DDLS_project/code/get_bmrb_data/bmrb_nmrstar/bmse012423/bmse012423.str,no_1H_data_found,0,,,"2-[(2S,6S)-2,6-dimethylmorpholin-4-yl]-N-(2-methylphenyl)acetamide",,,
bmse012424,/Users/alfred/Documents/GitHub/DDLS_project/code/get_bmrb_data/bmrb_nmrstar/bmse012424/bmse012424.str,no_1H_data_found,0,,,2-(5-bromo-2-oxopyridin-1-yl)-N-propan-2-ylacetamide,,,
bmse012425,/Users/alfred/Documents/GitHub/DDLS_project/code/get_bmrb_data/bmrb_nmrstar/bmse012425/bmse012425.str,no_1H_data_found,0,,,"3-(4-fluorophenyl)-1-methyl-1-[(5-methyl-1,2,4-oxadiazol-3-yl)methyl]urea",,,
bmse012426,/Users/alfred/Documents/GitHub/DDLS_project/code/get_bmrb_data/bmrb_nmrstar/bmse012426/bmse012426.str,no_1H_data_found,0,,,"N-[(2R)-2-methyl-3-oxo-4H-1,4-benzoxazin-6-yl]butanamide",,,
bmse012427,/Users/alfred/Documents/GitHub/DDLS_project/code/get_bmrb_data/bmrb_nmrstar/bmse012427/bmse012427.str,no_1H_data_found,0,,,"N-[(1R)-1-(2,4-dimethyl-1,3-thiazol-5-yl)ethyl]pyridine-3-carboxamide",,,
bmse012428,/Users/alfred/Documents/GitHub/DDLS_project/code/get_bmrb_data/bmrb_nmrstar/bmse012428/bmse012428.str,no_1H_data_found,0,,,N-(cyclopropylmethyl)benzamide,,,
bmse012429,/Users/alfred/Documents/GitHub/DDLS_project/code/get_bmrb_data/bmrb_nmrstar/bmse012429/bmse012429.str,no_1H_data_found,0,,,N-[(1R)-1-thiophen-2-ylethyl]propanamide,,,
bmse012430,/Users/alfred/Documents/GitHub/DDLS_project/code/get_bmrb_data/bmrb_nmrstar/bmse012430/bmse012430.str,no_1H_data_found,0,,,3-fluoro-N-methylbenzamide,,,
bmse012431,/Users/alfred/Documents/GitHub/DDLS_project/code/get_bmrb_data/bmrb_nmrstar/bmse012431/bmse012431.str,no_1H_data_found,0,,,N-(4-hydroxy-3-methylphenyl)propanamide,,,
bmse012432,/Users/alfred/Documents/GitHub/DDLS_project/code/get_bmrb_data/bmrb_nmrstar/bmse012432/bmse012432.str,no_1H_data_found,0,,,"7-ethyl-2-(methylamino)-[1,3,4]thiadiazolo[3,2-a]pyrimidin-5-one",,,
bmse012433,/Users/alfred/Documents/GitHub/DDLS_project/code/get_bmrb_data/bmrb_nmrstar/bmse012433/bmse012433.str,no_1H_data_found,0,,,1-[(1S)-1-phenylethyl]-3-pyridin-3-ylurea,,,
bmse012434,/Users/alfred/Documents/GitHub/DDLS_project/code/get_bmrb_data/bmrb_nmrstar/bmse012434/bmse012434.str,no_1H_data_found,0,,,N-[6-(trifluoromethyl)pyridin-2-yl]acetamide,,,
bmse012435,/Users/alfred/Documents/GitHub/DDLS_project/code/get_bmrb_data/bmrb_nmrstar/bmse012435/bmse012435.str,no_1H_data_found,0,,,N-(cyclopropylmethyl)azepane-1-sulfonamide,,,
bmse012436,/Users/alfred/Documents/GitHub/DDLS_project/code/get_bmrb_data/bmrb_nmrstar/bmse012436/bmse012436.str,no_1H_data_found,0,,,"N-(2-oxo-1,3-dihydrobenzimidazol-5-yl)propanamide",,,
bmse012437,/Users/alfred/Documents/GitHub/DDLS_project/code/get_bmrb_data/bmrb_nmrstar/bmse012437/bmse012437.str,no_1H_data_found,0,,,[(1R)-1-cyclopropylethyl]urea,,,
bmse012438,/Users/alfred/Documents/GitHub/DDLS_project/code/get_bmrb_data/bmrb_nmrstar/bmse012438/bmse012438.str,no_1H_data_found,0,,,"(4R)-2-oxo-N-[[(3R)-oxolan-3-yl]methyl]-3,4-dihydro-1H-quinoline-4-carboxamide",,,
bmse012439,/Users/alfred/Documents/GitHub/DDLS_project/code/get_bmrb_data/bmrb_nmrstar/bmse012439/bmse012439.str,no_1H_data_found,0,,,"(1S,2S)-2-(3-bromophenyl)-N-methylcyclopropane-1-carboxamide",,,
bmse012440,/Users/alfred/Documents/GitHub/DDLS_project/code/get_bmrb_data/bmrb_nmrstar/bmse012440/bmse012440.str,no_1H_data_found,0,,,1-phenylcyclopropane-1-carboxamide,,,
bmse012441,/Users/alfred/Documents/GitHub/DDLS_project/code/get_bmrb_data/bmrb_nmrstar/bmse012441/bmse012441.str,no_1H_data_found,0,,,N-(1-ethylpyrazol-4-yl)-4-fluorobenzamide,,,
bmse012442,/Users/alfred/Documents/GitHub/DDLS_project/code/get_bmrb_data/bmrb_nmrstar/bmse012442/bmse012442.str,no_1H_data_found,0,,,(2R)-2-(4-chlorophenoxy)propanamide,,,
bmse012443,/Users/alfred/Documents/GitHub/DDLS_project/code/get_bmrb_data/bmrb_nmrstar/bmse012443/bmse012443.str,no_1H_data_found,0,,,"N-methyl-5-phenyl-1,3,4-oxadiazol-2-amine",,,
bmse012444,/Users/alfred/Documents/GitHub/DDLS_project/code/get_bmrb_data/bmrb_nmrstar/bmse012444/bmse012444.str,no_1H_data_found,0,,,"N-(1,5-dimethyl-3-oxo-2-phenylpyrazol-4-yl)methanesulfonamide",,,
bmse012445,/Users/alfred/Documents/GitHub/DDLS_project/code/get_bmrb_data/bmrb_nmrstar/bmse012445/bmse012445.str,no_1H_data_found,0,,,N-propan-2-yl-1H-pyrazole-5-carboxamide,,,
bmse012446,/Users/alfred/Documents/GitHub/DDLS_project/code/get_bmrb_data/bmrb_nmrstar/bmse012446/bmse012446.str,no_1H_data_found,0,,,5-(cyclopropylsulfamoyl)-N-methylfuran-2-carboxamide,,,
bmse012447,/Users/alfred/Documents/GitHub/DDLS_project/code/get_bmrb_data/bmrb_nmrstar/bmse012447/bmse012447.str,no_1H_data_found,0,,,(3R)-5-oxo-N-(2-phenylpropan-2-yl)pyrrolidine-3-carboxamide,,,
bmse012448,/Users/alfred/Documents/GitHub/DDLS_project/code/get_bmrb_data/bmrb_nmrstar/bmse012448/bmse012448.str,no_1H_data_found,0,,,"(2S,3S)-2-(1-methylimidazol-2-yl)oxolan-3-amine",,,
bmse012449,/Users/alfred/Documents/GitHub/DDLS_project/code/get_bmrb_data/bmrb_nmrstar/bmse012449/bmse012449.str,no_1H_data_found,0,,,N-(4-fluorophenyl)cyclopropanecarboxamide,,,
bmse012450,/Users/alfred/Documents/GitHub/DDLS_project/code/get_bmrb_data/bmrb_nmrstar/bmse012450/bmse012450.str,no_1H_data_found,0,,,2-(1H-benzimidazol-2-ylsulfanyl)-N-(methylcarbamoyl)acetamide,,,
bmse012451,/Users/alfred/Documents/GitHub/DDLS_project/code/get_bmrb_data/bmrb_nmrstar/bmse012451/bmse012451.str,no_1H_data_found,0,,,N-methyl-2-phenylpyrimidine-5-carboxamide,,,
bmse012452,/Users/alfred/Documents/GitHub/DDLS_project/code/get_bmrb_data/bmrb_nmrstar/bmse012452/bmse012452.str,no_1H_data_found,0,,,N-(3-fluoro-4-imidazol-1-ylphenyl)acetamide,,,
bmse012453,/Users/alfred/Documents/GitHub/DDLS_project/code/get_bmrb_data/bmrb_nmrstar/bmse012453/bmse012453.str,no_1H_data_found,0,,,EU-OPENSCREEN Compound 103213,,,
bmse012454,/Users/alfred/Documents/GitHub/DDLS_project/code/get_bmrb_data/bmrb_nmrstar/bmse012454/bmse012454.str,no_1H_data_found,0,,,1-[(2R)-1-(4-fluoro-3-methylphenyl)sulfonylpyrrolidin-2-yl]-N-methylmethanamine,,,
bmse012455,/Users/alfred/Documents/GitHub/DDLS_project/code/get_bmrb_data/bmrb_nmrstar/bmse012455/bmse012455.str,no_1H_data_found,0,,,"(4S)-N-(2-methylbutan-2-yl)-2-oxo-3,4-dihydro-1H-quinoline-4-carboxamide",,,
bmse012456,/Users/alfred/Documents/GitHub/DDLS_project/code/get_bmrb_data/bmrb_nmrstar/bmse012456/bmse012456.str,no_1H_data_found,0,,,"3-(3-hydroxyphenyl)-1,1-dimethylurea",,,
bmse012457,/Users/alfred/Documents/GitHub/DDLS_project/code/get_bmrb_data/bmrb_nmrstar/bmse012457/bmse012457.str,no_1H_data_found,0,,,"2-(3-methyl-1,2,4-oxadiazol-5-yl)ethanamine",,,
bmse012458,/Users/alfred/Documents/GitHub/DDLS_project/code/get_bmrb_data/bmrb_nmrstar/bmse012458/bmse012458.str,no_1H_data_found,0,,,"N-ethyl-1,3-thiazol-2-amine",,,
bmse012459,/Users/alfred/Documents/GitHub/DDLS_project/code/get_bmrb_data/bmrb_nmrstar/bmse012459/bmse012459.str,no_1H_data_found,0,,,"4-[(dimethylamino)methyl]-1,3-thiazol-2-amine",,,
bmse012460,/Users/alfred/Documents/GitHub/DDLS_project/code/get_bmrb_data/bmrb_nmrstar/bmse012460/bmse012460.str,no_1H_data_found,0,,,"5-propyl-1,3,4-oxadiazol-2-amine",,,
bmse012461,/Users/alfred/Documents/GitHub/DDLS_project/code/get_bmrb_data/bmrb_nmrstar/bmse012461/bmse012461.str,no_1H_data_found,0,,,3-bromo-5-chloroaniline,,,
bmse012462,/Users/alfred/Documents/GitHub/DDLS_project/code/get_bmrb_data/bmrb_nmrstar/bmse012462/bmse012462.str,no_1H_data_found,0,,,1-phenyltriazole-4-carboxamide,,,
bmse012463,/Users/alfred/Documents/GitHub/DDLS_project/code/get_bmrb_data/bmrb_nmrstar/bmse012463/bmse012463.str,no_1H_data_found,0,,,N-benzylacetamide,,,
bmse012464,/Users/alfred/Documents/GitHub/DDLS_project/code/get_bmrb_data/bmrb_nmrstar/bmse012464/bmse012464.str,no_1H_data_found,0,,,"N-[(2S)-butan-2-yl]-2-oxo-3,4-dihydro-1H-quinoline-6-sulfonamide",,,
bmse012465,/Users/alfred/Documents/GitHub/DDLS_project/code/get_bmrb_data/bmrb_nmrstar/bmse012465/bmse012465.str,no_1H_data_found,0,,,1-[(1R)-1-(3-chlorophenyl)ethyl]-3-(1-methylpyrazol-4-yl)urea,,,
bmse012466,/Users/alfred/Documents/GitHub/DDLS_project/code/get_bmrb_data/bmrb_nmrstar/bmse012466/bmse012466.str,no_1H_data_found,0,,,4-piperidin-1-ylsulfonylaniline,,,
bmse012467,/Users/alfred/Documents/GitHub/DDLS_project/code/get_bmrb_data/bmrb_nmrstar/bmse012467/bmse012467.str,no_1H_data_found,0,,,azepane-1-carboxamide,,,
bmse012468,/Users/alfred/Documents/GitHub/DDLS_project/code/get_bmrb_data/bmrb_nmrstar/bmse012468/bmse012468.str,no_1H_data_found,0,,,4-cyanobenzamide,,,
bmse012469,/Users/alfred/Documents/GitHub/DDLS_project/code/get_bmrb_data/bmrb_nmrstar/bmse012469/bmse012469.str,no_1H_data_found,0,,,N-[(1S)-1-cyanopropyl]benzamide,,,
bmse012470,/Users/alfred/Documents/GitHub/DDLS_project/code/get_bmrb_data/bmrb_nmrstar/bmse012470/bmse012470.str,no_1H_data_found,0,,,"(1R)-1-methyl-1,2,3,4-tetrahydroisoquinolin-6-ol",,,
bmse012471,/Users/alfred/Documents/GitHub/DDLS_project/code/get_bmrb_data/bmrb_nmrstar/bmse012471/bmse012471.str,no_1H_data_found,0,,,1-benzyl-1-methylurea,,,
bmse012472,/Users/alfred/Documents/GitHub/DDLS_project/code/get_bmrb_data/bmrb_nmrstar/bmse012472/bmse012472.str,no_1H_data_found,0,,,N-(2-fluorophenyl)piperidin-4-amine,,,
bmse012473,/Users/alfred/Documents/GitHub/DDLS_project/code/get_bmrb_data/bmrb_nmrstar/bmse012473/bmse012473.str,no_1H_data_found,0,,,(4S)-4-(2-methylphenyl)pyrrolidin-2-one,,,
bmse012474,/Users/alfred/Documents/GitHub/DDLS_project/code/get_bmrb_data/bmrb_nmrstar/bmse012474/bmse012474.str,no_1H_data_found,0,,,4-(4-fluorophenoxy)piperidine,,,
bmse012475,/Users/alfred/Documents/GitHub/DDLS_project/code/get_bmrb_data/bmrb_nmrstar/bmse012475/bmse012475.str,no_1H_data_found,0,,,3-(2-aminoethyl)-N-methylbenzamide,,,
bmse012476,/Users/alfred/Documents/GitHub/DDLS_project/code/get_bmrb_data/bmrb_nmrstar/bmse012476/bmse012476.str,no_1H_data_found,0,,,"3-methylsulfanyl-1,4-dihydro-1,2,4-triazol-5-one",,,
bmse012477,/Users/alfred/Documents/GitHub/DDLS_project/code/get_bmrb_data/bmrb_nmrstar/bmse012477/bmse012477.str,no_1H_data_found,0,,,"2-(5-chloro-2,3-dihydro-1,4-benzodioxin-7-yl)-N-propan-2-ylacetamide",,,
bmse012478,/Users/alfred/Documents/GitHub/DDLS_project/code/get_bmrb_data/bmrb_nmrstar/bmse012478/bmse012478.str,no_1H_data_found,0,,,(2R)-2-(carbamoylamino)-N-(4-chlorophenyl)propanamide,,,
bmse012479,/Users/alfred/Documents/GitHub/DDLS_project/code/get_bmrb_data/bmrb_nmrstar/bmse012479/bmse012479.str,no_1H_data_found,0,,,1-(4-hydroxyphenyl)-3-(1-methyl-2-oxopyridin-3-yl)urea,,,
bmse012480,/Users/alfred/Documents/GitHub/DDLS_project/code/get_bmrb_data/bmrb_nmrstar/bmse012480/bmse012480.str,no_1H_data_found,0,,,1-methyl-N-[(3S)-piperidin-3-yl]pyrazole-4-carboxamide,,,
bmse012481,/Users/alfred/Documents/GitHub/DDLS_project/code/get_bmrb_data/bmrb_nmrstar/bmse012481/bmse012481.str,no_1H_data_found,0,,,"2,5-dimethyl-N-propan-2-ylbenzamide",,,
bmse012482,/Users/alfred/Documents/GitHub/DDLS_project/code/get_bmrb_data/bmrb_nmrstar/bmse012482/bmse012482.str,no_1H_data_found,0,,,N-methylnaphthalene-2-carboxamide,,,
bmse012483,/Users/alfred/Documents/GitHub/DDLS_project/code/get_bmrb_data/bmrb_nmrstar/bmse012483/bmse012483.str,no_1H_data_found,0,,,N-quinolin-5-ylacetamide,,,
bmse012484,/Users/alfred/Documents/GitHub/DDLS_project/code/get_bmrb_data/bmrb_nmrstar/bmse012484/bmse012484.str,no_1H_data_found,0,,,"(2R,3R)-2-(1H-pyrazol-5-yl)oxolan-3-amine",,,
bmse012485,/Users/alfred/Documents/GitHub/DDLS_project/code/get_bmrb_data/bmrb_nmrstar/bmse012485/bmse012485.str,no_1H_data_found,0,,,EU-OPENSCREEN Compound 103251,,,
bmse012486,/Users/alfred/Documents/GitHub/DDLS_project/code/get_bmrb_data/bmrb_nmrstar/bmse012486/bmse012486.str,no_1H_data_found,0,,,1-methyl-N-[(5-methyl-1H-pyrazol-4-yl)methyl]pyrazol-3-amine,,,
bmse012487,/Users/alfred/Documents/GitHub/DDLS_project/code/get_bmrb_data/bmrb_nmrstar/bmse012487/bmse012487.str,no_1H_data_found,0,,,3-(2-fluoroethoxy)aniline,,,
bmse012488,/Users/alfred/Documents/GitHub/DDLS_project/code/get_bmrb_data/bmrb_nmrstar/bmse012488/bmse012488.str,no_1H_data_found,0,,,"N-methyl-2-(5-methyl-2-phenyl-1,3-oxazol-4-yl)acetamide",,,
bmse012489,/Users/alfred/Documents/GitHub/DDLS_project/code/get_bmrb_data/bmrb_nmrstar/bmse012489/bmse012489.str,no_1H_data_found,0,,,"4-acetyl-3-ethyl-N,5-dimethyl-1H-pyrrole-2-carboxamide",,,
bmse012490,/Users/alfred/Documents/GitHub/DDLS_project/code/get_bmrb_data/bmrb_nmrstar/bmse012490/bmse012490.str,no_1H_data_found,0,,,"(3R)-N-(2,5-dimethylphenyl)-1,1-dioxothiolane-3-carboxamide",,,
bmse012491,/Users/alfred/Documents/GitHub/DDLS_project/code/get_bmrb_data/bmrb_nmrstar/bmse012491/bmse012491.str,no_1H_data_found,0,,,2-[(3-fluorophenyl)sulfonyl-methylamino]acetamide,,,
bmse012492,/Users/alfred/Documents/GitHub/DDLS_project/code/get_bmrb_data/bmrb_nmrstar/bmse012492/bmse012492.str,no_1H_data_found,0,,,"[3-methyl-5-(methylamino)-1,2-thiazol-4-yl]-piperidin-1-ylmethanone",,,
bmse012493,/Users/alfred/Documents/GitHub/DDLS_project/code/get_bmrb_data/bmrb_nmrstar/bmse012493/bmse012493.str,no_1H_data_found,0,,,3-(3-chlorophenyl)-1-(2-hydroxy-2-methylpropyl)-1-methylurea,,,
bmse012494,/Users/alfred/Documents/GitHub/DDLS_project/code/get_bmrb_data/bmrb_nmrstar/bmse012494/bmse012494.str,no_1H_data_found,0,,,"3-(3-cyanophenyl)-1,1-dimethylurea",,,
bmse012495,/Users/alfred/Documents/GitHub/DDLS_project/code/get_bmrb_data/bmrb_nmrstar/bmse012495/bmse012495.str,no_1H_data_found,0,,,N-(1H-benzimidazol-2-yl)-3-methylbutanamide,,,
bmse012496,/Users/alfred/Documents/GitHub/DDLS_project/code/get_bmrb_data/bmrb_nmrstar/bmse012496/bmse012496.str,no_1H_data_found,0,,,4-(1-tert-butyl-5-methylpyrazole-3-carbonyl)piperazin-2-one,,,
bmse012497,/Users/alfred/Documents/GitHub/DDLS_project/code/get_bmrb_data/bmrb_nmrstar/bmse012497/bmse012497.str,no_1H_data_found,0,,,N-(5-chloro-2-methoxyphenyl)pyridine-3-carboxamide,,,
bmse012498,/Users/alfred/Documents/GitHub/DDLS_project/code/get_bmrb_data/bmrb_nmrstar/bmse012498/bmse012498.str,no_1H_data_found,0,,,N-methyl-4-(propanoylamino)benzamide,,,
bmse012499,/Users/alfred/Documents/GitHub/DDLS_project/code/get_bmrb_data/bmrb_nmrstar/bmse012499/bmse012499.str,no_1H_data_found,0,,,N-(4-methylphenyl)-6-oxo-1H-pyridazine-3-carboxamide,,,
bmse012500,/Users/alfred/Documents/GitHub/DDLS_project/code/get_bmrb_data/bmrb_nmrstar/bmse012500/bmse012500.str,no_1H_data_found,0,,,"2-[(2R)-6-chloro-3-oxo-4H-1,4-benzothiazin-2-yl]-N,N-dimethylacetamide",,,
bmse012501,/Users/alfred/Documents/GitHub/DDLS_project/code/get_bmrb_data/bmrb_nmrstar/bmse012501/bmse012501.str,no_1H_data_found,0,,,2-methyl-N-[(3S)-2-oxoazepan-3-yl]benzamide,,,
bmse012502,/Users/alfred/Documents/GitHub/DDLS_project/code/get_bmrb_data/bmrb_nmrstar/bmse012502/bmse012502.str,no_1H_data_found,0,,,[(3R)-3-hydroxy-3-(trifluoromethyl)pyrrolidin-1-yl]-(5-methylfuran-2-yl)methanone,,,
bmse012503,/Users/alfred/Documents/GitHub/DDLS_project/code/get_bmrb_data/bmrb_nmrstar/bmse012503/bmse012503.str,no_1H_data_found,0,,,3-methyl-N-propylthiophene-2-carboxamide,,,
bmse012504,/Users/alfred/Documents/GitHub/DDLS_project/code/get_bmrb_data/bmrb_nmrstar/bmse012504/bmse012504.str,no_1H_data_found,0,,,naphthalen-2-ylmethanamine,,,
bmse012505,/Users/alfred/Documents/GitHub/DDLS_project/code/get_bmrb_data/bmrb_nmrstar/bmse012505/bmse012505.str,no_1H_data_found,0,,,"1-oxa-3,8-diazaspiro[4.5]decan-2-one",,,
bmse012506,/Users/alfred/Documents/GitHub/DDLS_project/code/get_bmrb_data/bmrb_nmrstar/bmse012506/bmse012506.str,no_1H_data_found,0,,,"(2S,6S)-2,6-dimethyl-1,4-thiazinane 1,1-dioxide",,,
bmse012507,/Users/alfred/Documents/GitHub/DDLS_project/code/get_bmrb_data/bmrb_nmrstar/bmse012507/bmse012507.str,no_1H_data_found,0,,,"(2S)-spiro[3,4-dihydrochromene-2,3'-pyrrolidine]",,,
bmse012508,/Users/alfred/Documents/GitHub/DDLS_project/code/get_bmrb_data/bmrb_nmrstar/bmse012508/bmse012508.str,no_1H_data_found,0,,,1-[(4-methoxyphenyl)methyl]pyrazol-3-amine,,,
bmse012509,/Users/alfred/Documents/GitHub/DDLS_project/code/get_bmrb_data/bmrb_nmrstar/bmse012509/bmse012509.str,no_1H_data_found,0,,,"(3S,5S)-5-[2-(trifluoromethyl)phenyl]pyrrolidin-3-ol",,,
bmse012510,/Users/alfred/Documents/GitHub/DDLS_project/code/get_bmrb_data/bmrb_nmrstar/bmse012510/bmse012510.str,no_1H_data_found,0,,,(3R)-3-amino-N-phenylbutanamide,,,
bmse012511,/Users/alfred/Documents/GitHub/DDLS_project/code/get_bmrb_data/bmrb_nmrstar/bmse012511/bmse012511.str,no_1H_data_found,0,,,"(1R,2S)-2-methyl-1,4-thiazinane 1-oxide",,,
bmse012512,/Users/alfred/Documents/GitHub/DDLS_project/code/get_bmrb_data/bmrb_nmrstar/bmse012512/bmse012512.str,no_1H_data_found,0,,,N-methyl-5-(methylaminomethyl)furan-2-carboxamide,,,
bmse012513,/Users/alfred/Documents/GitHub/DDLS_project/code/get_bmrb_data/bmrb_nmrstar/bmse012513/bmse012513.str,no_1H_data_found,0,,,(2S)-3-amino-2-methyl-N-(1H-pyrazol-4-yl)propanamide,,,
bmse012514,/Users/alfred/Documents/GitHub/DDLS_project/code/get_bmrb_data/bmrb_nmrstar/bmse012514/bmse012514.str,no_1H_data_found,0,,,"(3R,4R)-4-phenoxypyrrolidin-3-ol",,,
bmse012515,/Users/alfred/Documents/GitHub/DDLS_project/code/get_bmrb_data/bmrb_nmrstar/bmse012515/bmse012515.str,no_1H_data_found,0,,,3-bromo-5-fluoropyridine,,,
bmse012516,/Users/alfred/Documents/GitHub/DDLS_project/code/get_bmrb_data/bmrb_nmrstar/bmse012516/bmse012516.str,no_1H_data_found,0,,,4-(dimethylamino)phenol,,,
bmse012517,/Users/alfred/Documents/GitHub/DDLS_project/code/get_bmrb_data/bmrb_nmrstar/bmse012517/bmse012517.str,no_1H_data_found,0,,,2-hydroxy-1-phenylethanone,,,
bmse012518,/Users/alfred/Documents/GitHub/DDLS_project/code/get_bmrb_data/bmrb_nmrstar/bmse012518/bmse012518.str,no_1H_data_found,0,,,"2-methyl-1H-imidazo[4,5-b]pyridine",,,
bmse012519,/Users/alfred/Documents/GitHub/DDLS_project/code/get_bmrb_data/bmrb_nmrstar/bmse012519/bmse012519.str,no_1H_data_found,0,,,"(5R)-N-ethyl-2,3,4,5-tetrahydro-1-benzoxepin-5-amine",,,
bmse012520,/Users/alfred/Documents/GitHub/DDLS_project/code/get_bmrb_data/bmrb_nmrstar/bmse012520/bmse012520.str,no_1H_data_found,0,,,EU-OPENSCREEN Compound 103298,,,
bmse012521,/Users/alfred/Documents/GitHub/DDLS_project/code/get_bmrb_data/bmrb_nmrstar/bmse012521/bmse012521.str,no_1H_data_found,0,,,"(2R)-N-(4,5-dimethyl-1,3-thiazol-2-yl)oxolane-2-carboxamide",,,
bmse012522,/Users/alfred/Documents/GitHub/DDLS_project/code/get_bmrb_data/bmrb_nmrstar/bmse012522/bmse012522.str,no_1H_data_found,0,,,EU-OPENSCREEN Compound 103300,,,
bmse012523,/Users/alfred/Documents/GitHub/DDLS_project/code/get_bmrb_data/bmrb_nmrstar/bmse012523/bmse012523.str,no_1H_data_found,0,,,EU-OPENSCREEN Compound 103301,,,
bmse012524,/Users/alfred/Documents/GitHub/DDLS_project/code/get_bmrb_data/bmrb_nmrstar/bmse012524/bmse012524.str,no_1H_data_found,0,,,EU-OPENSCREEN Compound 103302,,,
bmse012525,/Users/alfred/Documents/GitHub/DDLS_project/code/get_bmrb_data/bmrb_nmrstar/bmse012525/bmse012525.str,no_1H_data_found,0,,,ethyl N-benzylcarbamate,,,
bmse012526,/Users/alfred/Documents/GitHub/DDLS_project/code/get_bmrb_data/bmrb_nmrstar/bmse012526/bmse012526.str,no_1H_data_found,0,,,(3S)-1-(azetidin-3-yl)-3-fluoropyrrolidine,,,
bmse012527,/Users/alfred/Documents/GitHub/DDLS_project/code/get_bmrb_data/bmrb_nmrstar/bmse012527/bmse012527.str,no_1H_data_found,0,,,(3R)-3-(dimethylamino)pyrrolidin-2-one,,,
bmse012528,/Users/alfred/Documents/GitHub/DDLS_project/code/get_bmrb_data/bmrb_nmrstar/bmse012528/bmse012528.str,no_1H_data_found,0,,,"3-methyl-5-(trifluoromethyl)-1,2-oxazole",,,
bmse012529,/Users/alfred/Documents/GitHub/DDLS_project/code/get_bmrb_data/bmrb_nmrstar/bmse012529/bmse012529.str,no_1H_data_found,0,,,"(2S,6S)-2,6-diethylmorpholine",,,
bmse012530,/Users/alfred/Documents/GitHub/DDLS_project/code/get_bmrb_data/bmrb_nmrstar/bmse012530/bmse012530.str,no_1H_data_found,0,,,"(3S,4R)-3-methoxy-N-methyloxan-4-amine",,,
bmse012531,/Users/alfred/Documents/GitHub/DDLS_project/code/get_bmrb_data/bmrb_nmrstar/bmse012531/bmse012531.str,no_1H_data_found,0,,,"(3R)-2,3-dihydro-1-benzothiophen-3-amine",,,
bmse012532,/Users/alfred/Documents/GitHub/DDLS_project/code/get_bmrb_data/bmrb_nmrstar/bmse012532/bmse012532.str,no_1H_data_found,0,,,"N-methyl-1-(1,3-thiazol-2-yl)methanamine",,,
bmse012533,/Users/alfred/Documents/GitHub/DDLS_project/code/get_bmrb_data/bmrb_nmrstar/bmse012533/bmse012533.str,no_1H_data_found,0,,,3-(ethoxymethyl)aniline,,,
bmse012534,/Users/alfred/Documents/GitHub/DDLS_project/code/get_bmrb_data/bmrb_nmrstar/bmse012534/bmse012534.str,no_1H_data_found,0,,,"1-(2,2,2-trifluoroethyl)imidazole",,,
bmse012535,/Users/alfred/Documents/GitHub/DDLS_project/code/get_bmrb_data/bmrb_nmrstar/bmse012535/bmse012535.str,no_1H_data_found,0,,,"(4-methyl-1,3-thiazol-2-yl)methanol",,,
bmse012536,/Users/alfred/Documents/GitHub/DDLS_project/code/get_bmrb_data/bmrb_nmrstar/bmse012536/bmse012536.str,no_1H_data_found,0,,,(2S)-4-phenylbutan-2-amine,,,
bmse012537,/Users/alfred/Documents/GitHub/DDLS_project/code/get_bmrb_data/bmrb_nmrstar/bmse012537/bmse012537.str,no_1H_data_found,0,,,1-(2-hydroxyethyl)-1-methyl-3-phenylurea,,,
bmse012538,/Users/alfred/Documents/GitHub/DDLS_project/code/get_bmrb_data/bmrb_nmrstar/bmse012538/bmse012538.str,no_1H_data_found,0,,,3-fluoro-5-methylbenzonitrile,,,
bmse012539,/Users/alfred/Documents/GitHub/DDLS_project/code/get_bmrb_data/bmrb_nmrstar/bmse012539/bmse012539.str,no_1H_data_found,0,,,5-bromo-1H-pyridin-2-one,,,
bmse012540,/Users/alfred/Documents/GitHub/DDLS_project/code/get_bmrb_data/bmrb_nmrstar/bmse012540/bmse012540.str,no_1H_data_found,0,,,"5-(4-fluorophenyl)-3H-1,3,4-oxadiazol-2-one",,,
bmse012541,/Users/alfred/Documents/GitHub/DDLS_project/code/get_bmrb_data/bmrb_nmrstar/bmse012541/bmse012541.str,no_1H_data_found,0,,,6-bromo-8-chloro-1H-quinolin-4-one,,,
bmse012542,/Users/alfred/Documents/GitHub/DDLS_project/code/get_bmrb_data/bmrb_nmrstar/bmse012542/bmse012542.str,no_1H_data_found,0,,,N-(furan-2-ylmethyl)-6-methyl-2-oxo-1H-pyridine-3-carboxamide,,,
bmse012543,/Users/alfred/Documents/GitHub/DDLS_project/code/get_bmrb_data/bmrb_nmrstar/bmse012543/bmse012543.str,no_1H_data_found,0,,,N-[(2S)-butan-2-yl]-1-oxo-2H-isoquinoline-3-carboxamide,,,
bmse012544,/Users/alfred/Documents/GitHub/DDLS_project/code/get_bmrb_data/bmrb_nmrstar/bmse012544/bmse012544.str,no_1H_data_found,0,,,N-cyclohexyl-2-hydroxybenzamide,,,
bmse012545,/Users/alfred/Documents/GitHub/DDLS_project/code/get_bmrb_data/bmrb_nmrstar/bmse012545/bmse012545.str,no_1H_data_found,0,,,2-(trifluoromethyl)pyridine,,,
bmse012546,/Users/alfred/Documents/GitHub/DDLS_project/code/get_bmrb_data/bmrb_nmrstar/bmse012546/bmse012546.str,no_1H_data_found,0,,,N-cyclobutylaniline,,,
bmse012547,/Users/alfred/Documents/GitHub/DDLS_project/code/get_bmrb_data/bmrb_nmrstar/bmse012547/bmse012547.str,no_1H_data_found,0,,,2-(cyclohexen-1-yl)ethanamine,,,
bmse012548,/Users/alfred/Documents/GitHub/DDLS_project/code/get_bmrb_data/bmrb_nmrstar/bmse012548/bmse012548.str,no_1H_data_found,0,,,"4-[(2S)-3,3-dimethylazetidin-2-yl]pyridine",,,
bmse012549,/Users/alfred/Documents/GitHub/DDLS_project/code/get_bmrb_data/bmrb_nmrstar/bmse012549/bmse012549.str,no_1H_data_found,0,,,N-(pyridin-3-ylmethyl)ethanamine,,,
bmse012550,/Users/alfred/Documents/GitHub/DDLS_project/code/get_bmrb_data/bmrb_nmrstar/bmse012550/bmse012550.str,no_1H_data_found,0,,,(1R)-2-methyl-1-(3-methylpyridin-2-yl)propan-1-amine,,,
bmse012551,/Users/alfred/Documents/GitHub/DDLS_project/code/get_bmrb_data/bmrb_nmrstar/bmse012551/bmse012551.str,no_1H_data_found,0,,,(R)-(4-fluorophenyl)-[(2R)-oxolan-2-yl]methanamine,,,
bmse012552,/Users/alfred/Documents/GitHub/DDLS_project/code/get_bmrb_data/bmrb_nmrstar/bmse012552/bmse012552.str,no_1H_data_found,0,,,[1-(methoxymethyl)cyclobutyl]methanamine,,,
bmse012553,/Users/alfred/Documents/GitHub/DDLS_project/code/get_bmrb_data/bmrb_nmrstar/bmse012553/bmse012553.str,no_1H_data_found,0,,,2-(methoxymethyl)aniline,,,
bmse012554,/Users/alfred/Documents/GitHub/DDLS_project/code/get_bmrb_data/bmrb_nmrstar/bmse012554/bmse012554.str,no_1H_data_found,0,,,"(1S)-N,N-dimethyl-1-(4-methylphenyl)ethane-1,2-diamine",,,
bmse012555,/Users/alfred/Documents/GitHub/DDLS_project/code/get_bmrb_data/bmrb_nmrstar/bmse012555/bmse012555.str,no_1H_data_found,0,,,"(1R)-1-(4,4-difluorocyclohexyl)ethanamine",,,
bmse012556,/Users/alfred/Documents/GitHub/DDLS_project/code/get_bmrb_data/bmrb_nmrstar/bmse012556/bmse012556.str,no_1H_data_found,0,,,"(2S)-2-phenylpropane-1,2-diamine",,,
bmse012557,/Users/alfred/Documents/GitHub/DDLS_project/code/get_bmrb_data/bmrb_nmrstar/bmse012557/bmse012557.str,no_1H_data_found,0,,,(2R)-1-(4-methylphenyl)sulfanylpropan-2-amine,,,
bmse012558,/Users/alfred/Documents/GitHub/DDLS_project/code/get_bmrb_data/bmrb_nmrstar/bmse012558/bmse012558.str,no_1H_data_found,0,,,"(3S)-3-methyl-2,3,4,5-tetrahydro-1,4-benzoxazepine",,,
bmse012559,/Users/alfred/Documents/GitHub/DDLS_project/code/get_bmrb_data/bmrb_nmrstar/bmse012559/bmse012559.str,no_1H_data_found,0,,,(3S)-3-(aminomethyl)-1-benzylpyrrolidin-3-ol,,,
bmse012560,/Users/alfred/Documents/GitHub/DDLS_project/code/get_bmrb_data/bmrb_nmrstar/bmse012560/bmse012560.str,no_1H_data_found,0,,,"2-(1,3-benzodioxol-5-yl)-N-methylpropan-2-amine",,,
bmse012561,/Users/alfred/Documents/GitHub/DDLS_project/code/get_bmrb_data/bmrb_nmrstar/bmse012561/bmse012561.str,no_1H_data_found,0,,,"(2R)-1-(3,5-dimethyl-1H-pyrazol-4-yl)propan-2-amine",,,
bmse012562,/Users/alfred/Documents/GitHub/DDLS_project/code/get_bmrb_data/bmrb_nmrstar/bmse012562/bmse012562.str,no_1H_data_found,0,,,"5-propan-2-yl-3-[(2R)-pyrrolidin-2-yl]-1,2-oxazole",,,
bmse012563,/Users/alfred/Documents/GitHub/DDLS_project/code/get_bmrb_data/bmrb_nmrstar/bmse012563/bmse012563.str,no_1H_data_found,0,,,2-chlorophenol,,,
bmse012564,/Users/alfred/Documents/GitHub/DDLS_project/code/get_bmrb_data/bmrb_nmrstar/bmse012564/bmse012564.str,no_1H_data_found,0,,,"(2R)-2-(4-methyl-1,3-thiazol-2-yl)morpholine",,,
bmse012565,/Users/alfred/Documents/GitHub/DDLS_project/code/get_bmrb_data/bmrb_nmrstar/bmse012565/bmse012565.str,no_1H_data_found,0,,,(1S)-1-(5-fluoropyridin-3-yl)ethanamine,,,
bmse012566,/Users/alfred/Documents/GitHub/DDLS_project/code/get_bmrb_data/bmrb_nmrstar/bmse012566/bmse012566.str,no_1H_data_found,0,,,"5-ethyl-1,2,3,4-tetrahydroisoquinoline",,,
bmse012567,/Users/alfred/Documents/GitHub/DDLS_project/code/get_bmrb_data/bmrb_nmrstar/bmse012567/bmse012567.str,no_1H_data_found,0,,,EU-OPENSCREEN Compound 103362,,,
bmse012568,/Users/alfred/Documents/GitHub/DDLS_project/code/get_bmrb_data/bmrb_nmrstar/bmse012568/bmse012568.str,no_1H_data_found,0,,,(3-chlorothiophen-2-yl)methanol,,,
bmse012569,/Users/alfred/Documents/GitHub/DDLS_project/code/get_bmrb_data/bmrb_nmrstar/bmse012569/bmse012569.str,no_1H_data_found,0,,,3-(2-aminopropan-2-yl)aniline,,,
bmse012570,/Users/alfred/Documents/GitHub/DDLS_project/code/get_bmrb_data/bmrb_nmrstar/bmse012570/bmse012570.str,no_1H_data_found,0,,,1-(2-fluorophenyl)-2-methylpropan-2-ol,,,
bmse012571,/Users/alfred/Documents/GitHub/DDLS_project/code/get_bmrb_data/bmrb_nmrstar/bmse012571/bmse012571.str,no_1H_data_found,0,,,2-(5-methylfuran-2-yl)ethanol,,,
bmse012572,/Users/alfred/Documents/GitHub/DDLS_project/code/get_bmrb_data/bmrb_nmrstar/bmse012572/bmse012572.str,no_1H_data_found,0,,,(S)-(1-ethylimidazol-2-yl)-(oxan-4-yl)methanamine,,,
bmse012573,/Users/alfred/Documents/GitHub/DDLS_project/code/get_bmrb_data/bmrb_nmrstar/bmse012573/bmse012573.str,no_1H_data_found,0,,,N-cyclopropyl-2-(methylamino)acetamide,,,
bmse012574,/Users/alfred/Documents/GitHub/DDLS_project/code/get_bmrb_data/bmrb_nmrstar/bmse012574/bmse012574.str,no_1H_data_found,0,,,(2-cyclohexyloxypyridin-4-yl)methanamine,,,
bmse012575,/Users/alfred/Documents/GitHub/DDLS_project/code/get_bmrb_data/bmrb_nmrstar/bmse012575/bmse012575.str,no_1H_data_found,0,,,2-[2-(trifluoromethyl)phenyl]ethanol,,,
bmse012576,/Users/alfred/Documents/GitHub/DDLS_project/code/get_bmrb_data/bmrb_nmrstar/bmse012576/bmse012576.str,no_1H_data_found,0,,,(2R)-3-amino-2-cyclobutylpropan-1-ol,,,
bmse012577,/Users/alfred/Documents/GitHub/DDLS_project/code/get_bmrb_data/bmrb_nmrstar/bmse012577/bmse012577.str,no_1H_data_found,0,,,[1-[(1R)-1-amino-2-methylpropyl]cyclopentyl]methanol,,,
bmse012578,/Users/alfred/Documents/GitHub/DDLS_project/code/get_bmrb_data/bmrb_nmrstar/bmse012578/bmse012578.str,no_1H_data_found,0,,,[2-(3-fluorophenoxy)pyridin-3-yl]methanamine,,,
bmse012579,/Users/alfred/Documents/GitHub/DDLS_project/code/get_bmrb_data/bmrb_nmrstar/bmse012579/bmse012579.str,no_1H_data_found,0,,,"1,5-dimethyl-N-propylpyrazole-4-carboxamide",,,
bmse012580,/Users/alfred/Documents/GitHub/DDLS_project/code/get_bmrb_data/bmrb_nmrstar/bmse012580/bmse012580.str,no_1H_data_found,0,,,"8-methoxy-2,2-dimethyl-4,5-dihydro-3H-1,4-benzoxazepine",,,
bmse012581,/Users/alfred/Documents/GitHub/DDLS_project/code/get_bmrb_data/bmrb_nmrstar/bmse012581/bmse012581.str,no_1H_data_found,0,,,2-cyclopentylsulfanyl-N-methylacetamide,,,
bmse012582,/Users/alfred/Documents/GitHub/DDLS_project/code/get_bmrb_data/bmrb_nmrstar/bmse012582/bmse012582.str,no_1H_data_found,0,,,N-[[(2R)-oxolan-2-yl]methyl]methanesulfonamide,,,
bmse012583,/Users/alfred/Documents/GitHub/DDLS_project/code/get_bmrb_data/bmrb_nmrstar/bmse012583/bmse012583.str,no_1H_data_found,0,,,"5-(aminomethyl)-N,N-dimethylpyridin-2-amine",,,
bmse012584,/Users/alfred/Documents/GitHub/DDLS_project/code/get_bmrb_data/bmrb_nmrstar/bmse012584/bmse012584.str,no_1H_data_found,0,,,(2R)-2-[5-(methoxymethyl)furan-2-yl]pyrrolidine,,,
bmse012585,/Users/alfred/Documents/GitHub/DDLS_project/code/get_bmrb_data/bmrb_nmrstar/bmse012585/bmse012585.str,no_1H_data_found,0,,,"(2,4-dimethyl-1,3-thiazol-5-yl)methanamine",,,
bmse012586,/Users/alfred/Documents/GitHub/DDLS_project/code/get_bmrb_data/bmrb_nmrstar/bmse012586/bmse012586.str,no_1H_data_found,0,,,N-methyl-1-(2-methylsulfanylphenyl)methanamine,,,
bmse012587,/Users/alfred/Documents/GitHub/DDLS_project/code/get_bmrb_data/bmrb_nmrstar/bmse012587/bmse012587.str,no_1H_data_found,0,,,2-methoxy-N-propan-2-ylpyridine-3-carboxamide,,,
bmse012588,/Users/alfred/Documents/GitHub/DDLS_project/code/get_bmrb_data/bmrb_nmrstar/bmse012588/bmse012588.str,no_1H_data_found,0,,,"[(1S)-1,2,3,4-tetrahydroisoquinolin-1-yl]methanol",,,
bmse012589,/Users/alfred/Documents/GitHub/DDLS_project/code/get_bmrb_data/bmrb_nmrstar/bmse012589/bmse012589.str,no_1H_data_found,0,,,2-(3-fluorophenyl)pyrazol-3-amine,,,
bmse012590,/Users/alfred/Documents/GitHub/DDLS_project/code/get_bmrb_data/bmrb_nmrstar/bmse012590/bmse012590.str,no_1H_data_found,0,,,N-(2-methylbutan-2-yl)pyridine-2-carboxamide,,,
bmse012591,/Users/alfred/Documents/GitHub/DDLS_project/code/get_bmrb_data/bmrb_nmrstar/bmse012591/bmse012591.str,no_1H_data_found,0,,,[1-[(4-fluorophenyl)methyl]piperidin-4-yl]methanol,,,
bmse012592,/Users/alfred/Documents/GitHub/DDLS_project/code/get_bmrb_data/bmrb_nmrstar/bmse012592/bmse012592.str,no_1H_data_found,0,,,3-(methylsulfanylmethyl)aniline,,,
bmse012593,/Users/alfred/Documents/GitHub/DDLS_project/code/get_bmrb_data/bmrb_nmrstar/bmse012593/bmse012593.str,no_1H_data_found,0,,,"1,1-diphenylethanamine",,,
bmse012594,/Users/alfred/Documents/GitHub/DDLS_project/code/get_bmrb_data/bmrb_nmrstar/bmse012594/bmse012594.str,no_1H_data_found,0,,,"N-(1,2-oxazol-3-ylmethyl)acetamide",,,
bmse012595,/Users/alfred/Documents/GitHub/DDLS_project/code/get_bmrb_data/bmrb_nmrstar/bmse012595/bmse012595.str,no_1H_data_found,0,,,(1S)-N-methyl-1-phenyl-1-pyridin-2-ylmethanamine,,,
bmse012596,/Users/alfred/Documents/GitHub/DDLS_project/code/get_bmrb_data/bmrb_nmrstar/bmse012596/bmse012596.str,no_1H_data_found,0,,,"2-(1,3-thiazol-2-yl)ethanamine",,,
bmse012597,/Users/alfred/Documents/GitHub/DDLS_project/code/get_bmrb_data/bmrb_nmrstar/bmse012597/bmse012597.str,no_1H_data_found,0,,,"1-[(4S)-6,7-dihydro-4H-thieno[3,2-c]pyran-4-yl]-N-methylmethanamine",,,
bmse012598,/Users/alfred/Documents/GitHub/DDLS_project/code/get_bmrb_data/bmrb_nmrstar/bmse012598/bmse012598.str,no_1H_data_found,0,,,"[(2S,4S)-4-fluoro-1-(thiophen-2-ylmethyl)pyrrolidin-2-yl]methanamine",,,
bmse012599,/Users/alfred/Documents/GitHub/DDLS_project/code/get_bmrb_data/bmrb_nmrstar/bmse012599/bmse012599.str,no_1H_data_found,0,,,"1,3-benzodioxol-4-ylmethanamine",,,
bmse012600,/Users/alfred/Documents/GitHub/DDLS_project/code/get_bmrb_data/bmrb_nmrstar/bmse012600/bmse012600.str,no_1H_data_found,0,,,"6-(2,2-difluoroethoxy)pyridin-2-amine",,,
bmse012601,/Users/alfred/Documents/GitHub/DDLS_project/code/get_bmrb_data/bmrb_nmrstar/bmse012601/bmse012601.str,no_1H_data_found,0,,,"(1R)-1-(furan-2-yl)-N,N-dimethylethane-1,2-diamine",,,
bmse012602,/Users/alfred/Documents/GitHub/DDLS_project/code/get_bmrb_data/bmrb_nmrstar/bmse012602/bmse012602.str,no_1H_data_found,0,,,3-(propan-2-ylsulfanylmethyl)aniline,,,
bmse012603,/Users/alfred/Documents/GitHub/DDLS_project/code/get_bmrb_data/bmrb_nmrstar/bmse012603/bmse012603.str,no_1H_data_found,0,,,(2S)-N-methyloxolane-2-carboxamide,,,
bmse012604,/Users/alfred/Documents/GitHub/DDLS_project/code/get_bmrb_data/bmrb_nmrstar/bmse012604/bmse012604.str,no_1H_data_found,0,,,[3-(methoxymethyl)phenyl]methanamine,,,
bmse012605,/Users/alfred/Documents/GitHub/DDLS_project/code/get_bmrb_data/bmrb_nmrstar/bmse012605/bmse012605.str,no_1H_data_found,0,,,"(2S)-1-imidazol-1-yl-3,3-dimethylbutan-2-amine",,,
bmse012606,/Users/alfred/Documents/GitHub/DDLS_project/code/get_bmrb_data/bmrb_nmrstar/bmse012606/bmse012606.str,no_1H_data_found,0,,,"(2S,6S)-2,6-dimethylpiperidin-4-amine",,,
bmse012607,/Users/alfred/Documents/GitHub/DDLS_project/code/get_bmrb_data/bmrb_nmrstar/bmse012607/bmse012607.str,no_1H_data_found,0,,,"1-[(2S)-4-ethyl-2,3-dihydro-1,4-benzoxazin-2-yl]-N-methylmethanamine",,,
bmse012608,/Users/alfred/Documents/GitHub/DDLS_project/code/get_bmrb_data/bmrb_nmrstar/bmse012608/bmse012608.str,no_1H_data_found,0,,,"N-methyl-1-(1,2-thiazol-5-yl)methanamine",,,
bmse012609,/Users/alfred/Documents/GitHub/DDLS_project/code/get_bmrb_data/bmrb_nmrstar/bmse012609/bmse012609.str,no_1H_data_found,0,,,piperidin-4-ol,,,
bmse012610,/Users/alfred/Documents/GitHub/DDLS_project/code/get_bmrb_data/bmrb_nmrstar/bmse012610/bmse012610.str,no_1H_data_found,0,,,3-ethoxyazetidine,,,
bmse012611,/Users/alfred/Documents/GitHub/DDLS_project/code/get_bmrb_data/bmrb_nmrstar/bmse012611/bmse012611.str,no_1H_data_found,0,,,6-methylpyridin-2-amine,,,
bmse012612,/Users/alfred/Documents/GitHub/DDLS_project/code/get_bmrb_data/bmrb_nmrstar/bmse012612/bmse012612.str,no_1H_data_found,0,,,"imidazolidine-2,4-dione",,,
bmse012613,/Users/alfred/Documents/GitHub/DDLS_project/code/get_bmrb_data/bmrb_nmrstar/bmse012613/bmse012613.str,no_1H_data_found,0,,,(5-methyl-1H-imidazol-2-yl)methanol,,,
bmse012614,/Users/alfred/Documents/GitHub/DDLS_project/code/get_bmrb_data/bmrb_nmrstar/bmse012614/bmse012614.str,no_1H_data_found,0,,,"benzene-1,2-diol",,,
bmse012615,/Users/alfred/Documents/GitHub/DDLS_project/code/get_bmrb_data/bmrb_nmrstar/bmse012615/bmse012615.str,no_1H_data_found,0,,,2H-triazol-4-ylmethanol,,,
bmse012616,/Users/alfred/Documents/GitHub/DDLS_project/code/get_bmrb_data/bmrb_nmrstar/bmse012616/bmse012616.str,no_1H_data_found,0,,,"2-(1,2,4-triazol-1-yl)ethanamine",,,
bmse012617,/Users/alfred/Documents/GitHub/DDLS_project/code/get_bmrb_data/bmrb_nmrstar/bmse012617/bmse012617.str,no_1H_data_found,0,,,3-methylphenol,,,
bmse012618,/Users/alfred/Documents/GitHub/DDLS_project/code/get_bmrb_data/bmrb_nmrstar/bmse012618/bmse012618.str,no_1H_data_found,0,,,1-aminocyclopropane-1-carboxamide,,,
bmse012619,/Users/alfred/Documents/GitHub/DDLS_project/code/get_bmrb_data/bmrb_nmrstar/bmse012619/bmse012619.str,no_1H_data_found,0,,,(3S)-3-aminopyrrolidin-2-one,,,
bmse012620,/Users/alfred/Documents/GitHub/DDLS_project/code/get_bmrb_data/bmrb_nmrstar/bmse012620/bmse012620.str,no_1H_data_found,0,,,2-(furan-2-yl)ethanamine,,,
bmse012621,/Users/alfred/Documents/GitHub/DDLS_project/code/get_bmrb_data/bmrb_nmrstar/bmse012621/bmse012621.str,no_1H_data_found,0,,,"(5S)-5-methyl-1,3-oxazolidin-2-one",,,
bmse012622,/Users/alfred/Documents/GitHub/DDLS_project/code/get_bmrb_data/bmrb_nmrstar/bmse012622/bmse012622.str,no_1H_data_found,0,,,(1-methylimidazol-2-yl)methanol,,,
bmse012623,/Users/alfred/Documents/GitHub/DDLS_project/code/get_bmrb_data/bmrb_nmrstar/bmse012623/bmse012623.str,no_1H_data_found,0,,,(3S)-1-methylpyrrolidin-3-amine,,,
bmse012624,/Users/alfred/Documents/GitHub/DDLS_project/code/get_bmrb_data/bmrb_nmrstar/bmse012624/bmse012624.str,no_1H_data_found,0,,,thiophen-3-ylmethanamine,,,
bmse012625,/Users/alfred/Documents/GitHub/DDLS_project/code/get_bmrb_data/bmrb_nmrstar/bmse012625/bmse012625.str,no_1H_data_found,0,,,1-cyclobutyl-N-methylmethanamine,,,
bmse012626,/Users/alfred/Documents/GitHub/DDLS_project/code/get_bmrb_data/bmrb_nmrstar/bmse012626/bmse012626.str,no_1H_data_found,0,,,3-amino-1H-pyridin-4-one,,,
bmse012627,/Users/alfred/Documents/GitHub/DDLS_project/code/get_bmrb_data/bmrb_nmrstar/bmse012627/bmse012627.str,no_1H_data_found,0,,,2-methylaniline,,,
bmse012628,/Users/alfred/Documents/GitHub/DDLS_project/code/get_bmrb_data/bmrb_nmrstar/bmse012628/bmse012628.str,no_1H_data_found,0,,,4-propan-2-yl-1H-pyrazole,,,
bmse012629,/Users/alfred/Documents/GitHub/DDLS_project/code/get_bmrb_data/bmrb_nmrstar/bmse012629/bmse012629.str,no_1H_data_found,0,,,(1S)-1-(1H-imidazol-2-yl)ethanamine,,,
bmse012630,/Users/alfred/Documents/GitHub/DDLS_project/code/get_bmrb_data/bmrb_nmrstar/bmse012630/bmse012630.str,no_1H_data_found,0,,,"1,3-oxazol-4-ylmethanamine",,,
bmse012631,/Users/alfred/Documents/GitHub/DDLS_project/code/get_bmrb_data/bmrb_nmrstar/bmse012631/bmse012631.str,no_1H_data_found,0,,,"(3R,5R)-5-methylpiperidin-3-ol",,,
bmse012632,/Users/alfred/Documents/GitHub/DDLS_project/code/get_bmrb_data/bmrb_nmrstar/bmse012632/bmse012632.str,no_1H_data_found,0,,,(3S)-3-methoxypyrrolidine,,,
bmse012633,/Users/alfred/Documents/GitHub/DDLS_project/code/get_bmrb_data/bmrb_nmrstar/bmse012633/bmse012633.str,no_1H_data_found,0,,,"(3S,5R)-5-methylpyrrolidin-3-ol",,,
bmse012634,/Users/alfred/Documents/GitHub/DDLS_project/code/get_bmrb_data/bmrb_nmrstar/bmse012634/bmse012634.str,no_1H_data_found,0,,,4-fluoropiperidine,,,
bmse012635,/Users/alfred/Documents/GitHub/DDLS_project/code/get_bmrb_data/bmrb_nmrstar/bmse012635/bmse012635.str,no_1H_data_found,0,,,1H-pyrazol-4-ylmethanamine,,,
bmse012636,/Users/alfred/Documents/GitHub/DDLS_project/code/get_bmrb_data/bmrb_nmrstar/bmse012636/bmse012636.str,no_1H_data_found,0,,,[1-(aminomethyl)cyclopropyl]methanamine,,,
bmse012637,/Users/alfred/Documents/GitHub/DDLS_project/code/get_bmrb_data/bmrb_nmrstar/bmse012637/bmse012637.str,no_1H_data_found,0,,,1H-imidazole-5-carbonitrile,,,
bmse012638,/Users/alfred/Documents/GitHub/DDLS_project/code/get_bmrb_data/bmrb_nmrstar/bmse012638/bmse012638.str,no_1H_data_found,0,,,3-propan-2-ylazetidine,,,
bmse012639,/Users/alfred/Documents/GitHub/DDLS_project/code/get_bmrb_data/bmrb_nmrstar/bmse012639/bmse012639.str,no_1H_data_found,0,,,"3,3-dimethylmorpholine",,,
bmse012640,/Users/alfred/Documents/GitHub/DDLS_project/code/get_bmrb_data/bmrb_nmrstar/bmse012640/bmse012640.str,no_1H_data_found,0,,,(3S)-3-methylpiperidine,,,
bmse012641,/Users/alfred/Documents/GitHub/DDLS_project/code/get_bmrb_data/bmrb_nmrstar/bmse012641/bmse012641.str,no_1H_data_found,0,,,"(2S,3S)-2-methyloxolan-3-amine",,,
bmse012642,/Users/alfred/Documents/GitHub/DDLS_project/code/get_bmrb_data/bmrb_nmrstar/bmse012642/bmse012642.str,no_1H_data_found,0,,,"1,4-oxazepane",,,
bmse012643,/Users/alfred/Documents/GitHub/DDLS_project/code/get_bmrb_data/bmrb_nmrstar/bmse012643/bmse012643.str,no_1H_data_found,0,,,3-methylpyridazin-4-amine,,,
bmse012644,/Users/alfred/Documents/GitHub/DDLS_project/code/get_bmrb_data/bmrb_nmrstar/bmse012644/bmse012644.str,no_1H_data_found,0,,,"3,3-difluoro-N-methylcyclobutan-1-amine",,,
bmse012645,/Users/alfred/Documents/GitHub/DDLS_project/code/get_bmrb_data/bmrb_nmrstar/bmse012645/bmse012645.str,no_1H_data_found,0,,,2-(1H-pyrazol-4-yl)ethanol,,,
bmse012646,/Users/alfred/Documents/GitHub/DDLS_project/code/get_bmrb_data/bmrb_nmrstar/bmse012646/bmse012646.str,no_1H_data_found,0,,,"1,4,5,6-tetrahydropyrimidin-2-amine",,,
bmse012647,/Users/alfred/Documents/GitHub/DDLS_project/code/get_bmrb_data/bmrb_nmrstar/bmse012647/bmse012647.str,no_1H_data_found,0,,,"(1S)-1,2,2-trimethylcyclopropan-1-amine",,,
bmse012648,/Users/alfred/Documents/GitHub/DDLS_project/code/get_bmrb_data/bmrb_nmrstar/bmse012648/bmse012648.str,no_1H_data_found,0,,,"3,3-dimethylcyclobutan-1-amine",,,
bmse012649,/Users/alfred/Documents/GitHub/DDLS_project/code/get_bmrb_data/bmrb_nmrstar/bmse012649/bmse012649.str,no_1H_data_found,0,,,4-methoxy-1H-pyrazole,,,
bmse012650,/Users/alfred/Documents/GitHub/DDLS_project/code/get_bmrb_data/bmrb_nmrstar/bmse012650/bmse012650.str,no_1H_data_found,0,,,(3-methyloxetan-3-yl)methanamine,,,
bmse012651,/Users/alfred/Documents/GitHub/DDLS_project/code/get_bmrb_data/bmrb_nmrstar/bmse012651/bmse012651.str,no_1H_data_found,0,,,"(1S,2S,4R)-bicyclo[2.2.1]heptan-2-ol",,,
bmse012652,/Users/alfred/Documents/GitHub/DDLS_project/code/get_bmrb_data/bmrb_nmrstar/bmse012652/bmse012652.str,no_1H_data_found,0,,,"benzene-1,3-diol",,,
bmse012653,/Users/alfred/Documents/GitHub/DDLS_project/code/get_bmrb_data/bmrb_nmrstar/bmse012653/bmse012653.str,no_1H_data_found,0,,,"3,4,5,6-tetrahydro-2H-azepin-7-amine",,,
bmse012654,/Users/alfred/Documents/GitHub/DDLS_project/code/get_bmrb_data/bmrb_nmrstar/bmse012654/bmse012654.str,no_1H_data_found,0,,,N-(cyclopropylmethyl)propan-2-amine,,,
bmse012655,/Users/alfred/Documents/GitHub/DDLS_project/code/get_bmrb_data/bmrb_nmrstar/bmse012655/bmse012655.str,no_1H_data_found,0,,,(2-methylfuran-3-yl)methanamine,,,
bmse012656,/Users/alfred/Documents/GitHub/DDLS_project/code/get_bmrb_data/bmrb_nmrstar/bmse012656/bmse012656.str,no_1H_data_found,0,,,3-(methylamino)cyclobutan-1-ol,,,
bmse012657,/Users/alfred/Documents/GitHub/DDLS_project/code/get_bmrb_data/bmrb_nmrstar/bmse012657/bmse012657.str,no_1H_data_found,0,,,"[(1R,4S)-4-aminocyclopent-2-en-1-yl]methanol",,,
bmse012658,/Users/alfred/Documents/GitHub/DDLS_project/code/get_bmrb_data/bmrb_nmrstar/bmse012658/bmse012658.str,no_1H_data_found,0,,,N-(2-methylpropyl)cyclopropanamine,,,
bmse012659,/Users/alfred/Documents/GitHub/DDLS_project/code/get_bmrb_data/bmrb_nmrstar/bmse012659/bmse012659.str,no_1H_data_found,0,,,"(5-methyl-1H-1,2,4-triazol-3-yl)methanamine",,,
bmse012660,/Users/alfred/Documents/GitHub/DDLS_project/code/get_bmrb_data/bmrb_nmrstar/bmse012660/bmse012660.str,no_1H_data_found,0,,,2-cyclopropylpropan-2-amine,,,
bmse012661,/Users/alfred/Documents/GitHub/DDLS_project/code/get_bmrb_data/bmrb_nmrstar/bmse012661/bmse012661.str,no_1H_data_found,0,,,thiadiazol-4-ylmethanamine,,,
bmse012662,/Users/alfred/Documents/GitHub/DDLS_project/code/get_bmrb_data/bmrb_nmrstar/bmse012662/bmse012662.str,no_1H_data_found,0,,,"[(1S)-2,2-dimethylcyclopropyl]methanamine",,,
bmse012663,/Users/alfred/Documents/GitHub/DDLS_project/code/get_bmrb_data/bmrb_nmrstar/bmse012663/bmse012663.str,no_1H_data_found,0,,,"(1S,2S)-2-aminocyclopentan-1-ol",,,
bmse012664,/Users/alfred/Documents/GitHub/DDLS_project/code/get_bmrb_data/bmrb_nmrstar/bmse012664/bmse012664.str,no_1H_data_found,0,,,(1-methylazetidin-3-yl)methanamine,,,
bmse012665,/Users/alfred/Documents/GitHub/DDLS_project/code/get_bmrb_data/bmrb_nmrstar/bmse012665/bmse012665.str,no_1H_data_found,0,,,"N-methyl-1,2-oxazol-3-amine",,,
bmse012666,/Users/alfred/Documents/GitHub/DDLS_project/code/get_bmrb_data/bmrb_nmrstar/bmse012666/bmse012666.str,no_1H_data_found,0,,,N-ethylazetidin-3-amine,,,
bmse012667,/Users/alfred/Documents/GitHub/DDLS_project/code/get_bmrb_data/bmrb_nmrstar/bmse012667/bmse012667.str,no_1H_data_found,0,,,"1,2-oxazol-5-ylmethanamine",,,
bmse012668,/Users/alfred/Documents/GitHub/DDLS_project/code/get_bmrb_data/bmrb_nmrstar/bmse012668/bmse012668.str,no_1H_data_found,0,,,"(3S)-3-methylpyrrolidine-2,5-dione",,,
bmse012669,/Users/alfred/Documents/GitHub/DDLS_project/code/get_bmrb_data/bmrb_nmrstar/bmse012669/bmse012669.str,no_1H_data_found,0,,,N-ethylcyclopentanamine,,,
bmse012670,/Users/alfred/Documents/GitHub/DDLS_project/code/get_bmrb_data/bmrb_nmrstar/bmse012670/bmse012670.str,no_1H_data_found,0,,,(3R)-thian-3-amine,,,
bmse012671,/Users/alfred/Documents/GitHub/DDLS_project/code/get_bmrb_data/bmrb_nmrstar/bmse012671/bmse012671.str,no_1H_data_found,0,,,N-propan-2-ylcyclopropanamine,,,
bmse012672,/Users/alfred/Documents/GitHub/DDLS_project/code/get_bmrb_data/bmrb_nmrstar/bmse012672/bmse012672.str,no_1H_data_found,0,,,"N-methyl-1,3-thiazolidin-2-imine",,,
bmse012673,/Users/alfred/Documents/GitHub/DDLS_project/code/get_bmrb_data/bmrb_nmrstar/bmse012673/bmse012673.str,no_1H_data_found,0,,,1-propan-2-ylazetidin-3-ol,,,
bmse012674,/Users/alfred/Documents/GitHub/DDLS_project/code/get_bmrb_data/bmrb_nmrstar/bmse012674/bmse012674.str,no_1H_data_found,0,,,3-methoxy-3-methylazetidine,,,
bmse012675,/Users/alfred/Documents/GitHub/DDLS_project/code/get_bmrb_data/bmrb_nmrstar/bmse012675/bmse012675.str,no_1H_data_found,0,,,oxan-4-amine,,,
bmse012676,/Users/alfred/Documents/GitHub/DDLS_project/code/get_bmrb_data/bmrb_nmrstar/bmse012676/bmse012676.str,no_1H_data_found,0,,,3-methyl-1H-pyridazin-6-one,,,
bmse012677,/Users/alfred/Documents/GitHub/DDLS_project/code/get_bmrb_data/bmrb_nmrstar/bmse012677/bmse012677.str,no_1H_data_found,0,,,"2-imino-1,3-thiazolidin-4-one",,,
bmse012678,/Users/alfred/Documents/GitHub/DDLS_project/code/get_bmrb_data/bmrb_nmrstar/bmse012678/bmse012678.str,no_1H_data_found,0,,,1H-pyridazin-4-one,,,
bmse012679,/Users/alfred/Documents/GitHub/DDLS_project/code/get_bmrb_data/bmrb_nmrstar/bmse012679/bmse012679.str,no_1H_data_found,0,,,phenylmethanol,,,
bmse012680,/Users/alfred/Documents/GitHub/DDLS_project/code/get_bmrb_data/bmrb_nmrstar/bmse012680/bmse012680.str,no_1H_data_found,0,,,"3-methyl-4,5-dihydro-1H-pyridazin-6-one",,,
bmse012681,/Users/alfred/Documents/GitHub/DDLS_project/code/get_bmrb_data/bmrb_nmrstar/bmse012681/bmse012681.str,no_1H_data_found,0,,,5-methyl-1H-pyridin-2-one,,,
bmse500001,/Users/alfred/Documents/GitHub/DDLS_project/code/get_bmrb_data/bmrb_nmrstar/bmse500001/bmse500001.str,no_1H_data_found,0,,,Androstenedione,,,
bmst000001,/Users/alfred/Documents/GitHub/DDLS_project/code/get_bmrb_data/bmrb_nmrstar/bmst000001/bmst000001.str,no_1H_data_found,0,,,1-3-diaminopropane,,,
bmst000002,/Users/alfred/Documents/GitHub/DDLS_project/code/get_bmrb_data/bmrb_nmrstar/bmst000002/bmst000002.str,no_1H_data_found,0,,,2'-Deoxyguanosine,,,
bmst000007,/Users/alfred/Documents/GitHub/DDLS_project/code/get_bmrb_data/bmrb_nmrstar/bmst000007/bmst000007.str,no_1H_data_found,0,,,adenine,,,
bmst000008,/Users/alfred/Documents/GitHub/DDLS_project/code/get_bmrb_data/bmrb_nmrstar/bmst000008/bmst000008.str,no_1H_data_found,0,,,adenosine,,,
bmst000009,/Users/alfred/Documents/GitHub/DDLS_project/code/get_bmrb_data/bmrb_nmrstar/bmst000009/bmst000009.str,no_1H_data_found,0,,,adonitol,,,
bmst000010,/Users/alfred/Documents/GitHub/DDLS_project/code/get_bmrb_data/bmrb_nmrstar/bmst000010/bmst000010.str,no_1H_data_found,0,,,ADP,,,
bmst000019,/Users/alfred/Documents/GitHub/DDLS_project/code/get_bmrb_data/bmrb_nmrstar/bmst000019/bmst000019.str,no_1H_data_found,0,,,alpha-lactose,,,
bmst000022,/Users/alfred/Documents/GitHub/DDLS_project/code/get_bmrb_data/bmrb_nmrstar/bmst000022/bmst000022.str,no_1H_data_found,0,,,AMP,,,
bmst000023,/Users/alfred/Documents/GitHub/DDLS_project/code/get_bmrb_data/bmrb_nmrstar/bmst000023/bmst000023.str,no_1H_data_found,0,,,anthranilic acid,,,
bmst000033,/Users/alfred/Documents/GitHub/DDLS_project/code/get_bmrb_data/bmrb_nmrstar/bmst000033/bmst000033.str,no_1H_data_found,0,,,ATP,,,
bmst000039,/Users/alfred/Documents/GitHub/DDLS_project/code/get_bmrb_data/bmrb_nmrstar/bmst000039/bmst000039.str,no_1H_data_found,0,,,betaine,,,
bmst000051,/Users/alfred/Documents/GitHub/DDLS_project/code/get_bmrb_data/bmrb_nmrstar/bmst000051/bmst000051.str,no_1H_data_found,0,,,"1,5-Diaminopentane",,,
bmst000052,/Users/alfred/Documents/GitHub/DDLS_project/code/get_bmrb_data/bmrb_nmrstar/bmst000052/bmst000052.str,no_1H_data_found,0,,,cyclic AMP,,,
bmst000056,/Users/alfred/Documents/GitHub/DDLS_project/code/get_bmrb_data/bmrb_nmrstar/bmst000056/bmst000056.str,no_1H_data_found,0,,,chorismic acid,,,
bmst000057,/Users/alfred/Documents/GitHub/DDLS_project/code/get_bmrb_data/bmrb_nmrstar/bmst000057/bmst000057.str,no_1H_data_found,0,,,citrate,,,
bmst000058,/Users/alfred/Documents/GitHub/DDLS_project/code/get_bmrb_data/bmrb_nmrstar/bmst000058/bmst000058.str,no_1H_data_found,0,,,coumarin,,,
bmst000059,/Users/alfred/Documents/GitHub/DDLS_project/code/get_bmrb_data/bmrb_nmrstar/bmst000059/bmst000059.str,no_1H_data_found,0,,,creatine,,,
bmst000063,/Users/alfred/Documents/GitHub/DDLS_project/code/get_bmrb_data/bmrb_nmrstar/bmst000063/bmst000063.str,no_1H_data_found,0,,,"3,4-dehydro-d/L-proline",,,
bmst000074,/Users/alfred/Documents/GitHub/DDLS_project/code/get_bmrb_data/bmrb_nmrstar/bmst000074/bmst000074.str,no_1H_data_found,0,,,sodium fumarate,,,
bmst000076,/Users/alfred/Documents/GitHub/DDLS_project/code/get_bmrb_data/bmrb_nmrstar/bmst000076/bmst000076.str,no_1H_data_found,0,,,gluconic acid,,,
bmst000084,/Users/alfred/Documents/GitHub/DDLS_project/code/get_bmrb_data/bmrb_nmrstar/bmst000084/bmst000084.str,no_1H_data_found,0,,,glycine,,,
bmst000086,/Users/alfred/Documents/GitHub/DDLS_project/code/get_bmrb_data/bmrb_nmrstar/bmst000086/bmst000086.str,no_1H_data_found,0,,,guanine,,,
bmst000087,/Users/alfred/Documents/GitHub/DDLS_project/code/get_bmrb_data/bmrb_nmrstar/bmst000087/bmst000087.str,no_1H_data_found,0,,,guanosine,,,
bmst000089,/Users/alfred/Documents/GitHub/DDLS_project/code/get_bmrb_data/bmrb_nmrstar/bmst000089/bmst000089.str,no_1H_data_found,0,,,4-hydroxy-benzoic acid,,,
bmst000090,/Users/alfred/Documents/GitHub/DDLS_project/code/get_bmrb_data/bmrb_nmrstar/bmst000090/bmst000090.str,no_1H_data_found,0,,,4-Hydroxycinnamic acid,,,
bmst000091,/Users/alfred/Documents/GitHub/DDLS_project/code/get_bmrb_data/bmrb_nmrstar/bmst000091/bmst000091.str,no_1H_data_found,0,,,hypoxanthine,,,
bmst000092,/Users/alfred/Documents/GitHub/DDLS_project/code/get_bmrb_data/bmrb_nmrstar/bmst000092/bmst000092.str,no_1H_data_found,0,,,i-erythritol,,,
bmst000093,/Users/alfred/Documents/GitHub/DDLS_project/code/get_bmrb_data/bmrb_nmrstar/bmst000093/bmst000093.str,no_1H_data_found,0,,,imidazole,,,
bmst000094,/Users/alfred/Documents/GitHub/DDLS_project/code/get_bmrb_data/bmrb_nmrstar/bmst000094/bmst000094.str,no_1H_data_found,0,,,indole,,,
bmst000095,/Users/alfred/Documents/GitHub/DDLS_project/code/get_bmrb_data/bmrb_nmrstar/bmst000095/bmst000095.str,no_1H_data_found,0,,,inosine,,,
bmst000097,/Users/alfred/Documents/GitHub/DDLS_project/code/get_bmrb_data/bmrb_nmrstar/bmst000097/bmst000097.str,no_1H_data_found,0,,,L-citrulline,,,
bmst000098,/Users/alfred/Documents/GitHub/DDLS_project/code/get_bmrb_data/bmrb_nmrstar/bmst000098/bmst000098.str,no_1H_data_found,0,,,L-cystathionine,,,
bmst000101,/Users/alfred/Documents/GitHub/DDLS_project/code/get_bmrb_data/bmrb_nmrstar/bmst000101/bmst000101.str,no_1H_data_found,0,,,L-homoserine,,,
bmst000105,/Users/alfred/Documents/GitHub/DDLS_project/code/get_bmrb_data/bmrb_nmrstar/bmst000105/bmst000105.str,no_1H_data_found,0,,,meso-erythritol,,,
bmst000108,/Users/alfred/Documents/GitHub/DDLS_project/code/get_bmrb_data/bmrb_nmrstar/bmst000108/bmst000108.str,no_1H_data_found,0,,,muco-inositol,,,
bmst000109,/Users/alfred/Documents/GitHub/DDLS_project/code/get_bmrb_data/bmrb_nmrstar/bmst000109/bmst000109.str,no_1H_data_found,0,,,myo-inositol,,,
bmst000110,/Users/alfred/Documents/GitHub/DDLS_project/code/get_bmrb_data/bmrb_nmrstar/bmst000110/bmst000110.str,no_1H_data_found,0,,,N-Acetyl-D-mannosamine,,,
bmst000112,/Users/alfred/Documents/GitHub/DDLS_project/code/get_bmrb_data/bmrb_nmrstar/bmst000112/bmst000112.str,no_1H_data_found,0,,,NAD,,,
bmst000113,/Users/alfred/Documents/GitHub/DDLS_project/code/get_bmrb_data/bmrb_nmrstar/bmst000113/bmst000113.str,no_1H_data_found,0,,,NADH,,,
bmst000114,/Users/alfred/Documents/GitHub/DDLS_project/code/get_bmrb_data/bmrb_nmrstar/bmst000114/bmst000114.str,no_1H_data_found,0,,,NADPH,,,
bmst000115,/Users/alfred/Documents/GitHub/DDLS_project/code/get_bmrb_data/bmrb_nmrstar/bmst000115/bmst000115.str,no_1H_data_found,0,,,nicotinic acid,,,
bmst000117,/Users/alfred/Documents/GitHub/DDLS_project/code/get_bmrb_data/bmrb_nmrstar/bmst000117/bmst000117.str,no_1H_data_found,0,,,(+/-) nicotine,,,
bmst000119,/Users/alfred/Documents/GitHub/DDLS_project/code/get_bmrb_data/bmrb_nmrstar/bmst000119/bmst000119.str,no_1H_data_found,0,,,O-succinyl-L-homoserine,,,
bmst000123,/Users/alfred/Documents/GitHub/DDLS_project/code/get_bmrb_data/bmrb_nmrstar/bmst000123/bmst000123.str,no_1H_data_found,0,,,prephenic acid,,,
bmst000125,/Users/alfred/Documents/GitHub/DDLS_project/code/get_bmrb_data/bmrb_nmrstar/bmst000125/bmst000125.str,no_1H_data_found,0,,,"putrescine (1,4 diaminobutane)",,,
bmst000126,/Users/alfred/Documents/GitHub/DDLS_project/code/get_bmrb_data/bmrb_nmrstar/bmst000126/bmst000126.str,no_1H_data_found,0,,,pyridoxal,,,
bmst000127,/Users/alfred/Documents/GitHub/DDLS_project/code/get_bmrb_data/bmrb_nmrstar/bmst000127/bmst000127.str,no_1H_data_found,0,,,pyridoxal-5-phosphate,,,
bmst000131,/Users/alfred/Documents/GitHub/DDLS_project/code/get_bmrb_data/bmrb_nmrstar/bmst000131/bmst000131.str,no_1H_data_found,0,,,s-(5'-adenosyl)-L-methionine,,,
bmst000151,/Users/alfred/Documents/GitHub/DDLS_project/code/get_bmrb_data/bmrb_nmrstar/bmst000151/bmst000151.str,no_1H_data_found,0,,,xanthine,,,
bmst000154,/Users/alfred/Documents/GitHub/DDLS_project/code/get_bmrb_data/bmrb_nmrstar/bmst000154/bmst000154.str,no_1H_data_found,0,,,"1,3-Dimethylurea",,,
bmst000156,/Users/alfred/Documents/GitHub/DDLS_project/code/get_bmrb_data/bmrb_nmrstar/bmst000156/bmst000156.str,no_1H_data_found,0,,,"2-Amino-5-ethyl-1,3,4-thiadiazole",,,
bmst000158,/Users/alfred/Documents/GitHub/DDLS_project/code/get_bmrb_data/bmrb_nmrstar/bmst000158/bmst000158.str,no_1H_data_found,0,,,2'-Deoxyguanosine 5'-triphosphate,,,
bmst000159,/Users/alfred/Documents/GitHub/DDLS_project/code/get_bmrb_data/bmrb_nmrstar/bmst000159/bmst000159.str,no_1H_data_found,0,,,3-hydroxybutyrate,,,
bmst000160,/Users/alfred/Documents/GitHub/DDLS_project/code/get_bmrb_data/bmrb_nmrstar/bmst000160/bmst000160.str,no_1H_data_found,0,,,4-(2-Aminoethyl)morpholine,,,
bmst000161,/Users/alfred/Documents/GitHub/DDLS_project/code/get_bmrb_data/bmrb_nmrstar/bmst000161/bmst000161.str,no_1H_data_found,0,,,4-Aminoantipyrine,,,
bmst000162,/Users/alfred/Documents/GitHub/DDLS_project/code/get_bmrb_data/bmrb_nmrstar/bmst000162/bmst000162.str,no_1H_data_found,0,,,4-aminobenzoic acid,,,
bmst000163,/Users/alfred/Documents/GitHub/DDLS_project/code/get_bmrb_data/bmrb_nmrstar/bmst000163/bmst000163.str,no_1H_data_found,0,,,4-Hydroxyphenethyl alcohol,,,
bmst000164,/Users/alfred/Documents/GitHub/DDLS_project/code/get_bmrb_data/bmrb_nmrstar/bmst000164/bmst000164.str,no_1H_data_found,0,,,5-Acetylamido-2-chloroaniline,,,
bmst000165,/Users/alfred/Documents/GitHub/DDLS_project/code/get_bmrb_data/bmrb_nmrstar/bmst000165/bmst000165.str,no_1H_data_found,0,,,6-Phosphogluconic acid,,,
bmst000166,/Users/alfred/Documents/GitHub/DDLS_project/code/get_bmrb_data/bmrb_nmrstar/bmst000166/bmst000166.str,no_1H_data_found,0,,,N-(2-Acetamido)iminodiacetic acid,,,
bmst000167,/Users/alfred/Documents/GitHub/DDLS_project/code/get_bmrb_data/bmrb_nmrstar/bmst000167/bmst000167.str,no_1H_data_found,0,,,DL-alpha-Glycerol phosphate,,,
bmst000168,/Users/alfred/Documents/GitHub/DDLS_project/code/get_bmrb_data/bmrb_nmrstar/bmst000168/bmst000168.str,no_1H_data_found,0,,,DL-pipecolic acid,,,
bmst000169,/Users/alfred/Documents/GitHub/DDLS_project/code/get_bmrb_data/bmrb_nmrstar/bmst000169/bmst000169.str,no_1H_data_found,0,,,DL-Serine,,,
bmst000170,/Users/alfred/Documents/GitHub/DDLS_project/code/get_bmrb_data/bmrb_nmrstar/bmst000170/bmst000170.str,no_1H_data_found,0,,,D-(-)-3-phosphoglyceric acid,,,
bmst000171,/Users/alfred/Documents/GitHub/DDLS_project/code/get_bmrb_data/bmrb_nmrstar/bmst000171/bmst000171.str,no_1H_data_found,0,,,"D,L-Glyceraldehyde",,,
bmst000172,/Users/alfred/Documents/GitHub/DDLS_project/code/get_bmrb_data/bmrb_nmrstar/bmst000172/bmst000172.str,no_1H_data_found,0,,,D-Alanine,,,
bmst000173,/Users/alfred/Documents/GitHub/DDLS_project/code/get_bmrb_data/bmrb_nmrstar/bmst000173/bmst000173.str,no_1H_data_found,0,,,D-Carnitine,,,
bmst000174,/Users/alfred/Documents/GitHub/DDLS_project/code/get_bmrb_data/bmrb_nmrstar/bmst000174/bmst000174.str,no_1H_data_found,0,,,D-cellobiose,,,
bmst000175,/Users/alfred/Documents/GitHub/DDLS_project/code/get_bmrb_data/bmrb_nmrstar/bmst000175/bmst000175.str,no_1H_data_found,0,,,D-Citrulline,,,
bmst000177,/Users/alfred/Documents/GitHub/DDLS_project/code/get_bmrb_data/bmrb_nmrstar/bmst000177/bmst000177.str,no_1H_data_found,0,,,D-Galacturonic Acid,,,
bmst000178,/Users/alfred/Documents/GitHub/DDLS_project/code/get_bmrb_data/bmrb_nmrstar/bmst000178/bmst000178.str,no_1H_data_found,0,,,D-Glucosamine 6-phosphate,,,
bmst000180,/Users/alfred/Documents/GitHub/DDLS_project/code/get_bmrb_data/bmrb_nmrstar/bmst000180/bmst000180.str,no_1H_data_found,0,,,D-Ribose 5-phosphate,,,
bmst000182,/Users/alfred/Documents/GitHub/DDLS_project/code/get_bmrb_data/bmrb_nmrstar/bmst000182/bmst000182.str,no_1H_data_found,0,,,D-Saccharate,,,
bmst000183,/Users/alfred/Documents/GitHub/DDLS_project/code/get_bmrb_data/bmrb_nmrstar/bmst000183/bmst000183.str,no_1H_data_found,0,,,D-Xylonate,,,
bmst000184,/Users/alfred/Documents/GitHub/DDLS_project/code/get_bmrb_data/bmrb_nmrstar/bmst000184/bmst000184.str,no_1H_data_found,0,,,HEPES,,,
bmst000185,/Users/alfred/Documents/GitHub/DDLS_project/code/get_bmrb_data/bmrb_nmrstar/bmst000185/bmst000185.str,no_1H_data_found,0,,,(+)-Sodium L-ascorbate,,,
bmst000186,/Users/alfred/Documents/GitHub/DDLS_project/code/get_bmrb_data/bmrb_nmrstar/bmst000186/bmst000186.str,no_1H_data_found,0,,,L-Arginine L-Glutamate,,,
bmst000187,/Users/alfred/Documents/GitHub/DDLS_project/code/get_bmrb_data/bmrb_nmrstar/bmst000187/bmst000187.str,no_1H_data_found,0,,,L-carnosine,,,
bmst000188,/Users/alfred/Documents/GitHub/DDLS_project/code/get_bmrb_data/bmrb_nmrstar/bmst000188/bmst000188.str,no_1H_data_found,0,,,"L(-)-Glutathione, oxidized",,,
bmst000189,/Users/alfred/Documents/GitHub/DDLS_project/code/get_bmrb_data/bmrb_nmrstar/bmst000189/bmst000189.str,no_1H_data_found,0,,,L-Glutathione reduced,,,
bmst000190,/Users/alfred/Documents/GitHub/DDLS_project/code/get_bmrb_data/bmrb_nmrstar/bmst000190/bmst000190.str,no_1H_data_found,0,,,L-Gulonolactone,,,
bmst000191,/Users/alfred/Documents/GitHub/DDLS_project/code/get_bmrb_data/bmrb_nmrstar/bmst000191/bmst000191.str,no_1H_data_found,0,,,L-Kynurenine,,,
bmst000192,/Users/alfred/Documents/GitHub/DDLS_project/code/get_bmrb_data/bmrb_nmrstar/bmst000192/bmst000192.str,no_1H_data_found,0,,,L-(+) lactic acid,,,
bmst000194,/Users/alfred/Documents/GitHub/DDLS_project/code/get_bmrb_data/bmrb_nmrstar/bmst000194/bmst000194.str,no_1H_data_found,0,,,L-Ornithine,,,
bmst000195,/Users/alfred/Documents/GitHub/DDLS_project/code/get_bmrb_data/bmrb_nmrstar/bmst000195/bmst000195.str,no_1H_data_found,0,,,L(+)-Selenomethionine,,,
bmst000196,/Users/alfred/Documents/GitHub/DDLS_project/code/get_bmrb_data/bmrb_nmrstar/bmst000196/bmst000196.str,no_1H_data_found,0,,,L-Tartaric acid,,,
bmst000197,/Users/alfred/Documents/GitHub/DDLS_project/code/get_bmrb_data/bmrb_nmrstar/bmst000197/bmst000197.str,no_1H_data_found,0,,,"N,N-Dimethylglycine",,,
bmst000198,/Users/alfred/Documents/GitHub/DDLS_project/code/get_bmrb_data/bmrb_nmrstar/bmst000198/bmst000198.str,no_1H_data_found,0,,,N-acetyl-D-glucosamine,,,
bmst000199,/Users/alfred/Documents/GitHub/DDLS_project/code/get_bmrb_data/bmrb_nmrstar/bmst000199/bmst000199.str,no_1H_data_found,0,,,N-Acetyl-alpha-D-glucosamine 1-phosphate,,,
bmst000200,/Users/alfred/Documents/GitHub/DDLS_project/code/get_bmrb_data/bmrb_nmrstar/bmst000200/bmst000200.str,no_1H_data_found,0,,,N-Acetyl-D-glucosamine 6-phosphate,,,
bmst000201,/Users/alfred/Documents/GitHub/DDLS_project/code/get_bmrb_data/bmrb_nmrstar/bmst000201/bmst000201.str,no_1H_data_found,0,,,N-Acetyl-L-Alanine,,,
bmst000202,/Users/alfred/Documents/GitHub/DDLS_project/code/get_bmrb_data/bmrb_nmrstar/bmst000202/bmst000202.str,no_1H_data_found,0,,,N-acetyl-L-Glutamine,,,
bmst000203,/Users/alfred/Documents/GitHub/DDLS_project/code/get_bmrb_data/bmrb_nmrstar/bmst000203/bmst000203.str,no_1H_data_found,0,,,N(alpha)-Acetyl-DL-Ornithine,,,
bmst000204,/Users/alfred/Documents/GitHub/DDLS_project/code/get_bmrb_data/bmrb_nmrstar/bmst000204/bmst000204.str,no_1H_data_found,0,,,Acetic Acid,,,
bmst000206,/Users/alfred/Documents/GitHub/DDLS_project/code/get_bmrb_data/bmrb_nmrstar/bmst000206/bmst000206.str,no_1H_data_found,0,,,(+-)-Acetylcarnitine,,,
bmst000208,/Users/alfred/Documents/GitHub/DDLS_project/code/get_bmrb_data/bmrb_nmrstar/bmst000208/bmst000208.str,no_1H_data_found,0,,,(1-amino-1-phenylmethyl)phosphonic acid,,,
bmst000209,/Users/alfred/Documents/GitHub/DDLS_project/code/get_bmrb_data/bmrb_nmrstar/bmst000209/bmst000209.str,no_1H_data_found,0,,,3-(4-Hydroxyphenyl)pyruvate,,,
bmst000210,/Users/alfred/Documents/GitHub/DDLS_project/code/get_bmrb_data/bmrb_nmrstar/bmst000210/bmst000210.str,no_1H_data_found,0,,,4-Hydroxybenzaldehyde,,,
bmst000211,/Users/alfred/Documents/GitHub/DDLS_project/code/get_bmrb_data/bmrb_nmrstar/bmst000211/bmst000211.str,no_1H_data_found,0,,,4-Nitrocatechol,,,
bmst000212,/Users/alfred/Documents/GitHub/DDLS_project/code/get_bmrb_data/bmrb_nmrstar/bmst000212/bmst000212.str,no_1H_data_found,0,,,4-Nitrophenyl phosphate,,,
bmst000213,/Users/alfred/Documents/GitHub/DDLS_project/code/get_bmrb_data/bmrb_nmrstar/bmst000213/bmst000213.str,no_1H_data_found,0,,,4-Nitrophenol,,,
bmst000214,/Users/alfred/Documents/GitHub/DDLS_project/code/get_bmrb_data/bmrb_nmrstar/bmst000214/bmst000214.str,no_1H_data_found,0,,,5-(acetylamino)-2-nitrobenzoic acid,,,
bmst000215,/Users/alfred/Documents/GitHub/DDLS_project/code/get_bmrb_data/bmrb_nmrstar/bmst000215/bmst000215.str,no_1H_data_found,0,,,Acetophenone,,,
bmst000216,/Users/alfred/Documents/GitHub/DDLS_project/code/get_bmrb_data/bmrb_nmrstar/bmst000216/bmst000216.str,no_1H_data_found,0,,,Acetyl phosphate,,,
bmst000217,/Users/alfred/Documents/GitHub/DDLS_project/code/get_bmrb_data/bmrb_nmrstar/bmst000217/bmst000217.str,no_1H_data_found,0,,,Benzoate,,,
bmst000218,/Users/alfred/Documents/GitHub/DDLS_project/code/get_bmrb_data/bmrb_nmrstar/bmst000218/bmst000218.str,no_1H_data_found,0,,,Benzonitrile,,,
bmst000219,/Users/alfred/Documents/GitHub/DDLS_project/code/get_bmrb_data/bmrb_nmrstar/bmst000219/bmst000219.str,no_1H_data_found,0,,,CDP,,,
bmst000220,/Users/alfred/Documents/GitHub/DDLS_project/code/get_bmrb_data/bmrb_nmrstar/bmst000220/bmst000220.str,no_1H_data_found,0,,,CTP,,,
bmst000221,/Users/alfred/Documents/GitHub/DDLS_project/code/get_bmrb_data/bmrb_nmrstar/bmst000221/bmst000221.str,no_1H_data_found,0,,,Choline,,,
bmst000222,/Users/alfred/Documents/GitHub/DDLS_project/code/get_bmrb_data/bmrb_nmrstar/bmst000222/bmst000222.str,no_1H_data_found,0,,,CoA,,,
bmst000223,/Users/alfred/Documents/GitHub/DDLS_project/code/get_bmrb_data/bmrb_nmrstar/bmst000223/bmst000223.str,no_1H_data_found,0,,,Alanine,,,
bmst000224,/Users/alfred/Documents/GitHub/DDLS_project/code/get_bmrb_data/bmrb_nmrstar/bmst000224/bmst000224.str,no_1H_data_found,0,,,D-Aspartate,,,
bmst000225,/Users/alfred/Documents/GitHub/DDLS_project/code/get_bmrb_data/bmrb_nmrstar/bmst000225/bmst000225.str,no_1H_data_found,0,,,D-Fructose 1-phosphate,,,
bmst000226,/Users/alfred/Documents/GitHub/DDLS_project/code/get_bmrb_data/bmrb_nmrstar/bmst000226/bmst000226.str,no_1H_data_found,0,,,"D-Fructose 2,6-bisphosphate",,,
bmst000227,/Users/alfred/Documents/GitHub/DDLS_project/code/get_bmrb_data/bmrb_nmrstar/bmst000227/bmst000227.str,no_1H_data_found,0,,,D-Glyceraldehyde,,,
bmst000228,/Users/alfred/Documents/GitHub/DDLS_project/code/get_bmrb_data/bmrb_nmrstar/bmst000228/bmst000228.str,no_1H_data_found,0,,,D-Ribulose 5-phosphate,,,
bmst000229,/Users/alfred/Documents/GitHub/DDLS_project/code/get_bmrb_data/bmrb_nmrstar/bmst000229/bmst000229.str,no_1H_data_found,0,,,Caffeine,,,
bmst000230,/Users/alfred/Documents/GitHub/DDLS_project/code/get_bmrb_data/bmrb_nmrstar/bmst000230/bmst000230.str,no_1H_data_found,0,,,UDPglucuronate,,,
bmst000231,/Users/alfred/Documents/GitHub/DDLS_project/code/get_bmrb_data/bmrb_nmrstar/bmst000231/bmst000231.str,no_1H_data_found,0,,,dADP,,,
bmst000232,/Users/alfred/Documents/GitHub/DDLS_project/code/get_bmrb_data/bmrb_nmrstar/bmst000232/bmst000232.str,no_1H_data_found,0,,,dTMP,,,
bmst000233,/Users/alfred/Documents/GitHub/DDLS_project/code/get_bmrb_data/bmrb_nmrstar/bmst000233/bmst000233.str,no_1H_data_found,0,,,FMN,,,
bmst000234,/Users/alfred/Documents/GitHub/DDLS_project/code/get_bmrb_data/bmrb_nmrstar/bmst000234/bmst000234.str,no_1H_data_found,0,,,UDP,,,
bmst000235,/Users/alfred/Documents/GitHub/DDLS_project/code/get_bmrb_data/bmrb_nmrstar/bmst000235/bmst000235.str,no_1H_data_found,0,,,dAMP,,,
bmst000236,/Users/alfred/Documents/GitHub/DDLS_project/code/get_bmrb_data/bmrb_nmrstar/bmst000236/bmst000236.str,no_1H_data_found,0,,,Uridine,,,
bmst000237,/Users/alfred/Documents/GitHub/DDLS_project/code/get_bmrb_data/bmrb_nmrstar/bmst000237/bmst000237.str,no_1H_data_found,0,,,Cytidine,,,
bmst000238,/Users/alfred/Documents/GitHub/DDLS_project/code/get_bmrb_data/bmrb_nmrstar/bmst000238/bmst000238.str,no_1H_data_found,0,,,Uracil,,,
bmst000239,/Users/alfred/Documents/GitHub/DDLS_project/code/get_bmrb_data/bmrb_nmrstar/bmst000239/bmst000239.str,no_1H_data_found,0,,,UTP,,,
bmst000241,/Users/alfred/Documents/GitHub/DDLS_project/code/get_bmrb_data/bmrb_nmrstar/bmst000241/bmst000241.str,no_1H_data_found,0,,,Uridine 5'-Diphospho-N-Acetlyglucosamine,,,
bmst000242,/Users/alfred/Documents/GitHub/DDLS_project/code/get_bmrb_data/bmrb_nmrstar/bmst000242/bmst000242.str,no_1H_data_found,0,,,Thiamin,,,
bmst000243,/Users/alfred/Documents/GitHub/DDLS_project/code/get_bmrb_data/bmrb_nmrstar/bmst000243/bmst000243.str,no_1H_data_found,0,,,Cytosine,,,
bmst000244,/Users/alfred/Documents/GitHub/DDLS_project/code/get_bmrb_data/bmrb_nmrstar/bmst000244/bmst000244.str,no_1H_data_found,0,,,UMP,,,
bmst000245,/Users/alfred/Documents/GitHub/DDLS_project/code/get_bmrb_data/bmrb_nmrstar/bmst000245/bmst000245.str,no_1H_data_found,0,,,Inosine 5'-monophosphate,,,
bmst000246,/Users/alfred/Documents/GitHub/DDLS_project/code/get_bmrb_data/bmrb_nmrstar/bmst000246/bmst000246.str,no_1H_data_found,0,,,D-Glucuronate,,,
bmst000247,/Users/alfred/Documents/GitHub/DDLS_project/code/get_bmrb_data/bmrb_nmrstar/bmst000247/bmst000247.str,no_1H_data_found,0,,,D-Glucuronate,,,
bmst000248,/Users/alfred/Documents/GitHub/DDLS_project/code/get_bmrb_data/bmrb_nmrstar/bmst000248/bmst000248.str,no_1H_data_found,0,,,L-valine,,,
bmst000249,/Users/alfred/Documents/GitHub/DDLS_project/code/get_bmrb_data/bmrb_nmrstar/bmst000249/bmst000249.str,no_1H_data_found,0,,,L-tyrosine,,,
bmst000250,/Users/alfred/Documents/GitHub/DDLS_project/code/get_bmrb_data/bmrb_nmrstar/bmst000250/bmst000250.str,no_1H_data_found,0,,,L-tryptophan,,,
bmst000251,/Users/alfred/Documents/GitHub/DDLS_project/code/get_bmrb_data/bmrb_nmrstar/bmst000251/bmst000251.str,no_1H_data_found,0,,,L-threonine,,,
bmst000252,/Users/alfred/Documents/GitHub/DDLS_project/code/get_bmrb_data/bmrb_nmrstar/bmst000252/bmst000252.str,no_1H_data_found,0,,,L-(-)-threitol,,,
bmst000253,/Users/alfred/Documents/GitHub/DDLS_project/code/get_bmrb_data/bmrb_nmrstar/bmst000253/bmst000253.str,no_1H_data_found,0,,,L-serine,,,
bmst000254,/Users/alfred/Documents/GitHub/DDLS_project/code/get_bmrb_data/bmrb_nmrstar/bmst000254/bmst000254.str,no_1H_data_found,0,,,L-proline,,,
bmst000255,/Users/alfred/Documents/GitHub/DDLS_project/code/get_bmrb_data/bmrb_nmrstar/bmst000255/bmst000255.str,no_1H_data_found,0,,,L-phenylalanine,,,
bmst000256,/Users/alfred/Documents/GitHub/DDLS_project/code/get_bmrb_data/bmrb_nmrstar/bmst000256/bmst000256.str,no_1H_data_found,0,,,L-methionine,,,
bmst000257,/Users/alfred/Documents/GitHub/DDLS_project/code/get_bmrb_data/bmrb_nmrstar/bmst000257/bmst000257.str,no_1H_data_found,0,,,L-malic acid,,,
bmst000258,/Users/alfred/Documents/GitHub/DDLS_project/code/get_bmrb_data/bmrb_nmrstar/bmst000258/bmst000258.str,no_1H_data_found,0,,,L-lysine,,,
bmst000259,/Users/alfred/Documents/GitHub/DDLS_project/code/get_bmrb_data/bmrb_nmrstar/bmst000259/bmst000259.str,no_1H_data_found,0,,,L-leucine,,,
bmst000260,/Users/alfred/Documents/GitHub/DDLS_project/code/get_bmrb_data/bmrb_nmrstar/bmst000260/bmst000260.str,no_1H_data_found,0,,,L-isoleucine,,,
bmst000261,/Users/alfred/Documents/GitHub/DDLS_project/code/get_bmrb_data/bmrb_nmrstar/bmst000261/bmst000261.str,no_1H_data_found,0,,,L-histidine,,,
bmst000262,/Users/alfred/Documents/GitHub/DDLS_project/code/get_bmrb_data/bmrb_nmrstar/bmst000262/bmst000262.str,no_1H_data_found,0,,,L-glutamine,,,
bmst000263,/Users/alfred/Documents/GitHub/DDLS_project/code/get_bmrb_data/bmrb_nmrstar/bmst000263/bmst000263.str,no_1H_data_found,0,,,L-glutamic acid,,,
bmst000264,/Users/alfred/Documents/GitHub/DDLS_project/code/get_bmrb_data/bmrb_nmrstar/bmst000264/bmst000264.str,no_1H_data_found,0,,,L-cystine,,,
bmst000265,/Users/alfred/Documents/GitHub/DDLS_project/code/get_bmrb_data/bmrb_nmrstar/bmst000265/bmst000265.str,no_1H_data_found,0,,,L-cysteine,,,
bmst000266,/Users/alfred/Documents/GitHub/DDLS_project/code/get_bmrb_data/bmrb_nmrstar/bmst000266/bmst000266.str,no_1H_data_found,0,,,L(-)-Carnitine,,,
bmst000267,/Users/alfred/Documents/GitHub/DDLS_project/code/get_bmrb_data/bmrb_nmrstar/bmst000267/bmst000267.str,no_1H_data_found,0,,,L-Canavanine,,,
bmst000268,/Users/alfred/Documents/GitHub/DDLS_project/code/get_bmrb_data/bmrb_nmrstar/bmst000268/bmst000268.str,no_1H_data_found,0,,,L-aspartic acid,,,
bmst000269,/Users/alfred/Documents/GitHub/DDLS_project/code/get_bmrb_data/bmrb_nmrstar/bmst000269/bmst000269.str,no_1H_data_found,0,,,L-asparagine,,,
bmst000270,/Users/alfred/Documents/GitHub/DDLS_project/code/get_bmrb_data/bmrb_nmrstar/bmst000270/bmst000270.str,no_1H_data_found,0,,,L-arginine,,,
bmst000271,/Users/alfred/Documents/GitHub/DDLS_project/code/get_bmrb_data/bmrb_nmrstar/bmst000271/bmst000271.str,no_1H_data_found,0,,,L-(-) arabitol,,,
bmst000272,/Users/alfred/Documents/GitHub/DDLS_project/code/get_bmrb_data/bmrb_nmrstar/bmst000272/bmst000272.str,no_1H_data_found,0,,,L-alanine,,,
bmst000273,/Users/alfred/Documents/GitHub/DDLS_project/code/get_bmrb_data/bmrb_nmrstar/bmst000273/bmst000273.str,no_1H_data_found,0,,,ITP,,,
bmst000274,/Users/alfred/Documents/GitHub/DDLS_project/code/get_bmrb_data/bmrb_nmrstar/bmst000274/bmst000274.str,no_1H_data_found,0,,,Hydroquinone,,,
bmst000275,/Users/alfred/Documents/GitHub/DDLS_project/code/get_bmrb_data/bmrb_nmrstar/bmst000275/bmst000275.str,no_1H_data_found,0,,,Methanol,,,
bmst000276,/Users/alfred/Documents/GitHub/DDLS_project/code/get_bmrb_data/bmrb_nmrstar/bmst000276/bmst000276.str,no_1H_data_found,0,,,N-Acetylneuraminic acid,,,
bmst000277,/Users/alfred/Documents/GitHub/DDLS_project/code/get_bmrb_data/bmrb_nmrstar/bmst000277/bmst000277.str,no_1H_data_found,0,,,Nicotinamide,,,
bmst000278,/Users/alfred/Documents/GitHub/DDLS_project/code/get_bmrb_data/bmrb_nmrstar/bmst000278/bmst000278.str,no_1H_data_found,0,,,Orotate,,,
bmst000279,/Users/alfred/Documents/GitHub/DDLS_project/code/get_bmrb_data/bmrb_nmrstar/bmst000279/bmst000279.str,no_1H_data_found,0,,,Oxalosuccinate,,,
bmst000280,/Users/alfred/Documents/GitHub/DDLS_project/code/get_bmrb_data/bmrb_nmrstar/bmst000280/bmst000280.str,no_1H_data_found,0,,,Pantothenate,,,
bmst000281,/Users/alfred/Documents/GitHub/DDLS_project/code/get_bmrb_data/bmrb_nmrstar/bmst000281/bmst000281.str,no_1H_data_found,0,,,Phenol,,,
bmst000282,/Users/alfred/Documents/GitHub/DDLS_project/code/get_bmrb_data/bmrb_nmrstar/bmst000282/bmst000282.str,no_1H_data_found,0,,,Pyridoxine,,,
bmst000283,/Users/alfred/Documents/GitHub/DDLS_project/code/get_bmrb_data/bmrb_nmrstar/bmst000283/bmst000283.str,no_1H_data_found,0,,,(R)-Lactate,,,
bmst000284,/Users/alfred/Documents/GitHub/DDLS_project/code/get_bmrb_data/bmrb_nmrstar/bmst000284/bmst000284.str,no_1H_data_found,0,,,S-Adenosyl-L-homocysteine,,,
bmst000285,/Users/alfred/Documents/GitHub/DDLS_project/code/get_bmrb_data/bmrb_nmrstar/bmst000285/bmst000285.str,no_1H_data_found,0,,,s-(5'-adenosyl)-L-methionine,,,
bmst000286,/Users/alfred/Documents/GitHub/DDLS_project/code/get_bmrb_data/bmrb_nmrstar/bmst000286/bmst000286.str,no_1H_data_found,0,,,Salicylate,,,
bmst000287,/Users/alfred/Documents/GitHub/DDLS_project/code/get_bmrb_data/bmrb_nmrstar/bmst000287/bmst000287.str,no_1H_data_found,0,,,Selenomethionine,,,
bmst000288,/Users/alfred/Documents/GitHub/DDLS_project/code/get_bmrb_data/bmrb_nmrstar/bmst000288/bmst000288.str,no_1H_data_found,0,,,Thiamin,,,
bmst000289,/Users/alfred/Documents/GitHub/DDLS_project/code/get_bmrb_data/bmrb_nmrstar/bmst000289/bmst000289.str,no_1H_data_found,0,,,UDP,,,
bmst000290,/Users/alfred/Documents/GitHub/DDLS_project/code/get_bmrb_data/bmrb_nmrstar/bmst000290/bmst000290.str,no_1H_data_found,0,,,UDPglucuronate,,,
bmst000291,/Users/alfred/Documents/GitHub/DDLS_project/code/get_bmrb_data/bmrb_nmrstar/bmst000291/bmst000291.str,no_1H_data_found,0,,,UMP,,,
bmst000292,/Users/alfred/Documents/GitHub/DDLS_project/code/get_bmrb_data/bmrb_nmrstar/bmst000292/bmst000292.str,no_1H_data_found,0,,,UTP,,,
bmst000293,/Users/alfred/Documents/GitHub/DDLS_project/code/get_bmrb_data/bmrb_nmrstar/bmst000293/bmst000293.str,no_1H_data_found,0,,,Urocanate,,,
bmst000294,/Users/alfred/Documents/GitHub/DDLS_project/code/get_bmrb_data/bmrb_nmrstar/bmst000294/bmst000294.str,no_1H_data_found,0,,,agmatine,,,
bmst000295,/Users/alfred/Documents/GitHub/DDLS_project/code/get_bmrb_data/bmrb_nmrstar/bmst000295/bmst000295.str,no_1H_data_found,0,,,alpha-D-Galactose 1-phosphate,,,
bmst000296,/Users/alfred/Documents/GitHub/DDLS_project/code/get_bmrb_data/bmrb_nmrstar/bmst000296/bmst000296.str,no_1H_data_found,0,,,"alpha-D-Glucose 1,6-bisphosphate",,,
bmst000297,/Users/alfred/Documents/GitHub/DDLS_project/code/get_bmrb_data/bmrb_nmrstar/bmst000297/bmst000297.str,no_1H_data_found,0,,,alpha-d-glucose-1-phosphate,,,
bmst000298,/Users/alfred/Documents/GitHub/DDLS_project/code/get_bmrb_data/bmrb_nmrstar/bmst000298/bmst000298.str,no_1H_data_found,0,,,alpha-ketoglutaric acid,,,
bmst000299,/Users/alfred/Documents/GitHub/DDLS_project/code/get_bmrb_data/bmrb_nmrstar/bmst000299/bmst000299.str,no_1H_data_found,0,,,alpha-naphthoic acid,,,
bmst000300,/Users/alfred/Documents/GitHub/DDLS_project/code/get_bmrb_data/bmrb_nmrstar/bmst000300/bmst000300.str,no_1H_data_found,0,,,Amygdalin,,,
bmst000301,/Users/alfred/Documents/GitHub/DDLS_project/code/get_bmrb_data/bmrb_nmrstar/bmst000301/bmst000301.str,no_1H_data_found,0,,,beta-alanine,,,
bmst000302,/Users/alfred/Documents/GitHub/DDLS_project/code/get_bmrb_data/bmrb_nmrstar/bmst000302/bmst000302.str,no_1H_data_found,0,,,Betaine aldehyde,,,
bmst000303,/Users/alfred/Documents/GitHub/DDLS_project/code/get_bmrb_data/bmrb_nmrstar/bmst000303/bmst000303.str,no_1H_data_found,0,,,(+)-Biotin,,,
bmst000304,/Users/alfred/Documents/GitHub/DDLS_project/code/get_bmrb_data/bmrb_nmrstar/bmst000304/bmst000304.str,no_1H_data_found,0,,,citraconic acid,,,
bmst000305,/Users/alfred/Documents/GitHub/DDLS_project/code/get_bmrb_data/bmrb_nmrstar/bmst000305/bmst000305.str,no_1H_data_found,0,,,creatine phosphate,,,
bmst000306,/Users/alfred/Documents/GitHub/DDLS_project/code/get_bmrb_data/bmrb_nmrstar/bmst000306/bmst000306.str,no_1H_data_found,0,,,Creatinine,,,
bmst000307,/Users/alfred/Documents/GitHub/DDLS_project/code/get_bmrb_data/bmrb_nmrstar/bmst000307/bmst000307.str,no_1H_data_found,0,,,cyanuric acid,,,
bmst000308,/Users/alfred/Documents/GitHub/DDLS_project/code/get_bmrb_data/bmrb_nmrstar/bmst000308/bmst000308.str,no_1H_data_found,0,,,Diethyl oxalacetate,,,
bmst000309,/Users/alfred/Documents/GitHub/DDLS_project/code/get_bmrb_data/bmrb_nmrstar/bmst000309/bmst000309.str,no_1H_data_found,0,,,Dihydroxyacetone,,,
bmst000310,/Users/alfred/Documents/GitHub/DDLS_project/code/get_bmrb_data/bmrb_nmrstar/bmst000310/bmst000310.str,no_1H_data_found,0,,,ethacrynic acid,,,
bmst000311,/Users/alfred/Documents/GitHub/DDLS_project/code/get_bmrb_data/bmrb_nmrstar/bmst000311/bmst000311.str,no_1H_data_found,0,,,Sodium Formate,,,
bmst000312,/Users/alfred/Documents/GitHub/DDLS_project/code/get_bmrb_data/bmrb_nmrstar/bmst000312/bmst000312.str,no_1H_data_found,0,,,"D-Galactono-1,4-lactone",,,
bmst000313,/Users/alfred/Documents/GitHub/DDLS_project/code/get_bmrb_data/bmrb_nmrstar/bmst000313/bmst000313.str,no_1H_data_found,0,,,Glycerol,,,
bmst000314,/Users/alfred/Documents/GitHub/DDLS_project/code/get_bmrb_data/bmrb_nmrstar/bmst000314/bmst000314.str,no_1H_data_found,0,,,Glycogen,,,
bmst000315,/Users/alfred/Documents/GitHub/DDLS_project/code/get_bmrb_data/bmrb_nmrstar/bmst000315/bmst000315.str,no_1H_data_found,0,,,Sodium glycolate,,,
bmst000316,/Users/alfred/Documents/GitHub/DDLS_project/code/get_bmrb_data/bmrb_nmrstar/bmst000316/bmst000316.str,no_1H_data_found,0,,,homogentisic acid,,,
bmst000317,/Users/alfred/Documents/GitHub/DDLS_project/code/get_bmrb_data/bmrb_nmrstar/bmst000317/bmst000317.str,no_1H_data_found,0,,,homovanillic acid,,,
bmst000318,/Users/alfred/Documents/GitHub/DDLS_project/code/get_bmrb_data/bmrb_nmrstar/bmst000318/bmst000318.str,no_1H_data_found,0,,,Indole-3-Acetic Acid,,,
bmst000319,/Users/alfred/Documents/GitHub/DDLS_project/code/get_bmrb_data/bmrb_nmrstar/bmst000319/bmst000319.str,no_1H_data_found,0,,,Isethionic acid,,,
bmst000320,/Users/alfred/Documents/GitHub/DDLS_project/code/get_bmrb_data/bmrb_nmrstar/bmst000320/bmst000320.str,no_1H_data_found,0,,,isonicotinic acid,,,
bmst000321,/Users/alfred/Documents/GitHub/DDLS_project/code/get_bmrb_data/bmrb_nmrstar/bmst000321/bmst000321.str,no_1H_data_found,0,,,itaconic acid,,,
bmst000322,/Users/alfred/Documents/GitHub/DDLS_project/code/get_bmrb_data/bmrb_nmrstar/bmst000322/bmst000322.str,no_1H_data_found,0,,,Kanamycin,,,
bmst000323,/Users/alfred/Documents/GitHub/DDLS_project/code/get_bmrb_data/bmrb_nmrstar/bmst000323/bmst000323.str,no_1H_data_found,0,,,Maleic Acid,,,
bmst000324,/Users/alfred/Documents/GitHub/DDLS_project/code/get_bmrb_data/bmrb_nmrstar/bmst000324/bmst000324.str,no_1H_data_found,0,,,malic_acid,,,
bmst000325,/Users/alfred/Documents/GitHub/DDLS_project/code/get_bmrb_data/bmrb_nmrstar/bmst000325/bmst000325.str,no_1H_data_found,0,,,alpha-D (+) Melibiose,,,
bmst000326,/Users/alfred/Documents/GitHub/DDLS_project/code/get_bmrb_data/bmrb_nmrstar/bmst000326/bmst000326.str,no_1H_data_found,0,,,Methyl 4-aminobutyrate,,,
bmst000327,/Users/alfred/Documents/GitHub/DDLS_project/code/get_bmrb_data/bmrb_nmrstar/bmst000327/bmst000327.str,no_1H_data_found,0,,,Methyl N-acetyl-alpha-D-glucosaminide,,,
bmst000328,/Users/alfred/Documents/GitHub/DDLS_project/code/get_bmrb_data/bmrb_nmrstar/bmst000328/bmst000328.str,no_1H_data_found,0,,,3-methyl-2-oxobutinoic acid,,,
bmst000329,/Users/alfred/Documents/GitHub/DDLS_project/code/get_bmrb_data/bmrb_nmrstar/bmst000329/bmst000329.str,no_1H_data_found,0,,,oxalate,,,
bmst000330,/Users/alfred/Documents/GitHub/DDLS_project/code/get_bmrb_data/bmrb_nmrstar/bmst000330/bmst000330.str,no_1H_data_found,0,,,phenylacetic acid,,,
bmst000332,/Users/alfred/Documents/GitHub/DDLS_project/code/get_bmrb_data/bmrb_nmrstar/bmst000332/bmst000332.str,no_1H_data_found,0,,,phosphoenolpyruvic acid,,,
bmst000333,/Users/alfred/Documents/GitHub/DDLS_project/code/get_bmrb_data/bmrb_nmrstar/bmst000333/bmst000333.str,no_1H_data_found,0,,,Polygalacturonic acid,,,
bmst000334,/Users/alfred/Documents/GitHub/DDLS_project/code/get_bmrb_data/bmrb_nmrstar/bmst000334/bmst000334.str,no_1H_data_found,0,,,Propionic acid,,,
